,graph,nlConfigID,paramConfigID,maxSettlingTime,nlConfigString,paramConfigString
0,P3,0,0,20,"[D0, D1, D2, O, D3]","[L1, L2, ECU1, ECU2, ECU3, ECU4]"
1,P3,0,1,2010,"[D0, D1, D2, O, D3]","[L1, L2, ECU1, ECU2, ECU4, ECU3]"
2,P3,0,2,20,"[D0, D1, D2, O, D3]","[L1, L2, ECU1, ECU3, ECU2, ECU4]"
3,P3,0,3,2010,"[D0, D1, D2, O, D3]","[L1, L2, ECU1, ECU3, ECU4, ECU2]"
4,P3,0,4,2010,"[D0, D1, D2, O, D3]","[L1, L2, ECU1, ECU4, ECU2, ECU3]"
5,P3,0,5,2010,"[D0, D1, D2, O, D3]","[L1, L2, ECU1, ECU4, ECU3, ECU2]"
6,P3,0,6,1968,"[D0, D1, D2, O, D3]","[L1, L2, ECU2, ECU1, ECU3, ECU4]"
7,P3,0,7,26876,"[D0, D1, D2, O, D3]","[L1, L2, ECU2, ECU1, ECU4, ECU3]"
8,P3,0,8,1965,"[D0, D1, D2, O, D3]","[L1, L2, ECU2, ECU3, ECU1, ECU4]"
9,P3,0,9,11,"[D0, D1, D2, O, D3]","[L1, L2, ECU2, ECU3, ECU4, ECU1]"
10,P3,0,10,57,"[D0, D1, D2, O, D3]","[L1, L2, ECU2, ECU4, ECU1, ECU3]"
11,P3,0,11,11,"[D0, D1, D2, O, D3]","[L1, L2, ECU2, ECU4, ECU3, ECU1]"
12,P3,0,12,1965,"[D0, D1, D2, O, D3]","[L1, L2, ECU3, ECU1, ECU2, ECU4]"
13,P3,0,13,57,"[D0, D1, D2, O, D3]","[L1, L2, ECU3, ECU1, ECU4, ECU2]"
14,P3,0,14,1965,"[D0, D1, D2, O, D3]","[L1, L2, ECU3, ECU2, ECU1, ECU4]"
15,P3,0,15,11,"[D0, D1, D2, O, D3]","[L1, L2, ECU3, ECU2, ECU4, ECU1]"
16,P3,0,16,57,"[D0, D1, D2, O, D3]","[L1, L2, ECU3, ECU4, ECU1, ECU2]"
17,P3,0,17,11,"[D0, D1, D2, O, D3]","[L1, L2, ECU3, ECU4, ECU2, ECU1]"
18,P3,0,18,16,"[D0, D1, D2, O, D3]","[L1, L2, ECU4, ECU1, ECU2, ECU3]"
19,P3,0,19,16,"[D0, D1, D2, O, D3]","[L1, L2, ECU4, ECU1, ECU3, ECU2]"
20,P3,0,20,16,"[D0, D1, D2, O, D3]","[L1, L2, ECU4, ECU2, ECU1, ECU3]"
21,P3,0,21,11,"[D0, D1, D2, O, D3]","[L1, L2, ECU4, ECU2, ECU3, ECU1]"
22,P3,0,22,16,"[D0, D1, D2, O, D3]","[L1, L2, ECU4, ECU3, ECU1, ECU2]"
23,P3,0,23,11,"[D0, D1, D2, O, D3]","[L1, L2, ECU4, ECU3, ECU2, ECU1]"
24,P3,0,24,18,"[D0, D1, D2, O, D3]","[L1, L3, ECU1, ECU2, ECU3, ECU4]"
25,P3,0,25,18,"[D0, D1, D2, O, D3]","[L1, L3, ECU1, ECU2, ECU4, ECU3]"
26,P3,0,26,18,"[D0, D1, D2, O, D3]","[L1, L3, ECU1, ECU3, ECU2, ECU4]"
27,P3,0,27,18,"[D0, D1, D2, O, D3]","[L1, L3, ECU1, ECU3, ECU4, ECU2]"
28,P3,0,28,18,"[D0, D1, D2, O, D3]","[L1, L3, ECU1, ECU4, ECU2, ECU3]"
29,P3,0,29,18,"[D0, D1, D2, O, D3]","[L1, L3, ECU1, ECU4, ECU3, ECU2]"
30,P3,0,30,1965,"[D0, D1, D2, O, D3]","[L1, L3, ECU2, ECU1, ECU3, ECU4]"
31,P3,0,31,57,"[D0, D1, D2, O, D3]","[L1, L3, ECU2, ECU1, ECU4, ECU3]"
32,P3,0,32,1965,"[D0, D1, D2, O, D3]","[L1, L3, ECU2, ECU3, ECU1, ECU4]"
33,P3,0,33,11,"[D0, D1, D2, O, D3]","[L1, L3, ECU2, ECU3, ECU4, ECU1]"
34,P3,0,34,57,"[D0, D1, D2, O, D3]","[L1, L3, ECU2, ECU4, ECU1, ECU3]"
35,P3,0,35,11,"[D0, D1, D2, O, D3]","[L1, L3, ECU2, ECU4, ECU3, ECU1]"
36,P3,0,36,1965,"[D0, D1, D2, O, D3]","[L1, L3, ECU3, ECU1, ECU2, ECU4]"
37,P3,0,37,57,"[D0, D1, D2, O, D3]","[L1, L3, ECU3, ECU1, ECU4, ECU2]"
38,P3,0,38,1965,"[D0, D1, D2, O, D3]","[L1, L3, ECU3, ECU2, ECU1, ECU4]"
39,P3,0,39,11,"[D0, D1, D2, O, D3]","[L1, L3, ECU3, ECU2, ECU4, ECU1]"
40,P3,0,40,57,"[D0, D1, D2, O, D3]","[L1, L3, ECU3, ECU4, ECU1, ECU2]"
41,P3,0,41,11,"[D0, D1, D2, O, D3]","[L1, L3, ECU3, ECU4, ECU2, ECU1]"
42,P3,0,42,16,"[D0, D1, D2, O, D3]","[L1, L3, ECU4, ECU1, ECU2, ECU3]"
43,P3,0,43,16,"[D0, D1, D2, O, D3]","[L1, L3, ECU4, ECU1, ECU3, ECU2]"
44,P3,0,44,16,"[D0, D1, D2, O, D3]","[L1, L3, ECU4, ECU2, ECU1, ECU3]"
45,P3,0,45,11,"[D0, D1, D2, O, D3]","[L1, L3, ECU4, ECU2, ECU3, ECU1]"
46,P3,0,46,16,"[D0, D1, D2, O, D3]","[L1, L3, ECU4, ECU3, ECU1, ECU2]"
47,P3,0,47,11,"[D0, D1, D2, O, D3]","[L1, L3, ECU4, ECU3, ECU2, ECU1]"
48,P3,0,48,18,"[D0, D1, D2, O, D3]","[L1, L4, ECU1, ECU2, ECU3, ECU4]"
49,P3,0,49,18,"[D0, D1, D2, O, D3]","[L1, L4, ECU1, ECU2, ECU4, ECU3]"
50,P3,0,50,18,"[D0, D1, D2, O, D3]","[L1, L4, ECU1, ECU3, ECU2, ECU4]"
51,P3,0,51,18,"[D0, D1, D2, O, D3]","[L1, L4, ECU1, ECU3, ECU4, ECU2]"
52,P3,0,52,18,"[D0, D1, D2, O, D3]","[L1, L4, ECU1, ECU4, ECU2, ECU3]"
53,P3,0,53,18,"[D0, D1, D2, O, D3]","[L1, L4, ECU1, ECU4, ECU3, ECU2]"
54,P3,0,54,1965,"[D0, D1, D2, O, D3]","[L1, L4, ECU2, ECU1, ECU3, ECU4]"
55,P3,0,55,57,"[D0, D1, D2, O, D3]","[L1, L4, ECU2, ECU1, ECU4, ECU3]"
56,P3,0,56,1965,"[D0, D1, D2, O, D3]","[L1, L4, ECU2, ECU3, ECU1, ECU4]"
57,P3,0,57,11,"[D0, D1, D2, O, D3]","[L1, L4, ECU2, ECU3, ECU4, ECU1]"
58,P3,0,58,57,"[D0, D1, D2, O, D3]","[L1, L4, ECU2, ECU4, ECU1, ECU3]"
59,P3,0,59,11,"[D0, D1, D2, O, D3]","[L1, L4, ECU2, ECU4, ECU3, ECU1]"
60,P3,0,60,1965,"[D0, D1, D2, O, D3]","[L1, L4, ECU3, ECU1, ECU2, ECU4]"
61,P3,0,61,57,"[D0, D1, D2, O, D3]","[L1, L4, ECU3, ECU1, ECU4, ECU2]"
62,P3,0,62,1965,"[D0, D1, D2, O, D3]","[L1, L4, ECU3, ECU2, ECU1, ECU4]"
63,P3,0,63,11,"[D0, D1, D2, O, D3]","[L1, L4, ECU3, ECU2, ECU4, ECU1]"
64,P3,0,64,57,"[D0, D1, D2, O, D3]","[L1, L4, ECU3, ECU4, ECU1, ECU2]"
65,P3,0,65,11,"[D0, D1, D2, O, D3]","[L1, L4, ECU3, ECU4, ECU2, ECU1]"
66,P3,0,66,16,"[D0, D1, D2, O, D3]","[L1, L4, ECU4, ECU1, ECU2, ECU3]"
67,P3,0,67,16,"[D0, D1, D2, O, D3]","[L1, L4, ECU4, ECU1, ECU3, ECU2]"
68,P3,0,68,16,"[D0, D1, D2, O, D3]","[L1, L4, ECU4, ECU2, ECU1, ECU3]"
69,P3,0,69,11,"[D0, D1, D2, O, D3]","[L1, L4, ECU4, ECU2, ECU3, ECU1]"
70,P3,0,70,16,"[D0, D1, D2, O, D3]","[L1, L4, ECU4, ECU3, ECU1, ECU2]"
71,P3,0,71,11,"[D0, D1, D2, O, D3]","[L1, L4, ECU4, ECU3, ECU2, ECU1]"
72,P3,0,72,20,"[D0, D1, D2, O, D3]","[L2, L1, ECU1, ECU2, ECU3, ECU4]"
73,P3,0,73,20,"[D0, D1, D2, O, D3]","[L2, L1, ECU1, ECU2, ECU4, ECU3]"
74,P3,0,74,20,"[D0, D1, D2, O, D3]","[L2, L1, ECU1, ECU3, ECU2, ECU4]"
75,P3,0,75,20,"[D0, D1, D2, O, D3]","[L2, L1, ECU1, ECU3, ECU4, ECU2]"
76,P3,0,76,20,"[D0, D1, D2, O, D3]","[L2, L1, ECU1, ECU4, ECU2, ECU3]"
77,P3,0,77,20,"[D0, D1, D2, O, D3]","[L2, L1, ECU1, ECU4, ECU3, ECU2]"
78,P3,0,78,1966,"[D0, D1, D2, O, D3]","[L2, L1, ECU2, ECU1, ECU3, ECU4]"
79,P3,0,79,79,"[D0, D1, D2, O, D3]","[L2, L1, ECU2, ECU1, ECU4, ECU3]"
80,P3,0,80,1966,"[D0, D1, D2, O, D3]","[L2, L1, ECU2, ECU3, ECU1, ECU4]"
81,P3,0,81,11,"[D0, D1, D2, O, D3]","[L2, L1, ECU2, ECU3, ECU4, ECU1]"
82,P3,0,82,79,"[D0, D1, D2, O, D3]","[L2, L1, ECU2, ECU4, ECU1, ECU3]"
83,P3,0,83,11,"[D0, D1, D2, O, D3]","[L2, L1, ECU2, ECU4, ECU3, ECU1]"
84,P3,0,84,1966,"[D0, D1, D2, O, D3]","[L2, L1, ECU3, ECU1, ECU2, ECU4]"
85,P3,0,85,79,"[D0, D1, D2, O, D3]","[L2, L1, ECU3, ECU1, ECU4, ECU2]"
86,P3,0,86,1966,"[D0, D1, D2, O, D3]","[L2, L1, ECU3, ECU2, ECU1, ECU4]"
87,P3,0,87,11,"[D0, D1, D2, O, D3]","[L2, L1, ECU3, ECU2, ECU4, ECU1]"
88,P3,0,88,79,"[D0, D1, D2, O, D3]","[L2, L1, ECU3, ECU4, ECU1, ECU2]"
89,P3,0,89,11,"[D0, D1, D2, O, D3]","[L2, L1, ECU3, ECU4, ECU2, ECU1]"
90,P3,0,90,17,"[D0, D1, D2, O, D3]","[L2, L1, ECU4, ECU1, ECU2, ECU3]"
91,P3,0,91,17,"[D0, D1, D2, O, D3]","[L2, L1, ECU4, ECU1, ECU3, ECU2]"
92,P3,0,92,17,"[D0, D1, D2, O, D3]","[L2, L1, ECU4, ECU2, ECU1, ECU3]"
93,P3,0,93,11,"[D0, D1, D2, O, D3]","[L2, L1, ECU4, ECU2, ECU3, ECU1]"
94,P3,0,94,17,"[D0, D1, D2, O, D3]","[L2, L1, ECU4, ECU3, ECU1, ECU2]"
95,P3,0,95,11,"[D0, D1, D2, O, D3]","[L2, L1, ECU4, ECU3, ECU2, ECU1]"
96,P3,0,96,20,"[D0, D1, D2, O, D3]","[L2, L3, ECU1, ECU2, ECU3, ECU4]"
97,P3,0,97,20,"[D0, D1, D2, O, D3]","[L2, L3, ECU1, ECU2, ECU4, ECU3]"
98,P3,0,98,20,"[D0, D1, D2, O, D3]","[L2, L3, ECU1, ECU3, ECU2, ECU4]"
99,P3,0,99,20,"[D0, D1, D2, O, D3]","[L2, L3, ECU1, ECU3, ECU4, ECU2]"
100,P3,0,100,20,"[D0, D1, D2, O, D3]","[L2, L3, ECU1, ECU4, ECU2, ECU3]"
101,P3,0,101,20,"[D0, D1, D2, O, D3]","[L2, L3, ECU1, ECU4, ECU3, ECU2]"
102,P3,0,102,1966,"[D0, D1, D2, O, D3]","[L2, L3, ECU2, ECU1, ECU3, ECU4]"
103,P3,0,103,79,"[D0, D1, D2, O, D3]","[L2, L3, ECU2, ECU1, ECU4, ECU3]"
104,P3,0,104,1966,"[D0, D1, D2, O, D3]","[L2, L3, ECU2, ECU3, ECU1, ECU4]"
105,P3,0,105,11,"[D0, D1, D2, O, D3]","[L2, L3, ECU2, ECU3, ECU4, ECU1]"
106,P3,0,106,79,"[D0, D1, D2, O, D3]","[L2, L3, ECU2, ECU4, ECU1, ECU3]"
107,P3,0,107,11,"[D0, D1, D2, O, D3]","[L2, L3, ECU2, ECU4, ECU3, ECU1]"
108,P3,0,108,1966,"[D0, D1, D2, O, D3]","[L2, L3, ECU3, ECU1, ECU2, ECU4]"
109,P3,0,109,79,"[D0, D1, D2, O, D3]","[L2, L3, ECU3, ECU1, ECU4, ECU2]"
110,P3,0,110,1966,"[D0, D1, D2, O, D3]","[L2, L3, ECU3, ECU2, ECU1, ECU4]"
111,P3,0,111,11,"[D0, D1, D2, O, D3]","[L2, L3, ECU3, ECU2, ECU4, ECU1]"
112,P3,0,112,79,"[D0, D1, D2, O, D3]","[L2, L3, ECU3, ECU4, ECU1, ECU2]"
113,P3,0,113,11,"[D0, D1, D2, O, D3]","[L2, L3, ECU3, ECU4, ECU2, ECU1]"
114,P3,0,114,17,"[D0, D1, D2, O, D3]","[L2, L3, ECU4, ECU1, ECU2, ECU3]"
115,P3,0,115,17,"[D0, D1, D2, O, D3]","[L2, L3, ECU4, ECU1, ECU3, ECU2]"
116,P3,0,116,17,"[D0, D1, D2, O, D3]","[L2, L3, ECU4, ECU2, ECU1, ECU3]"
117,P3,0,117,11,"[D0, D1, D2, O, D3]","[L2, L3, ECU4, ECU2, ECU3, ECU1]"
118,P3,0,118,17,"[D0, D1, D2, O, D3]","[L2, L3, ECU4, ECU3, ECU1, ECU2]"
119,P3,0,119,11,"[D0, D1, D2, O, D3]","[L2, L3, ECU4, ECU3, ECU2, ECU1]"
120,P3,0,120,20,"[D0, D1, D2, O, D3]","[L2, L4, ECU1, ECU2, ECU3, ECU4]"
121,P3,0,121,20,"[D0, D1, D2, O, D3]","[L2, L4, ECU1, ECU2, ECU4, ECU3]"
122,P3,0,122,20,"[D0, D1, D2, O, D3]","[L2, L4, ECU1, ECU3, ECU2, ECU4]"
123,P3,0,123,20,"[D0, D1, D2, O, D3]","[L2, L4, ECU1, ECU3, ECU4, ECU2]"
124,P3,0,124,20,"[D0, D1, D2, O, D3]","[L2, L4, ECU1, ECU4, ECU2, ECU3]"
125,P3,0,125,20,"[D0, D1, D2, O, D3]","[L2, L4, ECU1, ECU4, ECU3, ECU2]"
126,P3,0,126,1966,"[D0, D1, D2, O, D3]","[L2, L4, ECU2, ECU1, ECU3, ECU4]"
127,P3,0,127,79,"[D0, D1, D2, O, D3]","[L2, L4, ECU2, ECU1, ECU4, ECU3]"
128,P3,0,128,1966,"[D0, D1, D2, O, D3]","[L2, L4, ECU2, ECU3, ECU1, ECU4]"
129,P3,0,129,11,"[D0, D1, D2, O, D3]","[L2, L4, ECU2, ECU3, ECU4, ECU1]"
130,P3,0,130,79,"[D0, D1, D2, O, D3]","[L2, L4, ECU2, ECU4, ECU1, ECU3]"
131,P3,0,131,11,"[D0, D1, D2, O, D3]","[L2, L4, ECU2, ECU4, ECU3, ECU1]"
132,P3,0,132,1966,"[D0, D1, D2, O, D3]","[L2, L4, ECU3, ECU1, ECU2, ECU4]"
133,P3,0,133,79,"[D0, D1, D2, O, D3]","[L2, L4, ECU3, ECU1, ECU4, ECU2]"
134,P3,0,134,1966,"[D0, D1, D2, O, D3]","[L2, L4, ECU3, ECU2, ECU1, ECU4]"
135,P3,0,135,11,"[D0, D1, D2, O, D3]","[L2, L4, ECU3, ECU2, ECU4, ECU1]"
136,P3,0,136,79,"[D0, D1, D2, O, D3]","[L2, L4, ECU3, ECU4, ECU1, ECU2]"
137,P3,0,137,11,"[D0, D1, D2, O, D3]","[L2, L4, ECU3, ECU4, ECU2, ECU1]"
138,P3,0,138,17,"[D0, D1, D2, O, D3]","[L2, L4, ECU4, ECU1, ECU2, ECU3]"
139,P3,0,139,17,"[D0, D1, D2, O, D3]","[L2, L4, ECU4, ECU1, ECU3, ECU2]"
140,P3,0,140,17,"[D0, D1, D2, O, D3]","[L2, L4, ECU4, ECU2, ECU1, ECU3]"
141,P3,0,141,11,"[D0, D1, D2, O, D3]","[L2, L4, ECU4, ECU2, ECU3, ECU1]"
142,P3,0,142,17,"[D0, D1, D2, O, D3]","[L2, L4, ECU4, ECU3, ECU1, ECU2]"
143,P3,0,143,11,"[D0, D1, D2, O, D3]","[L2, L4, ECU4, ECU3, ECU2, ECU1]"
144,P3,0,144,24,"[D0, D1, D2, O, D3]","[L3, L1, ECU1, ECU2, ECU3, ECU4]"
145,P3,0,145,24,"[D0, D1, D2, O, D3]","[L3, L1, ECU1, ECU2, ECU4, ECU3]"
146,P3,0,146,24,"[D0, D1, D2, O, D3]","[L3, L1, ECU1, ECU3, ECU2, ECU4]"
147,P3,0,147,24,"[D0, D1, D2, O, D3]","[L3, L1, ECU1, ECU3, ECU4, ECU2]"
148,P3,0,148,24,"[D0, D1, D2, O, D3]","[L3, L1, ECU1, ECU4, ECU2, ECU3]"
149,P3,0,149,24,"[D0, D1, D2, O, D3]","[L3, L1, ECU1, ECU4, ECU3, ECU2]"
150,P3,0,150,1968,"[D0, D1, D2, O, D3]","[L3, L1, ECU2, ECU1, ECU3, ECU4]"
151,P3,0,151,123,"[D0, D1, D2, O, D3]","[L3, L1, ECU2, ECU1, ECU4, ECU3]"
152,P3,0,152,1968,"[D0, D1, D2, O, D3]","[L3, L1, ECU2, ECU3, ECU1, ECU4]"
153,P3,0,153,11,"[D0, D1, D2, O, D3]","[L3, L1, ECU2, ECU3, ECU4, ECU1]"
154,P3,0,154,123,"[D0, D1, D2, O, D3]","[L3, L1, ECU2, ECU4, ECU1, ECU3]"
155,P3,0,155,11,"[D0, D1, D2, O, D3]","[L3, L1, ECU2, ECU4, ECU3, ECU1]"
156,P3,0,156,1968,"[D0, D1, D2, O, D3]","[L3, L1, ECU3, ECU1, ECU2, ECU4]"
157,P3,0,157,123,"[D0, D1, D2, O, D3]","[L3, L1, ECU3, ECU1, ECU4, ECU2]"
158,P3,0,158,1968,"[D0, D1, D2, O, D3]","[L3, L1, ECU3, ECU2, ECU1, ECU4]"
159,P3,0,159,11,"[D0, D1, D2, O, D3]","[L3, L1, ECU3, ECU2, ECU4, ECU1]"
160,P3,0,160,123,"[D0, D1, D2, O, D3]","[L3, L1, ECU3, ECU4, ECU1, ECU2]"
161,P3,0,161,11,"[D0, D1, D2, O, D3]","[L3, L1, ECU3, ECU4, ECU2, ECU1]"
162,P3,0,162,19,"[D0, D1, D2, O, D3]","[L3, L1, ECU4, ECU1, ECU2, ECU3]"
163,P3,0,163,19,"[D0, D1, D2, O, D3]","[L3, L1, ECU4, ECU1, ECU3, ECU2]"
164,P3,0,164,19,"[D0, D1, D2, O, D3]","[L3, L1, ECU4, ECU2, ECU1, ECU3]"
165,P3,0,165,11,"[D0, D1, D2, O, D3]","[L3, L1, ECU4, ECU2, ECU3, ECU1]"
166,P3,0,166,19,"[D0, D1, D2, O, D3]","[L3, L1, ECU4, ECU3, ECU1, ECU2]"
167,P3,0,167,11,"[D0, D1, D2, O, D3]","[L3, L1, ECU4, ECU3, ECU2, ECU1]"
168,P3,0,168,24,"[D0, D1, D2, O, D3]","[L3, L2, ECU1, ECU2, ECU3, ECU4]"
169,P3,0,169,24,"[D0, D1, D2, O, D3]","[L3, L2, ECU1, ECU2, ECU4, ECU3]"
170,P3,0,170,24,"[D0, D1, D2, O, D3]","[L3, L2, ECU1, ECU3, ECU2, ECU4]"
171,P3,0,171,24,"[D0, D1, D2, O, D3]","[L3, L2, ECU1, ECU3, ECU4, ECU2]"
172,P3,0,172,24,"[D0, D1, D2, O, D3]","[L3, L2, ECU1, ECU4, ECU2, ECU3]"
173,P3,0,173,24,"[D0, D1, D2, O, D3]","[L3, L2, ECU1, ECU4, ECU3, ECU2]"
174,P3,0,174,1968,"[D0, D1, D2, O, D3]","[L3, L2, ECU2, ECU1, ECU3, ECU4]"
175,P3,0,175,123,"[D0, D1, D2, O, D3]","[L3, L2, ECU2, ECU1, ECU4, ECU3]"
176,P3,0,176,1968,"[D0, D1, D2, O, D3]","[L3, L2, ECU2, ECU3, ECU1, ECU4]"
177,P3,0,177,11,"[D0, D1, D2, O, D3]","[L3, L2, ECU2, ECU3, ECU4, ECU1]"
178,P3,0,178,123,"[D0, D1, D2, O, D3]","[L3, L2, ECU2, ECU4, ECU1, ECU3]"
179,P3,0,179,11,"[D0, D1, D2, O, D3]","[L3, L2, ECU2, ECU4, ECU3, ECU1]"
180,P3,0,180,1968,"[D0, D1, D2, O, D3]","[L3, L2, ECU3, ECU1, ECU2, ECU4]"
181,P3,0,181,123,"[D0, D1, D2, O, D3]","[L3, L2, ECU3, ECU1, ECU4, ECU2]"
182,P3,0,182,1968,"[D0, D1, D2, O, D3]","[L3, L2, ECU3, ECU2, ECU1, ECU4]"
183,P3,0,183,11,"[D0, D1, D2, O, D3]","[L3, L2, ECU3, ECU2, ECU4, ECU1]"
184,P3,0,184,123,"[D0, D1, D2, O, D3]","[L3, L2, ECU3, ECU4, ECU1, ECU2]"
185,P3,0,185,11,"[D0, D1, D2, O, D3]","[L3, L2, ECU3, ECU4, ECU2, ECU1]"
186,P3,0,186,19,"[D0, D1, D2, O, D3]","[L3, L2, ECU4, ECU1, ECU2, ECU3]"
187,P3,0,187,19,"[D0, D1, D2, O, D3]","[L3, L2, ECU4, ECU1, ECU3, ECU2]"
188,P3,0,188,19,"[D0, D1, D2, O, D3]","[L3, L2, ECU4, ECU2, ECU1, ECU3]"
189,P3,0,189,11,"[D0, D1, D2, O, D3]","[L3, L2, ECU4, ECU2, ECU3, ECU1]"
190,P3,0,190,19,"[D0, D1, D2, O, D3]","[L3, L2, ECU4, ECU3, ECU1, ECU2]"
191,P3,0,191,11,"[D0, D1, D2, O, D3]","[L3, L2, ECU4, ECU3, ECU2, ECU1]"
192,P3,0,192,24,"[D0, D1, D2, O, D3]","[L3, L4, ECU1, ECU2, ECU3, ECU4]"
193,P3,0,193,24,"[D0, D1, D2, O, D3]","[L3, L4, ECU1, ECU2, ECU4, ECU3]"
194,P3,0,194,24,"[D0, D1, D2, O, D3]","[L3, L4, ECU1, ECU3, ECU2, ECU4]"
195,P3,0,195,24,"[D0, D1, D2, O, D3]","[L3, L4, ECU1, ECU3, ECU4, ECU2]"
196,P3,0,196,24,"[D0, D1, D2, O, D3]","[L3, L4, ECU1, ECU4, ECU2, ECU3]"
197,P3,0,197,24,"[D0, D1, D2, O, D3]","[L3, L4, ECU1, ECU4, ECU3, ECU2]"
198,P3,0,198,1968,"[D0, D1, D2, O, D3]","[L3, L4, ECU2, ECU1, ECU3, ECU4]"
199,P3,0,199,123,"[D0, D1, D2, O, D3]","[L3, L4, ECU2, ECU1, ECU4, ECU3]"
200,P3,0,200,1968,"[D0, D1, D2, O, D3]","[L3, L4, ECU2, ECU3, ECU1, ECU4]"
201,P3,0,201,11,"[D0, D1, D2, O, D3]","[L3, L4, ECU2, ECU3, ECU4, ECU1]"
202,P3,0,202,123,"[D0, D1, D2, O, D3]","[L3, L4, ECU2, ECU4, ECU1, ECU3]"
203,P3,0,203,11,"[D0, D1, D2, O, D3]","[L3, L4, ECU2, ECU4, ECU3, ECU1]"
204,P3,0,204,1968,"[D0, D1, D2, O, D3]","[L3, L4, ECU3, ECU1, ECU2, ECU4]"
205,P3,0,205,123,"[D0, D1, D2, O, D3]","[L3, L4, ECU3, ECU1, ECU4, ECU2]"
206,P3,0,206,1968,"[D0, D1, D2, O, D3]","[L3, L4, ECU3, ECU2, ECU1, ECU4]"
207,P3,0,207,11,"[D0, D1, D2, O, D3]","[L3, L4, ECU3, ECU2, ECU4, ECU1]"
208,P3,0,208,123,"[D0, D1, D2, O, D3]","[L3, L4, ECU3, ECU4, ECU1, ECU2]"
209,P3,0,209,11,"[D0, D1, D2, O, D3]","[L3, L4, ECU3, ECU4, ECU2, ECU1]"
210,P3,0,210,19,"[D0, D1, D2, O, D3]","[L3, L4, ECU4, ECU1, ECU2, ECU3]"
211,P3,0,211,19,"[D0, D1, D2, O, D3]","[L3, L4, ECU4, ECU1, ECU3, ECU2]"
212,P3,0,212,19,"[D0, D1, D2, O, D3]","[L3, L4, ECU4, ECU2, ECU1, ECU3]"
213,P3,0,213,11,"[D0, D1, D2, O, D3]","[L3, L4, ECU4, ECU2, ECU3, ECU1]"
214,P3,0,214,19,"[D0, D1, D2, O, D3]","[L3, L4, ECU4, ECU3, ECU1, ECU2]"
215,P3,0,215,11,"[D0, D1, D2, O, D3]","[L3, L4, ECU4, ECU3, ECU2, ECU1]"
216,P3,0,216,28,"[D0, D1, D2, O, D3]","[L4, L1, ECU1, ECU2, ECU3, ECU4]"
217,P3,0,217,28,"[D0, D1, D2, O, D3]","[L4, L1, ECU1, ECU2, ECU4, ECU3]"
218,P3,0,218,28,"[D0, D1, D2, O, D3]","[L4, L1, ECU1, ECU3, ECU2, ECU4]"
219,P3,0,219,28,"[D0, D1, D2, O, D3]","[L4, L1, ECU1, ECU3, ECU4, ECU2]"
220,P3,0,220,28,"[D0, D1, D2, O, D3]","[L4, L1, ECU1, ECU4, ECU2, ECU3]"
221,P3,0,221,28,"[D0, D1, D2, O, D3]","[L4, L1, ECU1, ECU4, ECU3, ECU2]"
222,P3,0,222,1977,"[D0, D1, D2, O, D3]","[L4, L1, ECU2, ECU1, ECU3, ECU4]"
223,P3,0,223,167,"[D0, D1, D2, O, D3]","[L4, L1, ECU2, ECU1, ECU4, ECU3]"
224,P3,0,224,1977,"[D0, D1, D2, O, D3]","[L4, L1, ECU2, ECU3, ECU1, ECU4]"
225,P3,0,225,11,"[D0, D1, D2, O, D3]","[L4, L1, ECU2, ECU3, ECU4, ECU1]"
226,P3,0,226,167,"[D0, D1, D2, O, D3]","[L4, L1, ECU2, ECU4, ECU1, ECU3]"
227,P3,0,227,11,"[D0, D1, D2, O, D3]","[L4, L1, ECU2, ECU4, ECU3, ECU1]"
228,P3,0,228,1977,"[D0, D1, D2, O, D3]","[L4, L1, ECU3, ECU1, ECU2, ECU4]"
229,P3,0,229,167,"[D0, D1, D2, O, D3]","[L4, L1, ECU3, ECU1, ECU4, ECU2]"
230,P3,0,230,1977,"[D0, D1, D2, O, D3]","[L4, L1, ECU3, ECU2, ECU1, ECU4]"
231,P3,0,231,11,"[D0, D1, D2, O, D3]","[L4, L1, ECU3, ECU2, ECU4, ECU1]"
232,P3,0,232,167,"[D0, D1, D2, O, D3]","[L4, L1, ECU3, ECU4, ECU1, ECU2]"
233,P3,0,233,11,"[D0, D1, D2, O, D3]","[L4, L1, ECU3, ECU4, ECU2, ECU1]"
234,P3,0,234,21,"[D0, D1, D2, O, D3]","[L4, L1, ECU4, ECU1, ECU2, ECU3]"
235,P3,0,235,21,"[D0, D1, D2, O, D3]","[L4, L1, ECU4, ECU1, ECU3, ECU2]"
236,P3,0,236,21,"[D0, D1, D2, O, D3]","[L4, L1, ECU4, ECU2, ECU1, ECU3]"
237,P3,0,237,11,"[D0, D1, D2, O, D3]","[L4, L1, ECU4, ECU2, ECU3, ECU1]"
238,P3,0,238,21,"[D0, D1, D2, O, D3]","[L4, L1, ECU4, ECU3, ECU1, ECU2]"
239,P3,0,239,11,"[D0, D1, D2, O, D3]","[L4, L1, ECU4, ECU3, ECU2, ECU1]"
240,P3,0,240,28,"[D0, D1, D2, O, D3]","[L4, L2, ECU1, ECU2, ECU3, ECU4]"
241,P3,0,241,28,"[D0, D1, D2, O, D3]","[L4, L2, ECU1, ECU2, ECU4, ECU3]"
242,P3,0,242,28,"[D0, D1, D2, O, D3]","[L4, L2, ECU1, ECU3, ECU2, ECU4]"
243,P3,0,243,28,"[D0, D1, D2, O, D3]","[L4, L2, ECU1, ECU3, ECU4, ECU2]"
244,P3,0,244,28,"[D0, D1, D2, O, D3]","[L4, L2, ECU1, ECU4, ECU2, ECU3]"
245,P3,0,245,28,"[D0, D1, D2, O, D3]","[L4, L2, ECU1, ECU4, ECU3, ECU2]"
246,P3,0,246,1977,"[D0, D1, D2, O, D3]","[L4, L2, ECU2, ECU1, ECU3, ECU4]"
247,P3,0,247,167,"[D0, D1, D2, O, D3]","[L4, L2, ECU2, ECU1, ECU4, ECU3]"
248,P3,0,248,1977,"[D0, D1, D2, O, D3]","[L4, L2, ECU2, ECU3, ECU1, ECU4]"
249,P3,0,249,11,"[D0, D1, D2, O, D3]","[L4, L2, ECU2, ECU3, ECU4, ECU1]"
250,P3,0,250,167,"[D0, D1, D2, O, D3]","[L4, L2, ECU2, ECU4, ECU1, ECU3]"
251,P3,0,251,11,"[D0, D1, D2, O, D3]","[L4, L2, ECU2, ECU4, ECU3, ECU1]"
252,P3,0,252,1977,"[D0, D1, D2, O, D3]","[L4, L2, ECU3, ECU1, ECU2, ECU4]"
253,P3,0,253,167,"[D0, D1, D2, O, D3]","[L4, L2, ECU3, ECU1, ECU4, ECU2]"
254,P3,0,254,1977,"[D0, D1, D2, O, D3]","[L4, L2, ECU3, ECU2, ECU1, ECU4]"
255,P3,0,255,11,"[D0, D1, D2, O, D3]","[L4, L2, ECU3, ECU2, ECU4, ECU1]"
256,P3,0,256,167,"[D0, D1, D2, O, D3]","[L4, L2, ECU3, ECU4, ECU1, ECU2]"
257,P3,0,257,11,"[D0, D1, D2, O, D3]","[L4, L2, ECU3, ECU4, ECU2, ECU1]"
258,P3,0,258,21,"[D0, D1, D2, O, D3]","[L4, L2, ECU4, ECU1, ECU2, ECU3]"
259,P3,0,259,21,"[D0, D1, D2, O, D3]","[L4, L2, ECU4, ECU1, ECU3, ECU2]"
260,P3,0,260,21,"[D0, D1, D2, O, D3]","[L4, L2, ECU4, ECU2, ECU1, ECU3]"
261,P3,0,261,11,"[D0, D1, D2, O, D3]","[L4, L2, ECU4, ECU2, ECU3, ECU1]"
262,P3,0,262,21,"[D0, D1, D2, O, D3]","[L4, L2, ECU4, ECU3, ECU1, ECU2]"
263,P3,0,263,11,"[D0, D1, D2, O, D3]","[L4, L2, ECU4, ECU3, ECU2, ECU1]"
264,P3,0,264,28,"[D0, D1, D2, O, D3]","[L4, L3, ECU1, ECU2, ECU3, ECU4]"
265,P3,0,265,28,"[D0, D1, D2, O, D3]","[L4, L3, ECU1, ECU2, ECU4, ECU3]"
266,P3,0,266,28,"[D0, D1, D2, O, D3]","[L4, L3, ECU1, ECU3, ECU2, ECU4]"
267,P3,0,267,28,"[D0, D1, D2, O, D3]","[L4, L3, ECU1, ECU3, ECU4, ECU2]"
268,P3,0,268,28,"[D0, D1, D2, O, D3]","[L4, L3, ECU1, ECU4, ECU2, ECU3]"
269,P3,0,269,28,"[D0, D1, D2, O, D3]","[L4, L3, ECU1, ECU4, ECU3, ECU2]"
270,P3,0,270,1977,"[D0, D1, D2, O, D3]","[L4, L3, ECU2, ECU1, ECU3, ECU4]"
271,P3,0,271,167,"[D0, D1, D2, O, D3]","[L4, L3, ECU2, ECU1, ECU4, ECU3]"
272,P3,0,272,1977,"[D0, D1, D2, O, D3]","[L4, L3, ECU2, ECU3, ECU1, ECU4]"
273,P3,0,273,11,"[D0, D1, D2, O, D3]","[L4, L3, ECU2, ECU3, ECU4, ECU1]"
274,P3,0,274,167,"[D0, D1, D2, O, D3]","[L4, L3, ECU2, ECU4, ECU1, ECU3]"
275,P3,0,275,11,"[D0, D1, D2, O, D3]","[L4, L3, ECU2, ECU4, ECU3, ECU1]"
276,P3,0,276,1977,"[D0, D1, D2, O, D3]","[L4, L3, ECU3, ECU1, ECU2, ECU4]"
277,P3,0,277,167,"[D0, D1, D2, O, D3]","[L4, L3, ECU3, ECU1, ECU4, ECU2]"
278,P3,0,278,1977,"[D0, D1, D2, O, D3]","[L4, L3, ECU3, ECU2, ECU1, ECU4]"
279,P3,0,279,11,"[D0, D1, D2, O, D3]","[L4, L3, ECU3, ECU2, ECU4, ECU1]"
280,P3,0,280,167,"[D0, D1, D2, O, D3]","[L4, L3, ECU3, ECU4, ECU1, ECU2]"
281,P3,0,281,11,"[D0, D1, D2, O, D3]","[L4, L3, ECU3, ECU4, ECU2, ECU1]"
282,P3,0,282,21,"[D0, D1, D2, O, D3]","[L4, L3, ECU4, ECU1, ECU2, ECU3]"
283,P3,0,283,21,"[D0, D1, D2, O, D3]","[L4, L3, ECU4, ECU1, ECU3, ECU2]"
284,P3,0,284,21,"[D0, D1, D2, O, D3]","[L4, L3, ECU4, ECU2, ECU1, ECU3]"
285,P3,0,285,11,"[D0, D1, D2, O, D3]","[L4, L3, ECU4, ECU2, ECU3, ECU1]"
286,P3,0,286,21,"[D0, D1, D2, O, D3]","[L4, L3, ECU4, ECU3, ECU1, ECU2]"
287,P3,0,287,11,"[D0, D1, D2, O, D3]","[L4, L3, ECU4, ECU3, ECU2, ECU1]"
