"K1,4a",296,95,199,"[D0, S, D1, S, D2, S, S, S, O, O, D3, O]","[L1, L3, L4, L2, ECU4, ECU3, ECU2, ECU1]"
"K1,4a",1067,175,46,"[S, S, O, S, D0, D1, D2, D3, O, O, O, O]","[L2, L1, L4, L3, ECU2, ECU1, ECU4, ECU3]"
"K1,4a",65,459,193,"[D0, D1, S, D2, D3, S, S, S, O, O, O, O]","[L4, L1, L3, L2, ECU1, ECU3, ECU4, ECU2]"
"K1,4a",274,392,1807,"[D0, S, D1, O, D2, S, D3, S, O, O, O, O]","[L3, L4, L1, L2, ECU2, ECU3, ECU1, ECU4]"
"K1,4a",323,327,1315,"[D0, S, O, D1, S, S, D2, S, D3, O, O, O]","[L3, L1, L4, L2, ECU3, ECU2, ECU4, ECU1]"
"K1,4a",695,181,9146,"[O, S, D0, O, S, S, S, S, D1, O, D2, D3]","[L2, L1, L4, L3, ECU3, ECU1, ECU4, ECU2]"
"K1,4a",1050,151,45,"[S, S, O, D0, D1, D2, S, D3, O, O, O, O]","[L2, L1, L3, L4, ECU2, ECU1, ECU4, ECU3]"
"K1,4a",1063,483,1526,"[S, S, O, D0, S, S, S, S, D1, O, D2, D3]","[L4, L2, L1, L3, ECU1, ECU3, ECU4, ECU2]"
"K1,4a",943,385,87,"[S, O, D0, S, D1, D2, S, S, O, O, O, D3]","[L3, L4, L1, L2, ECU1, ECU2, ECU4, ECU3]"
"K1,4a",372,167,81,"[D0, S, S, D1, S, D2, S, S, D3, O, O, O]","[L2, L1, L3, L4, ECU4, ECU3, ECU2, ECU1]"
"K1,4a",561,521,45,"[O, D0, S, S, S, D1, S, S, D2, O, O, D3]","[L4, L2, L3, L1, ECU3, ECU4, ECU2, ECU1]"
"K1,4a",40,265,1709,"[D0, D1, O, O, S, S, S, S, D2, O, D3, O]","[L2, L4, L3, L1, ECU1, ECU2, ECU4, ECU3]"
"K1,4a",147,449,45,"[D0, O, D1, S, S, D2, S, D3, O, O, O, O]","[L4, L1, L2, L3, ECU3, ECU4, ECU2, ECU1]"
"K1,4a",475,551,208,"[O, D0, O, D1, S, S, D2, S, D3, O, O, O]","[L4, L3, L1, L2, ECU4, ECU3, ECU2, ECU1]"
"K1,4a",782,398,4755,"[S, D0, D1, S, D2, S, D3, S, O, O, O, O]","[L3, L4, L1, L2, ECU3, ECU2, ECU1, ECU4]"
"K1,4a",556,81,45,"[O, D0, S, S, D1, S, D2, D3, O, O, O, O]","[L1, L3, L4, L2, ECU2, ECU3, ECU4, ECU1]"
"K1,4a",749,532,46,"[O, S, S, O, D0, D1, D2, D3, O, O, O, O]","[L4, L3, L1, L2, ECU1, ECU4, ECU2, ECU3]"
"K1,4a",662,458,153,"[O, S, D0, D1, D2, S, D3, S, O, O, O, O]","[L4, L1, L3, L2, ECU1, ECU3, ECU2, ECU4]"
"K1,4a",914,496,45,"[S, O, D0, D1, S, S, D2, D3, O, O, O, O]","[L4, L2, L1, L3, ECU3, ECU4, ECU1, ECU2]"
"K1,4a",221,537,578,"[D0, O, S, D1, S, D2, S, S, O, O, O, D3]","[L4, L3, L1, L2, ECU2, ECU3, ECU4, ECU1]"
"K1,4a",902,6,45,"[S, D0, S, S, S, S, S, S, D1, D2, O, D3]","[L1, L2, L3, L4, ECU2, ECU1, ECU3, ECU4]"
"K1,4a",374,561,1244,"[D0, S, S, D1, S, S, D2, D3, O, O, O, O]","[L4, L3, L2, L1, ECU2, ECU3, ECU4, ECU1]"
"K1,4a",340,32,45,"[D0, S, O, O, S, D1, D2, S, D3, O, O, O]","[L1, L2, L4, L3, ECU2, ECU3, ECU1, ECU4]"
"K1,4a",213,315,150,"[D0, O, S, D1, D2, D3, S, S, O, O, O, O]","[L3, L1, L4, L2, ECU1, ECU3, ECU4, ECU2]"
"K1,4a",772,60,110,"[S, D0, D1, O, S, S, D2, S, O, D3, O, O]","[L1, L3, L2, L4, ECU3, ECU1, ECU2, ECU4]"
"K1,4a",1041,335,45,"[S, S, D0, S, S, D1, S, S, D2, O, O, D3]","[L3, L1, L4, L2, ECU4, ECU3, ECU2, ECU1]"
"K1,4a",644,51,196,"[O, O, S, D0, D1, S, D2, D3, O, O, O, O]","[L1, L3, L2, L4, ECU1, ECU3, ECU4, ECU2]"
"K1,4a",747,176,45,"[O, S, S, D0, S, S, S, S, D1, O, D2, D3]","[L2, L1, L4, L3, ECU2, ECU3, ECU1, ECU4]"
"K1,4a",162,94,45,"[D0, O, O, D1, D2, S, D3, S, O, O, O, O]","[L1, L3, L4, L2, ECU4, ECU3, ECU1, ECU2]"
"K1,4a",471,562,45,"[O, D0, O, D1, S, D2, S, D3, O, O, O, O]","[L4, L3, L2, L1, ECU2, ECU4, ECU1, ECU3]"
"K1,4a",1002,530,87,"[S, S, D0, D1, S, D2, D3, S, O, O, O, O]","[L4, L3, L1, L2, ECU1, ECU3, ECU2, ECU4]"
"K1,4a",487,159,215,"[O, D0, O, O, D1, D2, S, S, O, O, O, D3]","[L2, L1, L3, L4, ECU3, ECU2, ECU4, ECU1]"
"K1,4a",1066,153,1932,"[S, S, O, O, S, S, S, S, D0, D1, D2, D3]","[L2, L1, L3, L4, ECU2, ECU3, ECU4, ECU1]"
"K1,4a",885,537,45,"[S, D0, S, O, S, S, S, S, D1, D2, D3, O]","[L4, L3, L1, L2, ECU2, ECU3, ECU4, ECU1]"
"K1,4a",896,233,45,"[S, D0, S, S, S, D1, D2, S, D3, O, O, O]","[L2, L3, L4, L1, ECU3, ECU4, ECU2, ECU1]"
"K1,4a",456,17,112,"[O, D0, D1, S, S, S, D2, S, O, D3, O, O]","[L1, L2, L3, L4, ECU3, ECU4, ECU2, ECU1]"
"K1,4a",573,272,5865,"[O, O, D0, D1, D2, S, S, S, O, O, O, D3]","[L2, L4, L3, L1, ECU2, ECU3, ECU1, ECU4]"
"K1,4a",639,73,45,"[O, O, O, S, D0, D1, D2, D3, O, O, O, O]","[L1, L3, L4, L2, ECU1, ECU2, ECU4, ECU3]"
"K1,4a",996,515,45,"[S, O, S, S, S, S, S, S, D0, D1, D2, D3]","[L4, L2, L3, L1, ECU2, ECU4, ECU3, ECU1]"
"K1,4a",355,393,45,"[D0, S, O, S, S, D1, D2, D3, O, O, O, O]","[L3, L4, L1, L2, ECU2, ECU3, ECU4, ECU1]"
"K1,4a",535,540,1789,"[O, D0, S, D1, S, S, S, S, O, D2, O, D3]","[L4, L3, L1, L2, ECU3, ECU1, ECU2, ECU4]"
"K1,4a",482,414,967,"[O, D0, O, D1, S, S, S, S, O, D2, D3, O]","[L3, L4, L2, L1, ECU2, ECU1, ECU3, ECU4]"
"K1,4a",36,213,156,"[D0, D1, O, O, S, S, D2, S, O, D3, O, O]","[L2, L3, L1, L4, ECU4, ECU2, ECU3, ECU1]"
"K1,4a",1084,464,45,"[S, S, S, D0, S, S, S, S, O, D1, D2, D3]","[L4, L1, L3, L2, ECU2, ECU3, ECU1, ECU4]"
"K1,4a",795,12,1063,"[S, D0, D1, S, S, S, S, S, D2, D3, O, O]","[L1, L2, L3, L4, ECU3, ECU1, ECU2, ECU4]"
"K1,4a",70,300,1828,"[D0, D1, S, D2, S, S, S, S, O, D3, O, O]","[L3, L1, L2, L4, ECU3, ECU1, ECU2, ECU4]"
"K1,4a",708,115,2575,"[O, S, D0, S, S, S, S, D1, O, D2, D3, O]","[L1, L4, L2, L3, ECU4, ECU1, ECU3, ECU2]"
"K1,4a",101,354,110,"[D0, D1, S, S, S, D2, S, S, O, O, O, D3]","[L3, L2, L1, L4, ECU4, ECU1, ECU2, ECU3]"
"K1,4a",1073,54,45,"[S, S, S, D0, D1, S, S, D2, O, O, D3, O]","[L1, L3, L2, L4, ECU2, ECU1, ECU3, ECU4]"
"K1,4a",111,202,12925,"[D0, D1, S, S, S, S, S, S, O, D2, O, D3]","[L2, L3, L1, L4, ECU2, ECU4, ECU1, ECU3]"
"K1,4a",756,419,662,"[S, D0, D1, D2, S, S, S, D3, O, O, O, O]","[L3, L4, L2, L1, ECU2, ECU4, ECU3, ECU1]"
"K1,4a",45,428,45,"[D0, D1, O, S, D2, D3, S, S, O, O, O, O]","[L3, L4, L2, L1, ECU4, ECU2, ECU1, ECU3]"
"K1,4a",61,173,2154,"[D0, D1, O, S, S, S, S, S, D2, O, O, D3]","[L2, L1, L4, L3, ECU1, ECU4, ECU3, ECU2]"
"K1,4a",861,407,124,"[S, D0, S, D1, S, D2, S, S, O, O, O, D3]","[L3, L4, L1, L2, ECU4, ECU3, ECU2, ECU1]"
"K1,4a",738,277,1905,"[O, S, S, D0, D1, S, S, S, O, O, D2, D3]","[L2, L4, L3, L1, ECU3, ECU1, ECU4, ECU2]"
"K1,4a",360,181,2613,"[D0, S, O, S, S, S, S, D1, O, D2, D3, O]","[L2, L1, L4, L3, ECU3, ECU1, ECU4, ECU2]"
"K1,4a",156,120,8579,"[D0, O, D1, S, S, S, S, S, D2, O, D3, O]","[L1, L4, L3, L2, ECU1, ECU2, ECU3, ECU4]"
"K1,4a",1068,3,45,"[S, S, O, S, S, S, S, S, D0, D1, D2, D3]","[L1, L2, L3, L4, ECU1, ECU3, ECU4, ECU2]"
"K1,4a",558,279,45,"[O, D0, S, S, D1, S, S, S, O, O, D2, D3]","[L2, L4, L3, L1, ECU3, ECU2, ECU4, ECU1]"
"K1,4a",747,536,45,"[O, S, S, D0, S, S, S, S, D1, O, D2, D3]","[L4, L3, L1, L2, ECU2, ECU3, ECU1, ECU4]"
"K1,4a",610,304,3285,"[O, O, D0, S, D1, S, S, S, O, O, D2, D3]","[L3, L1, L2, L4, ECU3, ECU4, ECU1, ECU2]"
"K1,4a",736,494,45,"[O, S, S, D0, D1, S, D2, D3, O, O, O, O]","[L4, L2, L1, L3, ECU3, ECU2, ECU1, ECU4]"
"K1,4a",141,234,195,"[D0, O, D1, S, D2, D3, S, S, O, O, O, O]","[L2, L3, L4, L1, ECU4, ECU1, ECU2, ECU3]"
"K1,4a",641,230,45,"[O, O, S, D0, D1, D2, D3, S, O, O, O, O]","[L2, L3, L4, L1, ECU3, ECU2, ECU1, ECU4]"
"K1,4a",1007,309,45,"[S, S, D0, D1, S, S, D2, S, D3, O, O, O]","[L3, L1, L2, L4, ECU4, ECU2, ECU3, ECU1]"
"K1,4a",436,177,1620,"[O, D0, D1, O, S, S, D2, S, O, D3, O, O]","[L2, L1, L4, L3, ECU2, ECU3, ECU4, ECU1]"
"K1,4a",526,472,45,"[O, D0, S, D1, S, S, D2, D3, O, O, O, O]","[L4, L1, L3, L2, ECU3, ECU4, ECU1, ECU2]"
"K1,4a",637,170,46,"[O, O, O, O, D0, D1, D2, D3, O, O, O, O]","[L2, L1, L4, L3, ECU1, ECU3, ECU2, ECU4]"
"K1,4a",997,64,45,"[S, S, D0, D1, D2, D3, S, S, O, O, O, O]","[L1, L3, L2, L4, ECU3, ECU4, ECU1, ECU2]"
"K1,4a",1061,380,45,"[S, S, O, D0, S, S, S, S, D1, D2, D3, O]","[L3, L2, L4, L1, ECU4, ECU2, ECU1, ECU3]"
"K1,4a",831,543,161,"[S, D0, O, O, S, S, D1, S, D2, D3, O, O]","[L4, L3, L1, L2, ECU3, ECU2, ECU4, ECU1]"
"K1,4a",86,328,1211,"[D0, D1, S, O, S, S, S, D2, O, O, D3, O]","[L3, L1, L4, L2, ECU3, ECU4, ECU1, ECU2]"
"K1,4a",614,80,45,"[O, O, D0, S, S, S, D1, D2, O, D3, O, O]","[L1, L3, L4, L2, ECU2, ECU3, ECU1, ECU4]"
"K1,4a",395,203,45,"[D0, S, S, O, S, S, D1, S, D2, D3, O, O]","[L2, L3, L1, L4, ECU2, ECU4, ECU3, ECU1]"
"K1,4a",796,482,2096,"[S, D0, D1, S, S, S, S, S, D2, O, D3, O]","[L4, L2, L1, L3, ECU1, ECU3, ECU2, ECU4]"
"K1,4a",942,495,45,"[S, O, D0, S, D1, D2, S, D3, O, O, O, O]","[L4, L2, L1, L3, ECU3, ECU2, ECU4, ECU1]"
"K1,4a",1001,157,3910,"[S, S, D0, D1, D2, S, S, S, O, O, O, D3]","[L2, L1, L3, L4, ECU3, ECU1, ECU4, ECU2]"
"K1,4a",888,518,45,"[S, D0, S, O, S, S, S, S, O, D1, D2, D3]","[L4, L2, L3, L1, ECU3, ECU2, ECU1, ECU4]"
"K1,4a",419,453,576,"[O, D0, D1, D2, S, S, D3, S, O, O, O, O]","[L4, L1, L2, L3, ECU4, ECU2, ECU3, ECU1]"
"K1,4a",624,544,45,"[O, O, O, D0, D1, S, D2, D3, O, O, O, O]","[L4, L3, L1, L2, ECU3, ECU4, ECU1, ECU2]"
"K1,4a",991,220,4421,"[S, O, S, D0, S, S, S, S, D1, O, D2, D3]","[L2, L3, L4, L1, ECU1, ECU4, ECU2, ECU3]"
"K1,4a",516,527,45,"[O, D0, O, S, S, S, S, S, O, D1, D2, D3]","[L4, L2, L3, L1, ECU4, ECU3, ECU2, ECU1]"
"K1,4a",409,366,3817,"[D0, S, S, S, S, D1, S, S, D2, O, O, D3]","[L3, L2, L4, L1, ECU2, ECU1, ECU3, ECU4]"
"K1,4a",399,278,45,"[D0, S, S, O, S, S, S, S, D1, O, D2, D3]","[L2, L4, L3, L1, ECU3, ECU2, ECU1, ECU4]"
"K1,4a",492,565,853,"[O, D0, O, O, S, D1, D2, S, D3, O, O, O]","[L4, L3, L2, L1, ECU3, ECU1, ECU4, ECU2]"
"K1,4a",872,302,45,"[S, D0, S, D1, S, S, S, S, O, O, D2, D3]","[L3, L1, L2, L4, ECU3, ECU2, ECU1, ECU4]"
"K1,4a",304,183,45,"[D0, S, D1, S, S, S, D2, S, O, D3, O, O]","[L2, L1, L4, L3, ECU3, ECU2, ECU4, ECU1]"
"K1,4a",910,479,45,"[S, O, D0, D1, S, D2, D3, S, O, O, O, O]","[L4, L1, L3, L2, ECU4, ECU3, ECU2, ECU1]"
"K1,4a",1074,424,45,"[S, S, S, D0, D1, S, S, S, O, O, D2, D3]","[L3, L4, L2, L1, ECU3, ECU4, ECU1, ECU2]"
"K1,4a",395,31,10912,"[D0, S, S, O, S, S, D1, S, D2, D3, O, O]","[L1, L2, L4, L3, ECU2, ECU1, ECU4, ECU3]"
"K1,4a",28,95,203,"[D0, D1, O, O, D2, S, S, S, O, O, D3, O]","[L1, L3, L4, L2, ECU4, ECU3, ECU2, ECU1]"
"K1,4a",624,388,107,"[O, O, O, D0, D1, S, D2, D3, O, O, O, O]","[L3, L4, L1, L2, ECU1, ECU4, ECU2, ECU3]"
"K1,4a",16,306,2667,"[D0, D1, D2, S, S, S, S, S, O, O, O, D3]","[L3, L1, L2, L4, ECU4, ECU1, ECU2, ECU3]"
"K1,4a",333,44,46,"[D0, S, O, O, D1, D2, D3, S, O, O, O, O]","[L1, L2, L4, L3, ECU4, ECU2, ECU1, ECU3]"
"K1,4a",796,366,6322,"[S, D0, D1, S, S, S, S, S, D2, O, D3, O]","[L3, L2, L4, L1, ECU2, ECU1, ECU3, ECU4]"
"K1,4a",205,323,45,"[D0, O, O, S, S, D1, S, S, D2, O, O, D3]","[L3, L1, L4, L2, ECU2, ECU4, ECU3, ECU1]"
"K1,4a",824,249,45,"[S, D0, O, O, D1, S, D2, D3, O, O, O, O]","[L2, L4, L1, L3, ECU2, ECU3, ECU4, ECU1]"
"K1,4a",751,474,45,"[O, S, S, S, D0, D1, D2, D3, O, O, O, O]","[L4, L1, L3, L2, ECU4, ECU1, ECU2, ECU3]"
"K1,4a",146,18,147,"[D0, O, D1, S, S, D2, D3, S, O, O, O, O]","[L1, L2, L3, L4, ECU4, ECU1, ECU2, ECU3]"
"K1,4a",286,343,485,"[D0, S, D1, O, S, S, S, D2, O, O, D3, O]","[L3, L2, L1, L4, ECU2, ECU1, ECU4, ECU3]"
"K1,4a",974,569,2496,"[S, O, O, O, S, S, S, S, D0, D1, D2, D3]","[L4, L3, L2, L1, ECU3, ECU4, ECU2, ECU1]"
"K1,4a",886,398,2207,"[S, D0, S, O, S, S, S, S, D1, D2, O, D3]","[L3, L4, L1, L2, ECU3, ECU2, ECU1, ECU4]"
"K1,4a",781,369,895,"[S, D0, D1, S, D2, D3, S, S, O, O, O, O]","[L3, L2, L4, L1, ECU2, ECU3, ECU4, ECU1]"
"K1,4a",953,542,2446,"[S, O, D0, S, S, S, S, S, D1, D2, D3, O]","[L4, L3, L1, L2, ECU3, ECU2, ECU1, ECU4]"
"K1,4a",692,501,4394,"[O, S, D0, O, S, S, S, D1, O, D2, D3, O]","[L4, L2, L1, L3, ECU4, ECU2, ECU3, ECU1]"
"K1,4a",77,535,798,"[D0, D1, S, O, D2, S, S, S, O, O, O, D3]","[L4, L3, L1, L2, ECU2, ECU1, ECU4, ECU3]"
"K1,4a",938,117,1007,"[S, O, D0, O, S, S, S, S, D1, D2, O, D3]","[L1, L4, L2, L3, ECU4, ECU2, ECU3, ECU1]"
"K1,4a",949,399,45,"[S, O, D0, S, S, D1, S, S, D2, O, O, D3]","[L3, L4, L1, L2, ECU3, ECU2, ECU4, ECU1]"
"K1,4a",679,176,45,"[O, S, D0, D1, S, S, S, S, O, D2, O, D3]","[L2, L1, L4, L3, ECU2, ECU3, ECU1, ECU4]"
"K1,4a",507,105,45,"[O, D0, O, S, S, D1, D2, D3, O, O, O, O]","[L1, L4, L2, L3, ECU2, ECU3, ECU4, ECU1]"
"K1,4a",39,206,2318,"[D0, D1, O, O, S, S, S, S, D2, D3, O, O]","[L2, L3, L1, L4, ECU3, ECU2, ECU1, ECU4]"
"K1,4a",454,41,45,"[O, D0, D1, S, S, S, D2, D3, O, O, O, O]","[L1, L2, L4, L3, ECU3, ECU4, ECU2, ECU1]"
"K1,4a",934,552,107,"[S, O, D0, O, S, S, D1, D2, O, D3, O, O]","[L4, L3, L2, L1, ECU1, ECU2, ECU3, ECU4]"
"K1,4a",701,77,196,"[O, S, D0, S, D1, S, S, D2, O, O, D3, O]","[L1, L3, L4, L2, ECU1, ECU4, ECU3, ECU2]"
"K1,4a",886,102,45,"[S, D0, S, O, S, S, S, S, D1, D2, O, D3]","[L1, L4, L2, L3, ECU2, ECU1, ECU3, ECU4]"
"K1,4a",629,494,211,"[O, O, O, D0, S, D1, S, S, D2, O, O, D3]","[L4, L2, L1, L3, ECU3, ECU2, ECU1, ECU4]"
"K1,4a",620,520,2526,"[O, O, D0, S, S, S, S, S, O, D1, D2, D3]","[L4, L2, L3, L1, ECU3, ECU4, ECU1, ECU2]"
"K1,4a",649,142,90,"[O, O, S, D0, S, D1, S, S, D2, O, O, D3]","[L1, L4, L3, L2, ECU4, ECU3, ECU1, ECU2]"
"K1,4a",779,488,3219,"[S, D0, D1, O, S, S, S, S, O, D2, O, D3]","[L4, L2, L1, L3, ECU2, ECU3, ECU1, ECU4]"
"K1,4a",893,140,45,"[S, D0, S, S, D1, S, S, D2, O, O, D3, O]","[L1, L4, L3, L2, ECU4, ECU2, ECU1, ECU3]"
"K1,4a",206,72,87,"[D0, O, O, S, S, S, D1, D2, O, D3, O, O]","[L1, L3, L4, L2, ECU1, ECU2, ECU3, ECU4]"
"K1,4a",552,29,2883,"[O, D0, S, O, S, S, S, S, O, D1, D2, D3]","[L1, L2, L4, L3, ECU1, ECU4, ECU3, ECU2]"
"K1,4a",940,186,968,"[S, O, D0, O, S, S, S, S, O, D1, D2, D3]","[L2, L1, L4, L3, ECU4, ECU1, ECU2, ECU3]"
"K1,4a",1056,70,45,"[S, S, O, D0, S, D1, D2, S, D3, O, O, O]","[L1, L3, L2, L4, ECU4, ECU3, ECU1, ECU2]"
"K1,4a",787,525,45,"[S, D0, D1, S, S, D2, S, D3, O, O, O, O]","[L4, L2, L3, L1, ECU4, ECU2, ECU3, ECU1]"
"K1,4a",1059,487,907,"[S, S, O, D0, S, S, D1, S, D2, D3, O, O]","[L4, L2, L1, L3, ECU2, ECU1, ECU4, ECU3]"
"K1,4a",394,492,45,"[D0, S, S, O, S, S, D1, D2, O, D3, O, O]","[L4, L2, L1, L3, ECU3, ECU1, ECU2, ECU4]"
"K1,4a",609,403,45,"[O, O, D0, S, D1, S, S, D2, O, O, D3, O]","[L3, L4, L1, L2, ECU4, ECU1, ECU3, ECU2]"
"K1,4a",636,216,7984,"[O, O, O, D0, S, S, S, S, O, D1, D2, D3]","[L2, L3, L4, L1, ECU1, ECU2, ECU3, ECU4]"
"K1,4a",341,540,2994,"[D0, S, O, O, S, D1, S, S, D2, O, O, D3]","[L4, L3, L1, L2, ECU3, ECU1, ECU2, ECU4]"
"K1,4a",263,5,10454,"[D0, O, S, S, S, S, S, S, D1, O, D2, D3]","[L1, L2, L3, L4, ECU1, ECU4, ECU3, ECU2]"
"K1,4a",845,571,3187,"[S, D0, O, S, S, D1, S, S, D2, O, O, D3]","[L4, L3, L2, L1, ECU4, ECU1, ECU3, ECU2]"
"K1,4a",1032,547,45,"[S, S, D0, O, S, S, S, S, O, D1, D2, D3]","[L4, L3, L1, L2, ECU4, ECU1, ECU3, ECU2]"
"K1,4a",989,97,2313,"[S, O, S, D0, S, S, S, S, D1, D2, D3, O]","[L1, L4, L2, L3, ECU1, ECU2, ECU4, ECU3]"
"K1,4a",540,31,45,"[O, D0, S, O, D1, S, D2, D3, O, O, O, O]","[L1, L2, L4, L3, ECU2, ECU1, ECU4, ECU3]"
"K1,4a",754,416,599,"[S, D0, D1, D2, S, D3, S, S, O, O, O, O]","[L3, L4, L2, L1, ECU2, ECU3, ECU1, ECU4]"
"K1,4a",875,274,1244,"[S, D0, S, O, D1, D2, S, S, O, O, O, D3]","[L2, L4, L3, L1, ECU2, ECU4, ECU1, ECU3]"
"K1,4a",721,211,1834,"[O, S, O, D0, S, D1, S, S, D2, O, O, D3]","[L2, L3, L1, L4, ECU4, ECU1, ECU3, ECU2]"
"K1,4a",938,210,45,"[S, O, D0, O, S, S, S, S, D1, D2, O, D3]","[L2, L3, L1, L4, ECU4, ECU1, ECU2, ECU3]"
"K1,4a",883,533,3665,"[S, D0, S, O, S, S, D1, S, D2, D3, O, O]","[L4, L3, L1, L2, ECU1, ECU4, ECU3, ECU2]"
"K1,4a",931,373,45,"[S, O, D0, O, S, D1, D2, D3, O, O, O, O]","[L3, L2, L4, L1, ECU3, ECU1, ECU4, ECU2]"
"K1,4a",852,481,2095,"[S, D0, O, S, S, S, S, S, O, D1, D2, D3]","[L4, L2, L1, L3, ECU1, ECU2, ECU4, ECU3]"
"K1,4a",220,521,190,"[D0, O, S, D1, S, D2, S, S, D3, O, O, O]","[L4, L2, L3, L1, ECU3, ECU4, ECU2, ECU1]"
"K1,4a",616,147,11790,"[O, O, D0, S, S, S, S, D1, O, D2, D3, O]","[L2, L1, L3, L4, ECU1, ECU3, ECU4, ECU2]"
"K1,4a",734,348,45,"[O, S, S, D0, D1, D2, S, D3, O, O, O, O]","[L3, L2, L1, L4, ECU3, ECU1, ECU2, ECU4]"
"K1,4a",706,1,150,"[O, S, D0, S, S, S, D1, D2, O, D3, O, O]","[L1, L2, L3, L4, ECU1, ECU2, ECU4, ECU3]"
"K1,4a",140,406,478,"[D0, O, D1, O, S, S, S, S, O, O, D2, D3]","[L3, L4, L1, L2, ECU4, ECU3, ECU1, ECU2]"
"K1,4a",10,27,87,"[D0, D1, D2, S, S, D3, S, S, O, O, O, O]","[L1, L2, L4, L3, ECU1, ECU3, ECU4, ECU2]"
"K1,4a",386,484,205,"[D0, S, S, O, D1, D2, S, D3, O, O, O, O]","[L4, L2, L1, L3, ECU1, ECU4, ECU2, ECU3]"
"K1,4a",684,540,45,"[O, S, D0, O, D1, S, D2, D3, O, O, O, O]","[L4, L3, L1, L2, ECU3, ECU1, ECU2, ECU4]"
"K1,4a",252,361,153,"[D0, O, S, S, D1, S, D2, D3, O, O, O, O]","[L3, L2, L4, L1, ECU1, ECU2, ECU4, ECU3]"
"K1,4a",323,231,2438,"[D0, S, O, D1, S, S, D2, S, D3, O, O, O]","[L2, L3, L4, L1, ECU3, ECU2, ECU4, ECU1]"
"K1,4a",937,50,1789,"[S, O, D0, O, S, S, S, S, D1, D2, D3, O]","[L1, L3, L2, L4, ECU1, ECU3, ECU2, ECU4]"
"K1,4a",997,464,3494,"[S, S, D0, D1, D2, D3, S, S, O, O, O, O]","[L4, L1, L3, L2, ECU2, ECU3, ECU1, ECU4]"
"K1,4a",942,447,45,"[S, O, D0, S, D1, D2, S, D3, O, O, O, O]","[L4, L1, L2, L3, ECU3, ECU2, ECU4, ECU1]"
"K1,4a",750,121,1707,"[O, S, S, O, S, S, S, S, D0, D1, D2, D3]","[L1, L4, L3, L2, ECU1, ECU2, ECU4, ECU3]"
"K1,4a",758,99,992,"[S, D0, D1, D2, S, S, S, S, O, D3, O, O]","[L1, L4, L2, L3, ECU1, ECU3, ECU4, ECU2]"
"K1,4a",373,70,3772,"[D0, S, S, D1, S, D2, S, S, O, O, O, D3]","[L1, L3, L2, L4, ECU4, ECU3, ECU1, ECU2]"
"K1,4a",865,488,10685,"[S, D0, S, D1, S, S, S, D2, O, D3, O, O]","[L4, L2, L1, L3, ECU2, ECU3, ECU1, ECU4]"
"K1,4a",1048,150,45,"[S, S, D0, S, S, S, S, S, O, D1, D2, D3]","[L2, L1, L3, L4, ECU2, ECU1, ECU3, ECU4]"
"K1,4a",903,233,45,"[S, D0, S, S, S, S, S, S, D1, O, D2, D3]","[L2, L3, L4, L1, ECU3, ECU4, ECU2, ECU1]"
"K1,4a",174,447,843,"[D0, O, O, D1, S, S, S, D2, O, O, D3, O]","[L4, L1, L2, L3, ECU3, ECU2, ECU4, ECU1]"
"K1,4a",150,59,45,"[D0, O, D1, S, S, S, D2, D3, O, O, O, O]","[L1, L3, L2, L4, ECU2, ECU4, ECU3, ECU1]"
"K1,4a",700,213,46,"[O, S, D0, S, D1, S, D2, D3, O, O, O, O]","[L2, L3, L1, L4, ECU4, ECU2, ECU3, ECU1]"
"K1,4a",75,75,19044,"[D0, D1, S, O, D2, S, S, D3, O, O, O, O]","[L1, L3, L4, L2, ECU1, ECU3, ECU4, ECU2]"
"K1,4a",470,482,107,"[O, D0, O, D1, S, D2, D3, S, O, O, O, O]","[L4, L2, L1, L3, ECU1, ECU3, ECU2, ECU4]"
"K1,4a",616,89,2186,"[O, O, D0, S, S, S, S, D1, O, D2, D3, O]","[L1, L3, L4, L2, ECU3, ECU4, ECU2, ECU1]"
"K1,4a",217,467,78,"[D0, O, S, D1, D2, S, S, S, O, O, O, D3]","[L4, L1, L3, L2, ECU2, ECU4, ECU3, ECU1]"
"K1,4a",821,92,45,"[S, D0, O, O, D1, D2, D3, S, O, O, O, O]","[L1, L3, L4, L2, ECU4, ECU2, ECU1, ECU3]"
"K1,4a",340,157,3026,"[D0, S, O, O, S, D1, D2, S, D3, O, O, O]","[L2, L1, L3, L4, ECU3, ECU1, ECU4, ECU2]"
"K1,4a",569,381,45,"[O, O, D0, D1, D2, D3, S, S, O, O, O, O]","[L3, L2, L4, L1, ECU4, ECU2, ECU3, ECU1]"
"K1,4a",755,88,3286,"[S, D0, D1, D2, S, S, D3, S, O, O, O, O]","[L1, L3, L4, L2, ECU3, ECU4, ECU1, ECU2]"
"K1,4a",602,471,1277,"[O, O, D0, O, S, S, S, S, D1, D2, O, D3]","[L4, L1, L3, L2, ECU3, ECU2, ECU4, ECU1]"
"K1,4a",279,457,3047,"[D0, S, D1, O, S, D2, S, D3, O, O, O, O]","[L4, L1, L3, L2, ECU1, ECU2, ECU4, ECU3]"
"K1,4a",819,563,17442,"[S, D0, O, D1, S, S, S, S, O, D2, O, D3]","[L4, L3, L2, L1, ECU2, ECU4, ECU3, ECU1]"
"K1,4a",967,90,632,"[S, O, O, D0, S, S, D1, S, D2, D3, O, O]","[L1, L3, L4, L2, ECU4, ECU1, ECU2, ECU3]"
"K1,4a",805,71,243,"[S, D0, O, D1, D2, S, S, S, O, O, O, D3]","[L1, L3, L2, L4, ECU4, ECU3, ECU2, ECU1]"
"K1,4a",958,214,46,"[S, O, O, D0, D1, D2, S, D3, O, O, O, O]","[L2, L3, L1, L4, ECU4, ECU3, ECU1, ECU2]"
"K1,4a",526,272,8378,"[O, D0, S, D1, S, S, D2, D3, O, O, O, O]","[L2, L4, L3, L1, ECU2, ECU3, ECU1, ECU4]"
"K1,4a",936,237,127,"[S, O, D0, O, S, S, S, D1, O, D2, D3, O]","[L2, L3, L4, L1, ECU4, ECU2, ECU3, ECU1]"
"K1,4a",404,208,45,"[D0, S, S, S, D1, S, D2, D3, O, O, O, O]","[L2, L3, L1, L4, ECU3, ECU4, ECU1, ECU2]"
"K1,4a",181,428,45,"[D0, O, O, O, D1, D2, D3, S, O, O, O, O]","[L3, L4, L2, L1, ECU4, ECU2, ECU1, ECU3]"
"K1,4a",853,86,2613,"[S, D0, S, D1, D2, D3, S, S, O, O, O, O]","[L1, L3, L4, L2, ECU3, ECU2, ECU1, ECU4]"
"K1,4a",1049,436,153,"[S, S, O, D0, D1, D2, D3, S, O, O, O, O]","[L4, L1, L2, L3, ECU1, ECU4, ECU2, ECU3]"
"K1,4a",216,381,45,"[D0, O, S, D1, D2, S, S, S, O, O, D3, O]","[L3, L2, L4, L1, ECU4, ECU2, ECU3, ECU1]"
"K1,4a",460,511,1355,"[O, D0, D1, S, S, S, S, S, D2, O, D3, O]","[L4, L2, L3, L1, ECU2, ECU1, ECU4, ECU3]"
"K1,4a",407,490,45,"[D0, S, S, S, S, D1, D2, D3, O, O, O, O]","[L4, L2, L1, L3, ECU2, ECU4, ECU1, ECU3]"
"K1,4a",115,280,87,"[D0, O, D1, D2, S, S, D3, S, O, O, O, O]","[L2, L4, L3, L1, ECU3, ECU4, ECU1, ECU2]"
"K1,4a",241,112,427,"[D0, O, S, O, S, D1, S, S, D2, O, O, D3]","[L1, L4, L2, L3, ECU3, ECU4, ECU1, ECU2]"
"K1,4a",763,31,202,"[S, D0, D1, O, D2, S, S, D3, O, O, O, O]","[L1, L2, L4, L3, ECU2, ECU1, ECU4, ECU3]"
"K1,4a",361,277,1607,"[D0, S, O, S, S, S, S, S, D1, D2, D3, O]","[L2, L4, L3, L1, ECU3, ECU1, ECU4, ECU2]"
"K1,4a",513,336,16679,"[O, D0, O, S, S, S, S, S, D1, D2, D3, O]","[L3, L2, L1, L4, ECU1, ECU2, ECU3, ECU4]"
"K1,4a",529,57,4470,"[O, D0, S, D1, S, S, S, D2, O, D3, O, O]","[L1, L3, L2, L4, ECU2, ECU3, ECU4, ECU1]"
"K1,4a",450,52,150,"[O, D0, D1, S, S, D2, D3, S, O, O, O, O]","[L1, L3, L2, L4, ECU1, ECU4, ECU2, ECU3]"
"K1,4a",409,453,45,"[D0, S, S, S, S, D1, S, S, D2, O, O, D3]","[L4, L1, L2, L3, ECU4, ECU2, ECU3, ECU1]"
"K1,4a",560,188,45,"[O, D0, S, S, S, D1, D2, S, D3, O, O, O]","[L2, L1, L4, L3, ECU4, ECU2, ECU1, ECU3]"
"K1,4a",385,324,45,"[D0, S, S, O, D1, D2, D3, S, O, O, O, O]","[L3, L1, L4, L2, ECU3, ECU1, ECU2, ECU4]"
"K1,4a",773,432,69,"[S, D0, D1, O, S, S, S, D2, O, D3, O, O]","[L4, L1, L2, L3, ECU1, ECU2, ECU3, ECU4]"
"K1,4a",1015,274,45,"[S, S, D0, D1, S, S, S, S, O, D2, O, D3]","[L2, L4, L3, L1, ECU2, ECU4, ECU1, ECU3]"
"K1,4a",974,105,2526,"[S, O, O, O, S, S, S, S, D0, D1, D2, D3]","[L1, L4, L2, L3, ECU2, ECU3, ECU4, ECU1]"
"K1,4a",993,232,46,"[S, O, S, O, D0, D1, D2, D3, O, O, O, O]","[L2, L3, L4, L1, ECU3, ECU4, ECU1, ECU2]"
"K1,4a",825,174,45,"[S, D0, O, O, D1, S, S, D2, O, O, D3, O]","[L2, L1, L4, L3, ECU2, ECU1, ECU3, ECU4]"
"K1,4a",541,559,717,"[O, D0, S, O, D1, S, S, D2, O, O, D3, O]","[L4, L3, L2, L1, ECU2, ECU1, ECU4, ECU3]"
"K1,4a",903,421,45,"[S, D0, S, S, S, S, S, S, D1, O, D2, D3]","[L3, L4, L2, L1, ECU3, ECU1, ECU4, ECU2]"
"K1,4a",750,368,45,"[O, S, S, O, S, S, S, S, D0, D1, D2, D3]","[L3, L2, L4, L1, ECU2, ECU3, ECU1, ECU4]"
"K1,4a",992,31,1599,"[S, O, S, D0, S, S, S, S, O, D1, D2, D3]","[L1, L2, L4, L3, ECU2, ECU1, ECU4, ECU3]"
"K1,4a",611,502,45,"[O, O, D0, S, S, D1, D2, D3, O, O, O, O]","[L4, L2, L1, L3, ECU4, ECU3, ECU1, ECU2]"
"K1,4a",1068,83,45,"[S, S, O, S, S, S, S, S, D0, D1, D2, D3]","[L1, L3, L4, L2, ECU2, ECU4, ECU3, ECU1]"
"K1,4a",583,564,1068,"[O, O, D0, D1, S, S, S, S, D2, D3, O, O]","[L4, L3, L2, L1, ECU3, ECU1, ECU2, ECU4]"
"K1,4a",769,23,226,"[S, D0, D1, O, S, D2, S, S, O, O, O, D3]","[L1, L2, L3, L4, ECU4, ECU3, ECU2, ECU1]"
"K1,4a",251,380,45,"[D0, O, S, S, D1, D2, S, S, O, O, O, D3]","[L3, L2, L4, L1, ECU4, ECU2, ECU1, ECU3]"
"K1,4a",1059,130,45,"[S, S, O, D0, S, S, D1, S, D2, D3, O, O]","[L1, L4, L3, L2, ECU2, ECU4, ECU1, ECU3]"
"K1,4a",470,3,107,"[O, D0, O, D1, S, D2, D3, S, O, O, O, O]","[L1, L2, L3, L4, ECU1, ECU3, ECU4, ECU2]"
"K1,4a",733,149,202,"[O, S, S, D0, D1, D2, D3, S, O, O, O, O]","[L2, L1, L3, L4, ECU1, ECU4, ECU3, ECU2]"
"K1,4a",51,215,45,"[D0, D1, O, S, S, D2, S, D3, O, O, O, O]","[L2, L3, L1, L4, ECU4, ECU3, ECU2, ECU1]"
"K1,4a",94,142,45,"[D0, D1, S, S, D2, S, D3, S, O, O, O, O]","[L1, L4, L3, L2, ECU4, ECU3, ECU1, ECU2]"
"K1,4a",1063,155,2428,"[S, S, O, D0, S, S, S, S, D1, O, D2, D3]","[L2, L1, L3, L4, ECU2, ECU4, ECU3, ECU1]"
"K1,4a",260,248,228,"[D0, O, S, S, S, S, S, D1, O, D2, D3, O]","[L2, L4, L1, L3, ECU2, ECU3, ECU1, ECU4]"
"K1,4a",1042,256,3319,"[S, S, D0, S, S, S, D1, D2, O, D3, O, O]","[L2, L4, L1, L3, ECU3, ECU4, ECU1, ECU2]"
"K1,4a",492,327,161,"[O, D0, O, O, S, D1, D2, S, D3, O, O, O]","[L3, L1, L4, L2, ECU3, ECU2, ECU4, ECU1]"
"K1,4a",266,346,187,"[D0, S, D1, D2, S, D3, S, S, O, O, O, O]","[L3, L2, L1, L4, ECU2, ECU4, ECU1, ECU3]"
"K1,4a",934,407,189,"[S, O, D0, O, S, S, D1, D2, O, D3, O, O]","[L3, L4, L1, L2, ECU4, ECU3, ECU2, ECU1]"
"K1,4a",984,411,87,"[S, O, S, D0, S, D1, D2, S, D3, O, O, O]","[L3, L4, L2, L1, ECU1, ECU3, ECU4, ECU2]"
"K1,4a",349,22,46,"[D0, S, O, S, D1, D2, D3, S, O, O, O, O]","[L1, L2, L3, L4, ECU4, ECU3, ECU1, ECU2]"
"K1,4a",172,384,150,"[D0, O, O, D1, S, S, D2, S, O, D3, O, O]","[L3, L4, L1, L2, ECU1, ECU2, ECU3, ECU4]"
"K1,4a",254,490,45,"[D0, O, S, S, D1, S, S, S, O, O, D2, D3]","[L4, L2, L1, L3, ECU2, ECU4, ECU1, ECU3]"
"K1,4a",734,193,202,"[O, S, S, D0, D1, D2, S, D3, O, O, O, O]","[L2, L3, L1, L4, ECU1, ECU2, ECU4, ECU3]"
"K1,4a",1023,296,45,"[S, S, D0, O, S, D1, D2, D3, O, O, O, O]","[L3, L1, L2, L4, ECU2, ECU3, ECU1, ECU4]"
"K1,4a",1063,349,45,"[S, S, O, D0, S, S, S, S, D1, O, D2, D3]","[L3, L2, L1, L4, ECU3, ECU1, ECU4, ECU2]"
"K1,4a",155,486,3643,"[D0, O, D1, S, S, S, S, S, D2, D3, O, O]","[L4, L2, L1, L3, ECU2, ECU1, ECU3, ECU4]"
"K1,4a",1005,368,7419,"[S, S, D0, D1, S, D2, S, S, O, O, O, D3]","[L3, L2, L4, L1, ECU2, ECU3, ECU1, ECU4]"
"K1,4a",45,413,153,"[D0, D1, O, S, D2, D3, S, S, O, O, O, O]","[L3, L4, L2, L1, ECU1, ECU4, ECU3, ECU2]"
"K1,4a",500,461,7378,"[O, D0, O, O, S, S, S, S, O, D1, D2, D3]","[L4, L1, L3, L2, ECU1, ECU4, ECU3, ECU2]"
"K1,4a",1009,465,45,"[S, S, D0, D1, S, S, S, D2, O, D3, O, O]","[L4, L1, L3, L2, ECU2, ECU3, ECU4, ECU1]"
"K1,4a",718,533,730,"[O, S, O, D0, D1, S, S, S, O, O, D2, D3]","[L4, L3, L1, L2, ECU1, ECU4, ECU3, ECU2]"
"K1,4a",505,143,159,"[O, D0, O, S, D1, S, S, D2, O, O, D3, O]","[L1, L4, L3, L2, ECU4, ECU3, ECU2, ECU1]"
"K1,4a",173,318,110,"[D0, O, O, D1, S, S, S, D2, O, D3, O, O]","[L3, L1, L4, L2, ECU2, ECU1, ECU3, ECU4]"
"K1,4a",538,73,150,"[O, D0, S, O, D1, D2, S, D3, O, O, O, O]","[L1, L3, L4, L2, ECU1, ECU2, ECU4, ECU3]"
"K1,4a",280,392,6295,"[D0, S, D1, O, S, D2, S, S, D3, O, O, O]","[L3, L4, L1, L2, ECU2, ECU3, ECU1, ECU4]"
"K1,4a",293,552,202,"[D0, S, D1, S, D2, D3, S, S, O, O, O, O]","[L4, L3, L2, L1, ECU1, ECU2, ECU3, ECU4]"
"K1,4a",727,458,1798,"[O, S, O, D0, S, S, S, S, D1, O, D2, D3]","[L4, L1, L3, L2, ECU1, ECU3, ECU2, ECU4]"
"K1,4a",985,261,107,"[S, O, S, D0, S, D1, S, S, D2, O, O, D3]","[L2, L4, L1, L3, ECU4, ECU2, ECU3, ECU1]"
"K1,4a",1000,379,87,"[S, S, D0, D1, D2, S, S, S, O, O, D3, O]","[L3, L2, L4, L1, ECU4, ECU1, ECU3, ECU2]"
"K1,4a",416,36,45,"[D0, S, S, S, S, S, S, S, O, D1, D2, D3]","[L1, L2, L4, L3, ECU3, ECU1, ECU2, ECU4]"
"K1,4a",1062,19,45,"[S, S, O, D0, S, S, S, S, D1, D2, O, D3]","[L1, L2, L3, L4, ECU4, ECU1, ECU3, ECU2]"
"K1,4a",1023,141,183,"[S, S, D0, O, S, D1, D2, D3, O, O, O, O]","[L1, L4, L3, L2, ECU4, ECU2, ECU3, ECU1]"
"K1,4a",649,187,1399,"[O, O, S, D0, S, D1, S, S, D2, O, O, D3]","[L2, L1, L4, L3, ECU4, ECU1, ECU3, ECU2]"
"K1,4a",198,514,45,"[D0, O, O, S, D1, D2, S, D3, O, O, O, O]","[L4, L2, L3, L1, ECU2, ECU4, ECU1, ECU3]"
"K1,4a",678,120,2573,"[O, S, D0, D1, S, S, S, S, O, D2, D3, O]","[L1, L4, L3, L2, ECU1, ECU2, ECU3, ECU4]"
"K1,4a",721,188,120,"[O, S, O, D0, S, D1, S, S, D2, O, O, D3]","[L2, L1, L4, L3, ECU4, ECU2, ECU1, ECU3]"
"K1,4a",334,255,45,"[D0, S, O, O, D1, D2, S, D3, O, O, O, O]","[L2, L4, L1, L3, ECU3, ECU2, ECU4, ECU1]"
"K1,4a",670,430,45,"[O, S, D0, D1, S, S, D2, D3, O, O, O, O]","[L3, L4, L2, L1, ECU4, ECU3, ECU1, ECU2]"
"K1,4a",472,420,87,"[O, D0, O, D1, S, D2, S, S, D3, O, O, O]","[L3, L4, L2, L1, ECU3, ECU1, ECU2, ECU4]"
"K1,4a",501,478,46,"[O, D0, O, S, D1, D2, D3, S, O, O, O, O]","[L4, L1, L3, L2, ECU4, ECU3, ECU1, ECU2]"
"K1,4a",51,355,107,"[D0, D1, O, S, S, D2, S, D3, O, O, O, O]","[L3, L2, L1, L4, ECU4, ECU1, ECU3, ECU2]"
"K1,4a",268,461,202,"[D0, S, D1, D2, S, S, S, D3, O, O, O, O]","[L4, L1, L3, L2, ECU1, ECU4, ECU3, ECU2]"
"K1,4a",208,53,1294,"[D0, O, O, S, S, S, S, D1, O, D2, D3, O]","[L1, L3, L2, L4, ECU1, ECU4, ECU3, ECU2]"
"K1,4a",163,560,879,"[D0, O, O, D1, D2, S, S, D3, O, O, O, O]","[L4, L3, L2, L1, ECU2, ECU3, ECU1, ECU4]"
"K1,4a",337,365,13379,"[D0, S, O, O, D1, S, S, D2, O, O, D3, O]","[L3, L2, L4, L1, ECU1, ECU4, ECU3, ECU2]"
"K1,4a",170,563,45,"[D0, O, O, D1, S, S, D2, D3, O, O, O, O]","[L4, L3, L2, L1, ECU2, ECU4, ECU3, ECU1]"
"K1,4a",816,56,45,"[S, D0, O, D1, S, S, S, S, D2, O, D3, O]","[L1, L3, L2, L4, ECU2, ECU3, ECU1, ECU4]"
"K1,4a",246,441,8428,"[D0, O, S, O, S, S, S, S, D1, D2, O, D3]","[L4, L1, L2, L3, ECU2, ECU3, ECU4, ECU1]"
"K1,4a",566,512,2843,"[O, D0, S, S, S, S, S, S, D1, D2, O, D3]","[L4, L2, L3, L1, ECU2, ECU3, ECU1, ECU4]"
"K1,4a",155,57,2373,"[D0, O, D1, S, S, S, S, S, D2, D3, O, O]","[L1, L3, L2, L4, ECU2, ECU3, ECU4, ECU1]"
"K1,4a",675,214,1766,"[O, S, D0, D1, S, S, S, S, D2, D3, O, O]","[L2, L3, L1, L4, ECU4, ECU3, ECU1, ECU2]"
"K1,4a",869,204,14270,"[S, D0, S, D1, S, S, S, S, D2, O, O, D3]","[L2, L3, L1, L4, ECU3, ECU1, ECU2, ECU4]"
"K1,4a",985,202,45,"[S, O, S, D0, S, D1, S, S, D2, O, O, D3]","[L2, L3, L1, L4, ECU2, ECU4, ECU1, ECU3]"
"K1,4a",989,64,4967,"[S, O, S, D0, S, S, S, S, D1, D2, D3, O]","[L1, L3, L2, L4, ECU3, ECU4, ECU1, ECU2]"
"K1,4a",1023,344,45,"[S, S, D0, O, S, D1, D2, D3, O, O, O, O]","[L3, L2, L1, L4, ECU2, ECU3, ECU1, ECU4]"
"K1,4a",256,299,172,"[D0, O, S, S, S, D1, D2, S, D3, O, O, O]","[L3, L1, L2, L4, ECU2, ECU4, ECU3, ECU1]"
"K1,4a",742,97,150,"[O, S, S, D0, S, S, D1, D2, O, D3, O, O]","[L1, L4, L2, L3, ECU1, ECU2, ECU4, ECU3]"
"K1,4a",804,414,87,"[S, D0, O, D1, D2, S, S, S, O, O, D3, O]","[L3, L4, L2, L1, ECU2, ECU1, ECU3, ECU4]"
"K1,4a",143,74,87,"[D0, O, D1, S, D2, S, S, D3, O, O, O, O]","[L1, L3, L4, L2, ECU1, ECU3, ECU2, ECU4]"
"K1,4a",882,338,45,"[S, D0, S, O, S, S, D1, D2, O, D3, O, O]","[L3, L2, L1, L4, ECU1, ECU3, ECU2, ECU4]"
"K1,4a",213,54,2191,"[D0, O, S, D1, D2, D3, S, S, O, O, O, O]","[L1, L3, L2, L4, ECU2, ECU1, ECU3, ECU4]"
"K1,4a",342,127,1807,"[D0, S, O, O, S, S, D1, D2, O, D3, O, O]","[L1, L4, L3, L2, ECU2, ECU1, ECU4, ECU3]"
"K1,4a",197,277,45,"[D0, O, O, S, D1, D2, D3, S, O, O, O, O]","[L2, L4, L3, L1, ECU3, ECU1, ECU4, ECU2]"
"K1,4a",928,399,45,"[S, O, D0, O, D1, S, D2, D3, O, O, O, O]","[L3, L4, L1, L2, ECU3, ECU2, ECU4, ECU1]"
"K1,4a",1000,551,68,"[S, S, D0, D1, D2, S, S, S, O, O, D3, O]","[L4, L3, L1, L2, ECU4, ECU3, ECU2, ECU1]"
"K1,4a",450,297,1790,"[O, D0, D1, S, S, D2, D3, S, O, O, O, O]","[L3, L1, L2, L4, ECU2, ECU3, ECU4, ECU1]"
"K1,4a",254,160,45,"[D0, O, S, S, D1, S, S, S, O, O, D2, D3]","[L2, L1, L3, L4, ECU3, ECU4, ECU1, ECU2]"
"K1,4a",492,480,107,"[O, D0, O, O, S, D1, D2, S, D3, O, O, O]","[L4, L2, L1, L3, ECU1, ECU2, ECU3, ECU4]"
"K1,4a",891,485,110,"[S, D0, S, S, D1, D2, S, S, O, O, O, D3]","[L4, L2, L1, L3, ECU1, ECU4, ECU3, ECU2]"
"K1,4a",928,36,45,"[S, O, D0, O, D1, S, D2, D3, O, O, O, O]","[L1, L2, L4, L3, ECU3, ECU1, ECU2, ECU4]"
"K1,4a",609,468,45,"[O, O, D0, S, D1, S, S, D2, O, O, D3, O]","[L4, L1, L3, L2, ECU3, ECU1, ECU2, ECU4]"
"K1,4a",220,277,599,"[D0, O, S, D1, S, D2, S, S, D3, O, O, O]","[L2, L4, L3, L1, ECU3, ECU1, ECU4, ECU2]"
"K1,4a",203,407,943,"[D0, O, O, S, S, D1, D2, D3, O, O, O, O]","[L3, L4, L1, L2, ECU4, ECU3, ECU2, ECU1]"
"K1,4a",103,181,5527,"[D0, D1, S, S, S, S, D2, S, D3, O, O, O]","[L2, L1, L4, L3, ECU3, ECU1, ECU4, ECU2]"
"K1,4a",718,216,45,"[O, S, O, D0, D1, S, S, S, O, O, D2, D3]","[L2, L3, L4, L1, ECU1, ECU2, ECU3, ECU4]"
"K1,4a",761,9,801,"[S, D0, D1, O, D2, D3, S, S, O, O, O, O]","[L1, L2, L3, L4, ECU2, ECU3, ECU4, ECU1]"
"K1,4a",89,451,2440,"[D0, D1, S, O, S, S, S, S, D2, O, O, D3]","[L4, L1, L2, L3, ECU4, ECU1, ECU3, ECU2]"
"K1,4a",794,457,8442,"[S, D0, D1, S, S, S, S, D2, O, O, D3, O]","[L4, L1, L3, L2, ECU1, ECU2, ECU4, ECU3]"
"K1,4a",770,155,45,"[S, D0, D1, O, S, S, D2, D3, O, O, O, O]","[L2, L1, L3, L4, ECU2, ECU4, ECU3, ECU1]"
"K1,4a",837,526,46,"[S, D0, O, S, D1, D2, D3, S, O, O, O, O]","[L4, L2, L3, L1, ECU4, ECU3, ECU1, ECU2]"
"K1,4a",718,188,235,"[O, S, O, D0, D1, S, S, S, O, O, D2, D3]","[L2, L1, L4, L3, ECU4, ECU2, ECU1, ECU3]"
"K1,4a",326,241,1426,"[D0, S, O, D1, S, S, S, D2, O, O, D3, O]","[L2, L4, L1, L3, ECU1, ECU2, ECU4, ECU3]"
"K1,4a",267,461,202,"[D0, S, D1, D2, S, S, D3, S, O, O, O, O]","[L4, L1, L3, L2, ECU1, ECU4, ECU3, ECU2]"
"K1,4a",550,422,9005,"[O, D0, S, O, S, S, S, S, D1, D2, O, D3]","[L3, L4, L2, L1, ECU3, ECU2, ECU1, ECU4]"
"K1,4a",449,470,8443,"[O, D0, D1, S, D2, S, S, S, O, O, O, D3]","[L4, L1, L3, L2, ECU3, ECU2, ECU1, ECU4]"
"K1,4a",1010,68,1622,"[S, S, D0, D1, S, S, S, D2, O, O, D3, O]","[L1, L3, L2, L4, ECU4, ECU2, ECU1, ECU3]"
"K1,4a",27,566,853,"[D0, D1, O, O, D2, S, S, D3, O, O, O, O]","[L4, L3, L2, L1, ECU3, ECU2, ECU1, ECU4]"
"K1,4a",824,538,45,"[S, D0, O, O, D1, S, D2, D3, O, O, O, O]","[L4, L3, L1, L2, ECU2, ECU4, ECU1, ECU3]"
"K1,4a",91,504,5539,"[D0, D1, S, O, S, S, S, S, O, D2, O, D3]","[L4, L2, L3, L1, ECU1, ECU2, ECU3, ECU4]"
"K1,4a",800,201,45,"[S, D0, D1, S, S, S, S, S, O, O, D2, D3]","[L2, L3, L1, L4, ECU2, ECU3, ECU4, ECU1]"
"K1,4a",426,29,107,"[O, D0, D1, O, D2, S, D3, S, O, O, O, O]","[L1, L2, L4, L3, ECU1, ECU4, ECU3, ECU2]"
"K1,4a",568,455,45,"[O, D0, S, S, S, S, S, S, O, D1, D2, D3]","[L4, L1, L2, L3, ECU4, ECU3, ECU2, ECU1]"
"K1,4a",468,414,87,"[O, D0, O, D1, D2, S, S, S, O, O, D3, O]","[L3, L4, L2, L1, ECU2, ECU1, ECU3, ECU4]"
"K1,4a",948,253,1234,"[S, O, D0, S, S, D1, D2, S, D3, O, O, O]","[L2, L4, L1, L3, ECU3, ECU1, ECU4, ECU2]"
"K1,4a",128,14,5865,"[D0, O, D1, O, S, D2, S, S, D3, O, O, O]","[L1, L2, L3, L4, ECU3, ECU2, ECU1, ECU4]"
"K1,4a",615,250,896,"[O, O, D0, S, S, S, D1, S, D2, D3, O, O]","[L2, L4, L1, L3, ECU2, ECU4, ECU1, ECU3]"
"K1,4a",1079,186,2647,"[S, S, S, D0, S, S, D1, S, D2, D3, O, O]","[L2, L1, L4, L3, ECU4, ECU1, ECU2, ECU3]"
"K1,4a",129,190,578,"[D0, O, D1, O, S, D2, S, S, O, O, O, D3]","[L2, L1, L4, L3, ECU4, ECU3, ECU1, ECU2]"
"K1,4a",404,21,45,"[D0, S, S, S, D1, S, D2, D3, O, O, O, O]","[L1, L2, L3, L4, ECU4, ECU2, ECU3, ECU1]"
"K1,4a",1029,162,45,"[S, S, D0, O, S, S, S, S, D1, D2, D3, O]","[L2, L1, L3, L4, ECU4, ECU1, ECU2, ECU3]"
"K1,4a",103,22,3206,"[D0, D1, S, S, S, S, D2, S, D3, O, O, O]","[L1, L2, L3, L4, ECU4, ECU3, ECU1, ECU2]"
"K1,4a",861,538,4195,"[S, D0, S, D1, S, D2, S, S, O, O, O, D3]","[L4, L3, L1, L2, ECU2, ECU4, ECU1, ECU3]"
"K1,4a",663,303,801,"[O, S, D0, D1, D2, S, S, D3, O, O, O, O]","[L3, L1, L2, L4, ECU3, ECU2, ECU4, ECU1]"
"K1,4a",736,220,87,"[O, S, S, D0, D1, S, D2, D3, O, O, O, O]","[L2, L3, L4, L1, ECU1, ECU4, ECU2, ECU3]"
"K1,4a",98,257,45,"[D0, D1, S, S, S, D2, D3, S, O, O, O, O]","[L2, L4, L1, L3, ECU3, ECU4, ECU2, ECU1]"
"K1,4a",90,145,15253,"[D0, D1, S, O, S, S, S, S, O, D2, D3, O]","[L2, L1, L3, L4, ECU1, ECU2, ECU4, ECU3]"
"K1,4a",313,251,45,"[D0, S, O, D1, D2, D3, S, S, O, O, O, O]","[L2, L4, L1, L3, ECU2, ECU4, ECU3, ECU1]"
"K1,4a",939,501,1697,"[S, O, D0, O, S, S, S, S, D1, O, D2, D3]","[L4, L2, L1, L3, ECU4, ECU2, ECU3, ECU1]"
"K1,4a",72,537,1944,"[D0, D1, S, D2, S, S, S, S, O, O, O, D3]","[L4, L3, L1, L2, ECU2, ECU3, ECU4, ECU1]"
"K1,4a",453,41,45,"[O, D0, D1, S, S, D2, S, S, O, O, O, D3]","[L1, L2, L4, L3, ECU3, ECU4, ECU2, ECU1]"
"K1,4a",351,461,3942,"[D0, S, O, S, D1, D2, S, S, O, O, O, D3]","[L4, L1, L3, L2, ECU1, ECU4, ECU3, ECU2]"
"K1,4a",868,464,45,"[S, D0, S, D1, S, S, S, S, D2, O, D3, O]","[L4, L1, L3, L2, ECU2, ECU3, ECU1, ECU4]"
"K1,4a",287,23,45,"[D0, S, D1, O, S, S, S, S, D2, D3, O, O]","[L1, L2, L3, L4, ECU4, ECU3, ECU2, ECU1]"
"K1,4a",860,527,45,"[S, D0, S, D1, S, D2, S, S, D3, O, O, O]","[L4, L2, L3, L1, ECU4, ECU3, ECU2, ECU1]"
"K1,4a",806,106,45,"[S, D0, O, D1, S, D2, D3, S, O, O, O, O]","[L1, L4, L2, L3, ECU2, ECU4, ECU1, ECU3]"
"K1,4a",321,209,129,"[D0, S, O, D1, S, D2, S, S, O, O, O, D3]","[L2, L3, L1, L4, ECU3, ECU4, ECU2, ECU1]"
"K1,4a",1009,558,87,"[S, S, D0, D1, S, S, S, D2, O, D3, O, O]","[L4, L3, L2, L1, ECU2, ECU1, ECU3, ECU4]"
"K1,4a",567,15,45,"[O, D0, S, S, S, S, S, S, D1, O, D2, D3]","[L1, L2, L3, L4, ECU3, ECU2, ECU4, ECU1]"
"K1,4a",96,125,87,"[D0, D1, S, S, D2, S, S, S, O, O, D3, O]","[L1, L4, L3, L2, ECU1, ECU4, ECU3, ECU2]"
"K1,4a",608,392,45,"[O, O, D0, S, D1, S, D2, D3, O, O, O, O]","[L3, L4, L1, L2, ECU2, ECU3, ECU1, ECU4]"
"K1,4a",1070,314,110,"[S, S, S, D0, D1, D2, S, D3, O, O, O, O]","[L3, L1, L4, L2, ECU1, ECU3, ECU2, ECU4]"
"K1,4a",609,327,223,"[O, O, D0, S, D1, S, S, D2, O, O, D3, O]","[L3, L1, L4, L2, ECU3, ECU2, ECU4, ECU1]"
"K1,4a",79,334,45,"[D0, D1, S, O, S, D2, S, D3, O, O, O, O]","[L3, L1, L4, L2, ECU4, ECU3, ECU1, ECU2]"
"K1,4a",801,319,3392,"[S, D0, O, D1, D2, D3, S, S, O, O, O, O]","[L3, L1, L4, L2, ECU2, ECU1, ECU4, ECU3]"
"K1,4a",1040,375,45,"[S, S, D0, S, S, D1, D2, S, D3, O, O, O]","[L3, L2, L4, L1, ECU3, ECU2, ECU4, ECU1]"
"K1,4a",24,225,7328,"[D0, D1, O, D2, S, S, S, S, O, O, O, D3]","[L2, L3, L4, L1, ECU2, ECU3, ECU4, ECU1]"
"K1,4a",62,280,1407,"[D0, D1, O, S, S, S, S, S, O, D2, D3, O]","[L2, L4, L3, L1, ECU3, ECU4, ECU1, ECU2]"
"K1,4a",990,545,1607,"[S, O, S, D0, S, S, S, S, D1, D2, O, D3]","[L4, L3, L1, L2, ECU3, ECU4, ECU2, ECU1]"
"K1,4a",285,455,45,"[D0, S, D1, O, S, S, S, D2, O, D3, O, O]","[L4, L1, L2, L3, ECU4, ECU3, ECU2, ECU1]"
"K1,4a",266,368,485,"[D0, S, D1, D2, S, D3, S, S, O, O, O, O]","[L3, L2, L4, L1, ECU2, ECU3, ECU1, ECU4]"
"K1,4a",346,135,5230,"[D0, S, O, O, S, S, S, S, D1, D2, O, D3]","[L1, L4, L3, L2, ECU3, ECU2, ECU4, ECU1]"
"K1,4a",605,486,45,"[O, O, D0, S, D1, D2, D3, S, O, O, O, O]","[L4, L2, L1, L3, ECU2, ECU1, ECU3, ECU4]"
"K1,4a",530,424,4289,"[O, D0, S, D1, S, S, S, D2, O, O, D3, O]","[L3, L4, L2, L1, ECU3, ECU4, ECU1, ECU2]"
"K1,4a",345,40,45,"[D0, S, O, O, S, S, S, S, D1, D2, D3, O]","[L1, L2, L4, L3, ECU3, ECU4, ECU1, ECU2]"
"K1,4a",74,172,3640,"[D0, D1, S, O, D2, S, D3, S, O, O, O, O]","[L2, L1, L4, L3, ECU1, ECU4, ECU2, ECU3]"
"K1,4a",185,563,112,"[D0, O, O, O, D1, S, S, D2, O, O, D3, O]","[L4, L3, L2, L1, ECU2, ECU4, ECU3, ECU1]"
"K1,4a",874,163,46,"[S, D0, S, O, D1, D2, S, D3, O, O, O, O]","[L2, L1, L3, L4, ECU4, ECU1, ECU3, ECU2]"
"K1,4a",992,379,3602,"[S, O, S, D0, S, S, S, S, O, D1, D2, D3]","[L3, L2, L4, L1, ECU4, ECU1, ECU3, ECU2]"
"K1,4a",362,83,45,"[D0, S, O, S, S, S, S, S, D1, D2, O, D3]","[L1, L3, L4, L2, ECU2, ECU4, ECU3, ECU1]"
"K1,4a",453,493,599,"[O, D0, D1, S, S, D2, S, S, O, O, O, D3]","[L4, L2, L1, L3, ECU3, ECU1, ECU4, ECU2]"
"K1,4a",1038,478,106,"[S, S, D0, S, D1, S, S, S, O, O, D2, D3]","[L4, L1, L3, L2, ECU4, ECU3, ECU1, ECU2]"
"K1,4a",294,187,195,"[D0, S, D1, S, D2, S, D3, S, O, O, O, O]","[L2, L1, L4, L3, ECU4, ECU1, ECU3, ECU2]"
"K1,4a",756,462,1462,"[S, D0, D1, D2, S, S, S, D3, O, O, O, O]","[L4, L1, L3, L2, ECU2, ECU1, ECU3, ECU4]"
"K1,4a",548,298,4045,"[O, D0, S, O, S, S, S, D1, O, D2, D3, O]","[L3, L1, L2, L4, ECU2, ECU4, ECU1, ECU3]"
"K1,4a",737,453,45,"[O, S, S, D0, D1, S, S, D2, O, O, D3, O]","[L4, L1, L2, L3, ECU4, ECU2, ECU3, ECU1]"
"K1,4a",1004,176,3461,"[S, S, D0, D1, S, D2, S, S, D3, O, O, O]","[L2, L1, L4, L3, ECU2, ECU3, ECU1, ECU4]"
"K1,4a",220,276,87,"[D0, O, S, D1, S, D2, S, S, D3, O, O, O]","[L2, L4, L3, L1, ECU3, ECU1, ECU2, ECU4]"
"K1,4a",436,259,87,"[O, D0, D1, O, S, S, D2, S, O, D3, O, O]","[L2, L4, L1, L3, ECU4, ECU1, ECU3, ECU2]"
"K1,4a",1004,229,7625,"[S, S, D0, D1, S, D2, S, S, D3, O, O, O]","[L2, L3, L4, L1, ECU3, ECU1, ECU4, ECU2]"
"K1,4a",247,42,2994,"[D0, O, S, O, S, S, S, S, D1, O, D2, D3]","[L1, L2, L4, L3, ECU4, ECU1, ECU2, ECU3]"
"K1,4a",352,185,45,"[D0, S, O, S, D1, S, D2, D3, O, O, O, O]","[L2, L1, L4, L3, ECU3, ECU4, ECU2, ECU1]"
"K1,4a",287,457,1319,"[D0, S, D1, O, S, S, S, S, D2, D3, O, O]","[L4, L1, L3, L2, ECU1, ECU2, ECU4, ECU3]"
"K1,4a",461,49,4903,"[O, D0, D1, S, S, S, S, S, D2, O, O, D3]","[L1, L3, L2, L4, ECU1, ECU2, ECU4, ECU3]"
"K1,4a",75,181,87,"[D0, D1, S, O, D2, S, S, D3, O, O, O, O]","[L2, L1, L4, L3, ECU3, ECU1, ECU4, ECU2]"
"K1,4a",815,371,1768,"[S, D0, O, D1, S, S, S, S, D2, D3, O, O]","[L3, L2, L4, L1, ECU2, ECU4, ECU3, ECU1]"
"K1,4a",558,399,45,"[O, D0, S, S, D1, S, S, S, O, O, D2, D3]","[L3, L4, L1, L2, ECU3, ECU2, ECU4, ECU1]"
"K1,4a",592,130,45,"[O, O, D0, O, D1, S, D2, D3, O, O, O, O]","[L1, L4, L3, L2, ECU2, ECU4, ECU1, ECU3]"
"K1,4a",666,535,7023,"[O, S, D0, D1, S, D2, D3, S, O, O, O, O]","[L4, L3, L1, L2, ECU2, ECU1, ECU4, ECU3]"
"K1,4a",914,468,107,"[S, O, D0, D1, S, S, D2, D3, O, O, O, O]","[L4, L1, L3, L2, ECU3, ECU1, ECU2, ECU4]"
"K1,4a",435,206,5577,"[O, D0, D1, O, S, S, D2, S, D3, O, O, O]","[L2, L3, L1, L4, ECU3, ECU2, ECU1, ECU4]"
"K1,4a",644,43,45,"[O, O, S, D0, D1, S, D2, D3, O, O, O, O]","[L1, L2, L4, L3, ECU4, ECU1, ECU3, ECU2]"
"K1,4a",263,319,1105,"[D0, O, S, S, S, S, S, S, D1, O, D2, D3]","[L3, L1, L4, L2, ECU2, ECU1, ECU4, ECU3]"
"K1,4a",202,432,200,"[D0, O, O, S, D1, S, S, S, O, O, D2, D3]","[L4, L1, L2, L3, ECU1, ECU2, ECU3, ECU4]"
"K1,4a",643,494,45,"[O, O, S, D0, D1, D2, S, S, O, O, O, D3]","[L4, L2, L1, L3, ECU3, ECU2, ECU1, ECU4]"
"K1,4a",953,229,45,"[S, O, D0, S, S, S, S, S, D1, D2, D3, O]","[L2, L3, L4, L1, ECU3, ECU1, ECU4, ECU2]"
"K1,4a",1040,325,5314,"[S, S, D0, S, S, D1, D2, S, D3, O, O, O]","[L3, L1, L4, L2, ECU3, ECU1, ECU4, ECU2]"
"K1,4a",574,3,150,"[O, O, D0, D1, S, D2, D3, S, O, O, O, O]","[L1, L2, L3, L4, ECU1, ECU3, ECU4, ECU2]"
"K1,4a",1083,418,45,"[S, S, S, D0, S, S, S, S, D1, O, D2, D3]","[L3, L4, L2, L1, ECU2, ECU4, ECU1, ECU3]"
"K1,4a",939,45,704,"[S, O, D0, O, S, S, S, S, D1, O, D2, D3]","[L1, L2, L4, L3, ECU4, ECU2, ECU3, ECU1]"
"K1,4a",419,164,187,"[O, D0, D1, D2, S, S, D3, S, O, O, O, O]","[L2, L1, L3, L4, ECU4, ECU2, ECU1, ECU3]"
"K1,4a",793,375,2737,"[S, D0, D1, S, S, S, S, D2, O, D3, O, O]","[L3, L2, L4, L1, ECU3, ECU2, ECU4, ECU1]"
"K1,4a",63,183,45,"[D0, D1, O, S, S, S, S, S, O, D2, O, D3]","[L2, L1, L4, L3, ECU3, ECU2, ECU4, ECU1]"
"K1,4a",340,186,45,"[D0, S, O, O, S, D1, D2, S, D3, O, O, O]","[L2, L1, L4, L3, ECU4, ECU1, ECU2, ECU3]"
"K1,4a",964,490,1827,"[S, O, O, D0, S, D1, D2, S, D3, O, O, O]","[L4, L2, L1, L3, ECU2, ECU4, ECU1, ECU3]"
"K1,4a",577,333,112,"[O, O, D0, D1, S, D2, S, S, O, O, O, D3]","[L3, L1, L4, L2, ECU4, ECU2, ECU3, ECU1]"
"K1,4a",596,254,45,"[O, O, D0, O, S, D1, D2, S, D3, O, O, O]","[L2, L4, L1, L3, ECU3, ECU2, ECU1, ECU4]"
"K1,4a",324,538,662,"[D0, S, O, D1, S, S, D2, S, O, D3, O, O]","[L4, L3, L1, L2, ECU2, ECU4, ECU1, ECU3]"
"K1,4a",470,292,87,"[O, D0, O, D1, S, D2, D3, S, O, O, O, O]","[L3, L1, L2, L4, ECU1, ECU4, ECU2, ECU3]"
"K1,4a",975,537,45,"[S, O, O, S, D0, D1, D2, D3, O, O, O, O]","[L4, L3, L1, L2, ECU2, ECU3, ECU4, ECU1]"
"K1,4a",510,92,45,"[O, D0, O, S, S, S, D1, D2, O, D3, O, O]","[L1, L3, L4, L2, ECU4, ECU2, ECU1, ECU3]"
"K1,4a",258,547,45,"[D0, O, S, S, S, S, D1, D2, O, D3, O, O]","[L4, L3, L1, L2, ECU4, ECU1, ECU3, ECU2]"
"K1,4a",105,471,2672,"[D0, D1, S, S, S, S, S, D2, O, D3, O, O]","[L4, L1, L3, L2, ECU3, ECU2, ECU4, ECU1]"
"K1,4a",1072,539,45,"[S, S, S, D0, D1, S, D2, D3, O, O, O, O]","[L4, L3, L1, L2, ECU2, ECU4, ECU3, ECU1]"
"K1,4a",906,375,12265,"[S, O, D0, D1, D2, S, D3, S, O, O, O, O]","[L3, L2, L4, L1, ECU3, ECU2, ECU4, ECU1]"
"K1,4a",453,328,481,"[O, D0, D1, S, S, D2, S, S, O, O, O, D3]","[L3, L1, L4, L2, ECU3, ECU4, ECU1, ECU2]"
"K1,4a",205,202,1655,"[D0, O, O, S, S, D1, S, S, D2, O, O, D3]","[L2, L3, L1, L4, ECU2, ECU4, ECU1, ECU3]"
"K1,4a",207,279,226,"[D0, O, O, S, S, S, D1, S, D2, D3, O, O]","[L2, L4, L3, L1, ECU3, ECU2, ECU4, ECU1]"
"K1,4a",623,367,880,"[O, O, O, D0, D1, D2, S, S, O, O, O, D3]","[L3, L2, L4, L1, ECU2, ECU1, ECU4, ECU3]"
"K1,4a",616,91,2731,"[O, O, D0, S, S, S, S, D1, O, D2, D3, O]","[L1, L3, L4, L2, ECU4, ECU1, ECU3, ECU2]"
"K1,4a",1082,22,45,"[S, S, S, D0, S, S, S, S, D1, D2, O, D3]","[L1, L2, L3, L4, ECU4, ECU3, ECU1, ECU2]"
"K1,4a",629,228,1292,"[O, O, O, D0, S, D1, S, S, D2, O, O, D3]","[L2, L3, L4, L1, ECU3, ECU1, ECU2, ECU4]"
"K1,4a",325,436,12940,"[D0, S, O, D1, S, S, S, D2, O, D3, O, O]","[L4, L1, L2, L3, ECU1, ECU4, ECU2, ECU3]"
"K1,4a",357,409,45,"[D0, S, O, S, S, D1, S, S, D2, O, O, D3]","[L3, L4, L2, L1, ECU1, ECU2, ECU4, ECU3]"
"K1,4a",99,262,45,"[D0, D1, S, S, S, D2, S, D3, O, O, O, O]","[L2, L4, L1, L3, ECU4, ECU3, ECU1, ECU2]"
"K1,4a",895,515,45,"[S, D0, S, S, S, D1, D2, D3, O, O, O, O]","[L4, L2, L3, L1, ECU2, ECU4, ECU3, ECU1]"
"K1,4a",90,61,1580,"[D0, D1, S, O, S, S, S, S, O, D2, D3, O]","[L1, L3, L2, L4, ECU3, ECU1, ECU4, ECU2]"
"K1,4a",209,549,1049,"[D0, O, O, S, S, S, S, S, D1, D2, D3, O]","[L4, L3, L1, L2, ECU4, ECU2, ECU3, ECU1]"
"K1,4a",198,290,150,"[D0, O, O, S, D1, D2, S, D3, O, O, O, O]","[L3, L1, L2, L4, ECU1, ECU3, ECU2, ECU4]"
"K1,4a",132,427,107,"[D0, O, D1, O, S, S, D2, S, O, D3, O, O]","[L3, L4, L2, L1, ECU4, ECU1, ECU3, ECU2]"
"K1,4a",338,359,217,"[D0, S, O, O, D1, S, S, S, O, O, D2, D3]","[L3, L2, L1, L4, ECU4, ECU3, ECU2, ECU1]"
"K1,4a",808,82,632,"[S, D0, O, D1, S, D2, S, S, D3, O, O, O]","[L1, L3, L4, L2, ECU2, ECU4, ECU1, ECU3]"
"K1,4a",93,148,107,"[D0, D1, S, S, D2, D3, S, S, O, O, O, O]","[L2, L1, L3, L4, ECU1, ECU4, ECU2, ECU3]"
"K1,4a",233,78,45,"[D0, O, S, O, D1, D2, D3, S, O, O, O, O]","[L1, L3, L4, L2, ECU2, ECU1, ECU3, ECU4]"
"K1,4a",1016,453,3478,"[S, S, D0, D1, S, S, S, S, O, O, D2, D3]","[L4, L1, L2, L3, ECU4, ECU2, ECU3, ECU1]"
"K1,4a",282,44,45,"[D0, S, D1, O, S, S, D2, D3, O, O, O, O]","[L1, L2, L4, L3, ECU4, ECU2, ECU1, ECU3]"
"K1,4a",863,318,107,"[S, D0, S, D1, S, S, D2, S, D3, O, O, O]","[L3, L1, L4, L2, ECU2, ECU1, ECU3, ECU4]"
"K1,4a",721,439,3676,"[O, S, O, D0, S, D1, S, S, D2, O, O, D3]","[L4, L1, L2, L3, ECU2, ECU1, ECU4, ECU3]"
"K1,4a",458,278,4011,"[O, D0, D1, S, S, S, S, D2, O, O, D3, O]","[L2, L4, L3, L1, ECU3, ECU2, ECU1, ECU4]"
"K1,4a",98,162,87,"[D0, D1, S, S, S, D2, D3, S, O, O, O, O]","[L2, L1, L3, L4, ECU4, ECU1, ECU2, ECU3]"
"K1,4a",724,165,169,"[O, S, O, D0, S, S, S, D1, O, D2, D3, O]","[L2, L1, L3, L4, ECU4, ECU2, ECU3, ECU1]"
"K1,4a",305,64,2041,"[D0, S, D1, S, S, S, S, D2, O, D3, O, O]","[L1, L3, L2, L4, ECU3, ECU4, ECU1, ECU2]"
"K1,4a",413,461,45,"[D0, S, S, S, S, S, S, S, D1, D2, D3, O]","[L4, L1, L3, L2, ECU1, ECU4, ECU3, ECU2]"
"K1,4a",919,130,45,"[S, O, D0, D1, S, S, S, S, D2, D3, O, O]","[L1, L4, L3, L2, ECU2, ECU4, ECU1, ECU3]"
"K1,4a",163,211,193,"[D0, O, O, D1, D2, S, S, D3, O, O, O, O]","[L2, L3, L1, L4, ECU4, ECU1, ECU3, ECU2]"
"K1,4a",940,511,3219,"[S, O, D0, O, S, S, S, S, O, D1, D2, D3]","[L4, L2, L3, L1, ECU2, ECU1, ECU4, ECU3]"
"K1,4a",408,382,45,"[D0, S, S, S, S, D1, D2, S, D3, O, O, O]","[L3, L2, L4, L1, ECU4, ECU3, ECU1, ECU2]"
"K1,4a",11,426,202,"[D0, D1, D2, S, S, S, D3, S, O, O, O, O]","[L3, L4, L2, L1, ECU4, ECU1, ECU2, ECU3]"
"K1,4a",355,248,45,"[D0, S, O, S, S, D1, D2, D3, O, O, O, O]","[L2, L4, L1, L3, ECU2, ECU3, ECU1, ECU4]"
"K1,4a",1023,58,45,"[S, S, D0, O, S, D1, D2, D3, O, O, O, O]","[L1, L3, L2, L4, ECU2, ECU4, ECU1, ECU3]"
"K1,4a",446,26,6821,"[O, D0, D1, S, D2, S, D3, S, O, O, O, O]","[L1, L2, L4, L3, ECU1, ECU3, ECU2, ECU4]"
"K1,4a",145,474,150,"[D0, O, D1, S, D2, S, S, S, O, O, O, D3]","[L4, L1, L3, L2, ECU4, ECU1, ECU2, ECU3]"
"K1,4a",646,177,161,"[O, O, S, D0, D1, S, S, S, O, O, D2, D3]","[L2, L1, L4, L3, ECU2, ECU3, ECU4, ECU1]"
"K1,4a",370,222,87,"[D0, S, S, D1, S, D2, D3, S, O, O, O, O]","[L2, L3, L4, L1, ECU2, ECU1, ECU3, ECU4]"
"K1,4a",645,36,45,"[O, O, S, D0, D1, S, S, D2, O, O, D3, O]","[L1, L2, L4, L3, ECU3, ECU1, ECU2, ECU4]"
"K1,4a",1078,251,45,"[S, S, S, D0, S, S, D1, D2, O, D3, O, O]","[L2, L4, L1, L3, ECU2, ECU4, ECU3, ECU1]"
"K1,4a",381,35,6971,"[D0, S, S, D1, S, S, S, S, D2, O, O, D3]","[L1, L2, L4, L3, ECU2, ECU4, ECU3, ECU1]"
"K1,4a",543,47,46,"[O, D0, S, O, S, D1, D2, D3, O, O, O, O]","[L1, L2, L4, L3, ECU4, ECU3, ECU2, ECU1]"
"K1,4a",523,205,202,"[O, D0, S, D1, S, D2, S, D3, O, O, O, O]","[L2, L3, L1, L4, ECU3, ECU1, ECU4, ECU2]"
"K1,4a",986,248,45,"[S, O, S, D0, S, S, D1, D2, O, D3, O, O]","[L2, L4, L1, L3, ECU2, ECU3, ECU1, ECU4]"
"K1,4a",1070,288,205,"[S, S, S, D0, D1, D2, S, D3, O, O, O, O]","[L3, L1, L2, L4, ECU1, ECU2, ECU3, ECU4]"
"K1,4a",494,365,107,"[O, D0, O, O, S, S, D1, D2, O, D3, O, O]","[L3, L2, L4, L1, ECU1, ECU4, ECU3, ECU2]"
"K1,4a",201,223,801,"[D0, O, O, S, D1, S, S, D2, O, O, D3, O]","[L2, L3, L4, L1, ECU2, ECU1, ECU4, ECU3]"
"K1,4a",413,382,45,"[D0, S, S, S, S, S, S, S, D1, D2, D3, O]","[L3, L2, L4, L1, ECU4, ECU3, ECU1, ECU2]"
"K1,4a",875,171,4143,"[S, D0, S, O, D1, D2, S, S, O, O, O, D3]","[L2, L1, L4, L3, ECU1, ECU3, ECU4, ECU2]"
"K1,4a",570,459,150,"[O, O, D0, D1, D2, S, D3, S, O, O, O, O]","[L4, L1, L3, L2, ECU1, ECU3, ECU4, ECU2]"
"K1,4a",902,327,45,"[S, D0, S, S, S, S, S, S, D1, D2, O, D3]","[L3, L1, L4, L2, ECU3, ECU2, ECU4, ECU1]"
"K1,4a",599,238,112,"[O, O, D0, O, S, S, D1, S, D2, D3, O, O]","[L2, L3, L4, L1, ECU4, ECU3, ECU1, ECU2]"
"K1,4a",892,50,153,"[S, D0, S, S, D1, S, D2, D3, O, O, O, O]","[L1, L3, L2, L4, ECU1, ECU3, ECU2, ECU4]"
"K1,4a",1057,138,4148,"[S, S, O, D0, S, D1, S, S, D2, O, O, D3]","[L1, L4, L3, L2, ECU4, ECU1, ECU2, ECU3]"
"K1,4a",235,371,90,"[D0, O, S, O, D1, D2, S, S, O, O, O, D3]","[L3, L2, L4, L1, ECU2, ECU4, ECU3, ECU1]"
"K1,4a",384,141,1803,"[D0, S, S, D1, S, S, S, S, O, O, D2, D3]","[L1, L4, L3, L2, ECU4, ECU2, ECU3, ECU1]"
"K1,4a",356,82,19169,"[D0, S, O, S, S, D1, D2, S, D3, O, O, O]","[L1, L3, L4, L2, ECU2, ECU4, ECU1, ECU3]"
"K1,4a",220,307,196,"[D0, O, S, D1, S, D2, S, S, D3, O, O, O]","[L3, L1, L2, L4, ECU4, ECU1, ECU3, ECU2]"
"K1,4a",395,21,45,"[D0, S, S, O, S, S, D1, S, D2, D3, O, O]","[L1, L2, L3, L4, ECU4, ECU2, ECU3, ECU1]"
"K1,4a",1010,60,202,"[S, S, D0, D1, S, S, S, D2, O, O, D3, O]","[L1, L3, L2, L4, ECU3, ECU1, ECU2, ECU4]"
"K1,4a",662,124,3783,"[O, S, D0, D1, D2, S, D3, S, O, O, O, O]","[L1, L4, L3, L2, ECU1, ECU4, ECU2, ECU3]"
"K1,4a",867,123,1811,"[S, D0, S, D1, S, S, S, S, D2, D3, O, O]","[L1, L4, L3, L2, ECU1, ECU3, ECU4, ECU2]"
"K1,4a",881,521,2998,"[S, D0, S, O, S, D1, S, S, D2, O, O, D3]","[L4, L2, L3, L1, ECU3, ECU4, ECU2, ECU1]"
"K1,4a",764,66,110,"[S, D0, D1, O, D2, S, S, S, O, O, D3, O]","[L1, L3, L2, L4, ECU4, ECU1, ECU2, ECU3]"
"K1,4a",671,247,1462,"[O, S, D0, D1, S, S, D2, S, D3, O, O, O]","[L2, L4, L1, L3, ECU2, ECU1, ECU4, ECU3]"
"K1,4a",31,309,45,"[D0, D1, O, O, S, D2, S, D3, O, O, O, O]","[L3, L1, L2, L4, ECU4, ECU2, ECU3, ECU1]"
"K1,4a",1033,55,45,"[S, S, D0, S, D1, D2, D3, S, O, O, O, O]","[L1, L3, L2, L4, ECU2, ECU1, ECU4, ECU3]"
"K1,4a",942,355,46,"[S, O, D0, S, D1, D2, S, D3, O, O, O, O]","[L3, L2, L1, L4, ECU4, ECU1, ECU3, ECU2]"
"K1,4a",63,237,45,"[D0, D1, O, S, S, S, S, S, O, D2, O, D3]","[L2, L3, L4, L1, ECU4, ECU2, ECU3, ECU1]"
"K1,4a",999,303,895,"[S, S, D0, D1, D2, S, S, D3, O, O, O, O]","[L3, L1, L2, L4, ECU3, ECU2, ECU4, ECU1]"
"K1,4a",977,408,87,"[S, O, S, D0, D1, D2, D3, S, O, O, O, O]","[L3, L4, L2, L1, ECU1, ECU2, ECU3, ECU4]"
"K1,4a",173,237,156,"[D0, O, O, D1, S, S, S, D2, O, D3, O, O]","[L2, L3, L4, L1, ECU4, ECU2, ECU3, ECU1]"
"K1,4a",306,327,3052,"[D0, S, D1, S, S, S, S, D2, O, O, D3, O]","[L3, L1, L4, L2, ECU3, ECU2, ECU4, ECU1]"
"K1,4a",283,128,1768,"[D0, S, D1, O, S, S, D2, S, D3, O, O, O]","[L1, L4, L3, L2, ECU2, ECU3, ECU1, ECU4]"
"K1,4a",557,512,45,"[O, D0, S, S, D1, S, S, D2, O, O, D3, O]","[L4, L2, L3, L1, ECU2, ECU3, ECU1, ECU4]"
"K1,4a",905,266,150,"[S, O, D0, D1, D2, D3, S, S, O, O, O, O]","[L2, L4, L3, L1, ECU1, ECU3, ECU2, ECU4]"
"K1,4a",892,520,45,"[S, D0, S, S, D1, S, D2, D3, O, O, O, O]","[L4, L2, L3, L1, ECU3, ECU4, ECU1, ECU2]"
"K1,4a",519,474,107,"[O, D0, S, D1, D2, S, S, D3, O, O, O, O]","[L4, L1, L3, L2, ECU4, ECU1, ECU2, ECU3]"
"K1,4a",948,24,190,"[S, O, D0, S, S, D1, D2, S, D3, O, O, O]","[L1, L2, L4, L3, ECU1, ECU2, ECU3, ECU4]"
"K1,4a",600,503,3209,"[O, O, D0, O, S, S, S, D1, O, D2, D3, O]","[L4, L2, L1, L3, ECU4, ECU3, ECU2, ECU1]"
"K1,4a",228,230,5181,"[D0, O, S, D1, S, S, S, S, D2, O, D3, O]","[L2, L3, L4, L1, ECU3, ECU2, ECU1, ECU4]"
"K1,4a",1010,402,107,"[S, S, D0, D1, S, S, S, D2, O, O, D3, O]","[L3, L4, L1, L2, ECU4, ECU1, ECU2, ECU3]"
"K1,4a",206,220,6670,"[D0, O, O, S, S, S, D1, D2, O, D3, O, O]","[L2, L3, L4, L1, ECU1, ECU4, ECU2, ECU3]"
"K1,4a",79,8,3431,"[D0, D1, S, O, S, D2, S, D3, O, O, O, O]","[L1, L2, L3, L4, ECU2, ECU3, ECU1, ECU4]"
"K1,4a",570,560,880,"[O, O, D0, D1, D2, S, D3, S, O, O, O, O]","[L4, L3, L2, L1, ECU2, ECU3, ECU1, ECU4]"
"K1,4a",844,1,110,"[S, D0, O, S, S, D1, D2, S, D3, O, O, O]","[L1, L2, L3, L4, ECU1, ECU2, ECU4, ECU3]"
"K1,4a",331,128,45,"[D0, S, O, D1, S, S, S, S, O, D2, O, D3]","[L1, L4, L3, L2, ECU2, ECU3, ECU1, ECU4]"
