3-PANa,37,284,45,"[D0, S, D1, O, D2, D3, O, S, S, S, O, O, O]","[L2, L4, L3, L1, ECU4, ECU2, ECU1, ECU3]"
3-PANa,144,413,415,"[O, D0, D1, O, S, S, D2, S, S, S, D3, O, O]","[L3, L4, L2, L1, ECU1, ECU4, ECU3, ECU2]"
3-PANa,275,243,26787,"[O, S, S, O, S, S, D0, S, S, S, D1, D2, D3]","[L2, L4, L1, L3, ECU1, ECU3, ECU4, ECU2]"
3-PANa,220,477,1152,"[O, S, D0, O, S, S, D1, S, S, D2, O, D3, O]","[L4, L1, L3, L2, ECU4, ECU2, ECU3, ECU1]"
3-PANa,196,251,6681,"[O, S, D0, O, D1, D2, O, S, S, S, O, O, D3]","[L2, L4, L1, L3, ECU2, ECU4, ECU3, ECU1]"
3-PANa,278,258,573,"[S, D0, D1, O, D2, S, O, S, D3, S, O, O, O]","[L2, L4, L1, L3, ECU4, ECU1, ECU2, ECU3]"
3-PANa,301,182,45,"[S, D0, D1, O, S, S, O, S, S, S, D2, D3, O]","[L2, L1, L4, L3, ECU3, ECU2, ECU1, ECU4]"
3-PANa,380,279,1087,"[S, S, S, D0, D1, S, O, D2, D3, S, O, O, O]","[L2, L4, L3, L1, ECU3, ECU2, ECU4, ECU1]"
3-PANa,51,25,87,"[D0, S, D1, O, S, S, D2, S, D3, S, O, O, O]","[L1, L2, L4, L3, ECU1, ECU2, ECU4, ECU3]"
3-PANa,202,513,3928,"[O, S, D0, O, D1, S, O, S, S, D2, O, D3, O]","[L4, L2, L3, L1, ECU2, ECU3, ECU4, ECU1]"
3-PANa,412,190,45,"[S, S, S, O, D0, D1, O, S, D2, D3, O, O, O]","[L2, L1, L4, L3, ECU4, ECU3, ECU1, ECU2]"
3-PANa,213,60,16136,"[O, S, D0, O, S, D1, O, S, S, S, D2, O, D3]","[L1, L3, L2, L4, ECU3, ECU1, ECU2, ECU4]"
3-PANa,367,114,2411,"[S, S, D0, O, S, S, D1, S, D2, S, D3, O, O]","[L1, L4, L2, L3, ECU4, ECU1, ECU2, ECU3]"
3-PANa,280,302,635,"[S, D0, D1, O, D2, S, O, S, S, S, D3, O, O]","[L3, L1, L2, L4, ECU3, ECU2, ECU1, ECU4]"
3-PANa,149,343,45,"[O, D0, D1, O, S, S, O, D2, S, S, O, O, D3]","[L3, L2, L1, L4, ECU2, ECU1, ECU4, ECU3]"
3-PANa,3,452,45,"[D0, D1, D2, O, S, S, O, D3, S, S, O, O, O]","[L4, L1, L2, L3, ECU4, ECU2, ECU1, ECU3]"
3-PANa,190,141,2851,"[O, D0, S, O, S, S, O, S, S, S, D1, D2, D3]","[L1, L4, L3, L2, ECU4, ECU2, ECU3, ECU1]"
3-PANa,34,269,543,"[D0, D1, S, O, S, S, O, S, S, S, D2, D3, O]","[L2, L4, L3, L1, ECU1, ECU4, ECU3, ECU2]"
3-PANa,6,17,5728,"[D0, D1, D2, O, S, S, O, S, S, S, D3, O, O]","[L1, L2, L3, L4, ECU3, ECU4, ECU2, ECU1]"
3-PANa,177,523,3795,"[O, D0, S, O, S, D1, O, S, S, S, D2, D3, O]","[L4, L2, L3, L1, ECU4, ECU1, ECU3, ECU2]"
3-PANa,273,428,2782,"[O, S, S, O, S, D0, O, S, S, S, D1, D2, D3]","[L3, L4, L2, L1, ECU4, ECU2, ECU1, ECU3]"
3-PANa,267,37,45,"[O, S, S, O, D0, D1, O, S, S, S, D2, D3, O]","[L1, L2, L4, L3, ECU3, ECU1, ECU4, ECU2]"
3-PANa,72,508,193,"[D0, S, S, D1, S, D2, O, D3, S, S, O, O, O]","[L4, L2, L3, L1, ECU1, ECU4, ECU2, ECU3]"
3-PANa,367,280,2645,"[S, S, D0, O, S, S, D1, S, D2, S, D3, O, O]","[L2, L4, L3, L1, ECU3, ECU4, ECU1, ECU2]"
3-PANa,326,311,984,"[S, D0, S, O, S, D1, O, S, S, S, D2, O, D3]","[L3, L1, L2, L4, ECU4, ECU3, ECU2, ECU1]"
3-PANa,228,567,1198,"[O, S, S, D0, D1, D2, O, S, S, D3, O, O, O]","[L4, L3, L2, L1, ECU3, ECU2, ECU4, ECU1]"
3-PANa,77,357,1049,"[D0, S, S, D1, S, D2, O, S, S, S, O, O, D3]","[L3, L2, L1, L4, ECU4, ECU2, ECU3, ECU1]"
3-PANa,56,188,45,"[D0, S, D1, O, S, S, O, D2, D3, S, O, O, O]","[L2, L1, L4, L3, ECU4, ECU2, ECU1, ECU3]"
3-PANa,2,119,1740,"[D0, D1, D2, O, S, S, D3, S, S, S, O, O, O]","[L1, L4, L2, L3, ECU4, ECU3, ECU2, ECU1]"
3-PANa,80,42,7783,"[D0, S, S, D1, S, S, D2, S, S, D3, O, O, O]","[L1, L2, L4, L3, ECU4, ECU1, ECU2, ECU3]"
3-PANa,378,571,45,"[S, S, S, D0, D1, D2, O, S, S, S, O, D3, O]","[L4, L3, L2, L1, ECU4, ECU1, ECU3, ECU2]"
3-PANa,387,27,1941,"[S, S, S, D0, D1, S, O, S, S, S, D2, O, D3]","[L1, L2, L4, L3, ECU1, ECU3, ECU4, ECU2]"
3-PANa,291,194,45,"[S, D0, D1, O, S, S, D2, S, S, D3, O, O, O]","[L2, L3, L1, L4, ECU1, ECU3, ECU2, ECU4]"
3-PANa,115,348,3971,"[D0, S, S, O, S, D1, O, S, S, S, D2, O, D3]","[L3, L2, L1, L4, ECU3, ECU1, ECU2, ECU4]"
3-PANa,219,391,10179,"[O, S, D0, O, S, S, D1, S, D2, S, D3, O, O]","[L3, L4, L1, L2, ECU2, ECU1, ECU4, ECU3]"
3-PANa,179,344,980,"[O, D0, S, O, S, D1, O, S, S, S, O, D2, D3]","[L3, L2, L1, L4, ECU2, ECU3, ECU1, ECU4]"
3-PANa,218,385,14720,"[O, S, D0, O, S, S, D1, S, D2, D3, O, O, O]","[L3, L4, L1, L2, ECU1, ECU2, ECU4, ECU3]"
3-PANa,73,151,1409,"[D0, S, S, D1, S, D2, O, S, D3, S, O, O, O]","[L2, L1, L3, L4, ECU2, ECU1, ECU4, ECU3]"
3-PANa,87,145,110,"[D0, S, S, D1, S, S, O, S, D2, D3, O, O, O]","[L2, L1, L3, L4, ECU1, ECU2, ECU4, ECU3]"
3-PANa,178,263,644,"[O, D0, S, O, S, D1, O, S, S, S, D2, O, D3]","[L2, L4, L1, L3, ECU4, ECU3, ECU2, ECU1]"
3-PANa,110,565,1209,"[D0, S, S, O, S, D1, O, D2, S, S, O, O, D3]","[L4, L3, L2, L1, ECU3, ECU1, ECU4, ECU2]"
3-PANa,234,286,962,"[O, S, S, D0, D1, S, O, D2, S, S, O, O, D3]","[L2, L4, L3, L1, ECU4, ECU3, ECU1, ECU2]"
3-PANa,163,30,30095,"[O, D0, S, O, D1, S, O, D2, S, D3, O, O, O]","[L1, L2, L4, L3, ECU2, ECU1, ECU3, ECU4]"
3-PANa,293,350,1641,"[S, D0, D1, O, S, S, D2, S, S, S, O, D3, O]","[L3, L2, L1, L4, ECU3, ECU2, ECU1, ECU4]"
3-PANa,256,48,11929,"[O, S, S, D0, S, S, D1, S, S, S, D2, D3, O]","[L1, L3, L2, L4, ECU1, ECU2, ECU3, ECU4]"
3-PANa,30,77,87,"[D0, D1, S, O, S, S, O, D2, S, S, O, O, D3]","[L1, L3, L4, L2, ECU1, ECU4, ECU3, ECU2]"
3-PANa,295,351,15652,"[S, D0, D1, O, S, S, O, D2, D3, S, O, O, O]","[L3, L2, L1, L4, ECU3, ECU2, ECU4, ECU1]"
3-PANa,326,446,45,"[S, D0, S, O, S, D1, O, S, S, S, D2, O, D3]","[L4, L1, L2, L3, ECU3, ECU2, ECU1, ECU4]"
3-PANa,68,529,190,"[D0, S, S, D1, D2, S, O, S, S, D3, O, O, O]","[L4, L3, L1, L2, ECU1, ECU2, ECU4, ECU3]"
3-PANa,224,120,3524,"[O, S, D0, O, S, S, O, D1, D2, D3, O, O, O]","[L1, L4, L3, L2, ECU1, ECU2, ECU3, ECU4]"
3-PANa,74,211,6795,"[D0, S, S, D1, S, D2, O, S, S, D3, O, O, O]","[L2, L3, L1, L4, ECU4, ECU1, ECU3, ECU2]"
3-PANa,206,538,45,"[O, S, D0, O, S, D1, O, D2, D3, S, O, O, O]","[L4, L3, L1, L2, ECU2, ECU4, ECU1, ECU3]"
3-PANa,246,383,2834,"[O, S, S, D0, S, D1, O, S, S, D2, O, D3, O]","[L3, L2, L4, L1, ECU4, ECU3, ECU2, ECU1]"
3-PANa,35,8,2388,"[D0, D1, S, O, S, S, O, S, S, S, D2, O, D3]","[L1, L2, L3, L4, ECU2, ECU3, ECU1, ECU4]"
3-PANa,422,231,45,"[S, S, S, O, S, S, D0, D1, D2, D3, O, O, O]","[L2, L3, L4, L1, ECU3, ECU2, ECU4, ECU1]"
3-PANa,13,256,752,"[D0, D1, S, O, D2, S, O, S, S, S, D3, O, O]","[L2, L4, L1, L3, ECU3, ECU4, ECU1, ECU2]"
3-PANa,384,1,3179,"[S, S, S, D0, D1, S, O, S, D2, S, D3, O, O]","[L1, L2, L3, L4, ECU1, ECU2, ECU4, ECU3]"
3-PANa,134,123,45,"[O, D0, D1, O, D2, S, O, S, S, S, O, O, D3]","[L1, L4, L3, L2, ECU1, ECU3, ECU4, ECU2]"
3-PANa,139,472,19595,"[O, D0, D1, O, S, D2, O, S, S, S, O, D3, O]","[L4, L1, L3, L2, ECU3, ECU4, ECU1, ECU2]"
3-PANa,334,514,45,"[S, D0, S, O, S, S, D1, S, S, S, D2, D3, O]","[L4, L2, L3, L1, ECU2, ECU4, ECU1, ECU3]"
3-PANa,375,285,5260,"[S, S, S, D0, D1, D2, O, S, D3, S, O, O, O]","[L2, L4, L3, L1, ECU4, ECU2, ECU3, ECU1]"
3-PANa,336,405,45,"[S, D0, S, O, S, S, D1, S, S, S, O, D2, D3]","[L3, L4, L1, L2, ECU4, ECU2, ECU3, ECU1]"
3-PANa,152,65,153,"[O, D0, D1, O, S, S, O, S, S, D2, O, D3, O]","[L1, L3, L2, L4, ECU3, ECU4, ECU2, ECU1]"
3-PANa,184,205,2307,"[O, D0, S, O, S, S, D1, S, D2, S, D3, O, O]","[L2, L3, L1, L4, ECU3, ECU1, ECU4, ECU2]"
3-PANa,259,191,46,"[O, S, S, D0, S, S, O, D1, D2, D3, O, O, O]","[L2, L1, L4, L3, ECU4, ECU3, ECU2, ECU1]"
3-PANa,230,386,998,"[O, S, S, D0, D1, D2, O, S, S, S, O, D3, O]","[L3, L4, L1, L2, ECU1, ECU3, ECU2, ECU4]"
3-PANa,359,225,3351,"[S, S, D0, O, S, D1, O, S, S, D2, O, D3, O]","[L2, L3, L4, L1, ECU2, ECU3, ECU4, ECU1]"
3-PANa,339,383,2121,"[S, S, D0, O, D1, D2, O, D3, S, S, O, O, O]","[L3, L2, L4, L1, ECU4, ECU3, ECU2, ECU1]"
3-PANa,195,358,45,"[O, S, D0, O, D1, D2, O, S, S, S, O, D3, O]","[L3, L2, L1, L4, ECU4, ECU3, ECU1, ECU2]"
3-PANa,114,221,543,"[D0, S, S, O, S, D1, O, S, S, S, D2, D3, O]","[L2, L3, L4, L1, ECU1, ECU4, ECU3, ECU2]"
3-PANa,153,141,1951,"[O, D0, D1, O, S, S, O, S, S, S, D2, D3, O]","[L1, L4, L3, L2, ECU4, ECU2, ECU3, ECU1]"
3-PANa,380,225,5246,"[S, S, S, D0, D1, S, O, D2, D3, S, O, O, O]","[L2, L3, L4, L1, ECU2, ECU3, ECU4, ECU1]"
3-PANa,377,210,45,"[S, S, S, D0, D1, D2, O, S, S, S, D3, O, O]","[L2, L3, L1, L4, ECU4, ECU1, ECU2, ECU3]"
3-PANa,50,299,1147,"[D0, S, D1, O, S, S, D2, D3, S, S, O, O, O]","[L3, L1, L2, L4, ECU2, ECU4, ECU3, ECU1]"
3-PANa,254,305,158,"[O, S, S, D0, S, S, D1, S, D2, S, D3, O, O]","[L3, L1, L2, L4, ECU3, ECU4, ECU2, ECU1]"
3-PANa,403,558,381,"[S, S, S, D0, S, S, D1, S, S, D2, O, D3, O]","[L4, L3, L2, L1, ECU2, ECU1, ECU3, ECU4]"
3-PANa,158,10,654,"[O, D0, S, O, D1, D2, O, S, S, D3, O, O, O]","[L1, L2, L3, L4, ECU2, ECU4, ECU1, ECU3]"
3-PANa,4,409,147,"[D0, D1, D2, O, S, S, O, S, D3, S, O, O, O]","[L3, L4, L2, L1, ECU1, ECU2, ECU4, ECU3]"
3-PANa,271,59,2143,"[O, S, S, O, D0, S, O, S, S, S, D1, D2, D3]","[L1, L3, L2, L4, ECU2, ECU4, ECU3, ECU1]"
3-PANa,254,257,116,"[O, S, S, D0, S, S, D1, S, D2, S, D3, O, O]","[L2, L4, L1, L3, ECU3, ECU4, ECU2, ECU1]"
3-PANa,245,361,967,"[O, S, S, D0, S, D1, O, S, D2, S, D3, O, O]","[L3, L2, L4, L1, ECU1, ECU2, ECU4, ECU3]"
3-PANa,65,324,4013,"[D0, S, S, D1, D2, D3, O, S, S, S, O, O, O]","[L3, L1, L4, L2, ECU3, ECU1, ECU2, ECU4]"
3-PANa,185,250,1533,"[O, D0, S, O, S, S, D1, S, S, D2, O, D3, O]","[L2, L4, L1, L3, ECU2, ECU4, ECU1, ECU3]"
3-PANa,249,13,1929,"[O, S, S, D0, S, D1, O, S, S, S, O, D2, D3]","[L1, L2, L3, L4, ECU3, ECU1, ECU4, ECU2]"
3-PANa,414,447,2624,"[S, S, S, O, D0, D1, O, S, S, D2, O, D3, O]","[L4, L1, L2, L3, ECU3, ECU2, ECU4, ECU1]"
3-PANa,276,429,45,"[S, D0, D1, O, D2, D3, O, S, S, S, O, O, O]","[L3, L4, L2, L1, ECU4, ECU2, ECU3, ECU1]"
3-PANa,37,156,40101,"[D0, S, D1, O, D2, D3, O, S, S, S, O, O, O]","[L2, L1, L3, L4, ECU3, ECU1, ECU2, ECU4]"
3-PANa,255,319,5997,"[O, S, S, D0, S, S, D1, S, S, D2, O, D3, O]","[L3, L1, L4, L2, ECU2, ECU1, ECU4, ECU3]"
3-PANa,256,137,12267,"[O, S, S, D0, S, S, D1, S, S, S, D2, D3, O]","[L1, L4, L3, L2, ECU3, ECU4, ECU2, ECU1]"
3-PANa,178,102,908,"[O, D0, S, O, S, D1, O, S, S, S, D2, O, D3]","[L1, L4, L2, L3, ECU2, ECU1, ECU3, ECU4]"
3-PANa,34,406,1531,"[D0, D1, S, O, S, S, O, S, S, S, D2, D3, O]","[L3, L4, L1, L2, ECU4, ECU3, ECU1, ECU2]"
3-PANa,404,458,45,"[S, S, S, D0, S, S, D1, S, S, S, D2, D3, O]","[L4, L1, L3, L2, ECU1, ECU3, ECU2, ECU4]"
3-PANa,113,341,150,"[D0, S, S, O, S, D1, O, S, S, D2, O, D3, O]","[L3, L2, L1, L4, ECU1, ECU4, ECU3, ECU2]"
3-PANa,152,314,45,"[O, D0, D1, O, S, S, O, S, S, D2, O, D3, O]","[L3, L1, L4, L2, ECU1, ECU3, ECU2, ECU4]"
3-PANa,302,298,45,"[S, D0, D1, O, S, S, O, S, S, S, D2, O, D3]","[L3, L1, L2, L4, ECU2, ECU4, ECU1, ECU3]"
3-PANa,345,544,45,"[S, S, D0, O, D1, S, O, D2, D3, S, O, O, O]","[L4, L3, L1, L2, ECU3, ECU4, ECU1, ECU2]"
3-PANa,350,98,822,"[S, S, D0, O, D1, S, O, S, S, D2, O, D3, O]","[L1, L4, L2, L3, ECU1, ECU3, ECU2, ECU4]"
3-PANa,272,342,45,"[O, S, S, O, S, D0, O, D1, D2, D3, O, O, O]","[L3, L2, L1, L4, ECU2, ECU1, ECU3, ECU4]"
3-PANa,270,128,45,"[O, S, S, O, D0, S, O, D1, D2, D3, O, O, O]","[L1, L4, L3, L2, ECU2, ECU3, ECU1, ECU4]"
3-PANa,395,523,45,"[S, S, S, D0, S, D1, O, S, S, S, D2, D3, O]","[L4, L2, L3, L1, ECU4, ECU1, ECU3, ECU2]"
3-PANa,53,502,599,"[D0, S, D1, O, S, S, D2, S, S, S, D3, O, O]","[L4, L2, L1, L3, ECU4, ECU3, ECU1, ECU2]"
3-PANa,335,192,45,"[S, D0, S, O, S, S, D1, S, S, S, D2, O, D3]","[L2, L3, L1, L4, ECU1, ECU2, ECU3, ECU4]"
3-PANa,75,151,4290,"[D0, S, S, D1, S, D2, O, S, S, S, D3, O, O]","[L2, L1, L3, L4, ECU2, ECU1, ECU4, ECU3]"
3-PANa,407,326,45,"[S, S, S, D0, S, S, O, D1, D2, D3, O, O, O]","[L3, L1, L4, L2, ECU3, ECU2, ECU1, ECU4]"
3-PANa,415,315,45,"[S, S, S, O, D0, D1, O, S, S, S, D2, D3, O]","[L3, L1, L4, L2, ECU1, ECU3, ECU4, ECU2]"
3-PANa,351,187,2757,"[S, S, D0, O, D1, S, O, S, S, S, D2, D3, O]","[L2, L1, L4, L3, ECU4, ECU1, ECU3, ECU2]"
3-PANa,187,72,1925,"[O, D0, S, O, S, S, D1, S, S, S, D2, O, D3]","[L1, L3, L4, L2, ECU1, ECU2, ECU3, ECU4]"
3-PANa,165,131,45,"[O, D0, S, O, D1, S, O, S, D2, D3, O, O, O]","[L1, L4, L3, L2, ECU2, ECU4, ECU3, ECU1]"
3-PANa,8,511,14107,"[D0, D1, D2, O, S, S, O, S, S, S, O, O, D3]","[L4, L2, L3, L1, ECU2, ECU1, ECU4, ECU3]"
3-PANa,320,161,45,"[S, D0, S, O, S, D1, O, D2, S, D3, O, O, O]","[L2, L1, L3, L4, ECU3, ECU4, ECU2, ECU1]"
3-PANa,262,342,45,"[O, S, S, O, D0, D1, O, D2, S, D3, O, O, O]","[L3, L2, L1, L4, ECU2, ECU1, ECU3, ECU4]"
3-PANa,151,434,45,"[O, D0, D1, O, S, S, O, S, D2, S, D3, O, O]","[L4, L1, L2, L3, ECU1, ECU3, ECU2, ECU4]"
3-PANa,85,59,45,"[D0, S, S, D1, S, S, O, D2, S, D3, O, O, O]","[L1, L3, L2, L4, ECU2, ECU4, ECU3, ECU1]"
3-PANa,263,101,5594,"[O, S, S, O, D0, D1, O, D2, S, S, O, O, D3]","[L1, L4, L2, L3, ECU1, ECU4, ECU3, ECU2]"
3-PANa,203,435,12127,"[O, S, D0, O, D1, S, O, S, S, S, D2, D3, O]","[L4, L1, L2, L3, ECU1, ECU3, ECU4, ECU2]"
3-PANa,146,138,287,"[O, D0, D1, O, S, S, D2, S, S, S, O, O, D3]","[L1, L4, L3, L2, ECU4, ECU1, ECU2, ECU3]"
3-PANa,188,443,2176,"[O, D0, S, O, S, S, D1, S, S, S, O, D2, D3]","[L4, L1, L2, L3, ECU2, ECU4, ECU3, ECU1]"
3-PANa,168,31,915,"[O, D0, S, O, D1, S, O, S, S, S, D2, D3, O]","[L1, L2, L4, L3, ECU2, ECU1, ECU4, ECU3]"
3-PANa,147,75,45,"[O, D0, D1, O, S, S, O, D2, D3, S, O, O, O]","[L1, L3, L4, L2, ECU1, ECU3, ECU4, ECU2]"
3-PANa,71,152,5076,"[D0, S, S, D1, D2, S, O, S, S, S, O, O, D3]","[L2, L1, L3, L4, ECU2, ECU3, ECU1, ECU4]"
3-PANa,247,22,1437,"[O, S, S, D0, S, D1, O, S, S, S, D2, D3, O]","[L1, L2, L3, L4, ECU4, ECU3, ECU1, ECU2]"
3-PANa,401,197,1076,"[S, S, S, D0, S, S, D1, S, D2, D3, O, O, O]","[L2, L3, L1, L4, ECU1, ECU4, ECU3, ECU2]"
3-PANa,338,162,45,"[S, D0, S, O, S, S, O, S, S, S, D1, D2, D3]","[L2, L1, L3, L4, ECU4, ECU1, ECU2, ECU3]"
3-PANa,281,445,45,"[S, D0, D1, O, D2, S, O, S, S, S, O, D3, O]","[L4, L1, L2, L3, ECU3, ECU1, ECU4, ECU2]"
3-PANa,342,369,45,"[S, S, D0, O, D1, D2, O, S, S, S, D3, O, O]","[L3, L2, L4, L1, ECU2, ECU3, ECU4, ECU1]"
3-PANa,155,567,12226,"[O, D0, D1, O, S, S, O, S, S, S, O, D2, D3]","[L4, L3, L2, L1, ECU3, ECU2, ECU4, ECU1]"
3-PANa,109,458,187,"[D0, S, S, O, S, D1, O, D2, S, D3, O, O, O]","[L4, L1, L3, L2, ECU1, ECU3, ECU2, ECU4]"
3-PANa,220,532,547,"[O, S, D0, O, S, S, D1, S, S, D2, O, D3, O]","[L4, L3, L1, L2, ECU1, ECU4, ECU2, ECU3]"
3-PANa,76,4,1174,"[D0, S, S, D1, S, D2, O, S, S, S, O, D3, O]","[L1, L2, L3, L4, ECU1, ECU4, ECU2, ECU3]"
3-PANa,158,252,45,"[O, D0, S, O, D1, D2, O, S, S, D3, O, O, O]","[L2, L4, L1, L3, ECU3, ECU1, ECU2, ECU4]"
3-PANa,220,396,1633,"[O, S, D0, O, S, S, D1, S, S, D2, O, D3, O]","[L3, L4, L1, L2, ECU3, ECU1, ECU2, ECU4]"
3-PANa,63,219,19141,"[D0, S, D1, O, S, S, O, S, S, S, D2, O, D3]","[L2, L3, L4, L1, ECU1, ECU3, ECU4, ECU2]"
3-PANa,334,186,45,"[S, D0, S, O, S, S, D1, S, S, S, D2, D3, O]","[L2, L1, L4, L3, ECU4, ECU1, ECU2, ECU3]"
3-PANa,226,427,45,"[O, S, S, D0, D1, D2, O, D3, S, S, O, O, O]","[L3, L4, L2, L1, ECU4, ECU1, ECU3, ECU2]"
3-PANa,293,375,3604,"[S, D0, D1, O, S, S, D2, S, S, S, O, D3, O]","[L3, L2, L4, L1, ECU3, ECU2, ECU4, ECU1]"
3-PANa,103,194,45,"[D0, S, S, O, D1, S, O, S, D2, S, D3, O, O]","[L2, L3, L1, L4, ECU1, ECU3, ECU2, ECU4]"
3-PANa,184,251,116,"[O, D0, S, O, S, S, D1, S, D2, S, D3, O, O]","[L2, L4, L1, L3, ECU2, ECU4, ECU3, ECU1]"
3-PANa,315,166,1021,"[S, D0, S, O, D1, S, O, S, S, D2, O, D3, O]","[L2, L1, L3, L4, ECU4, ECU3, ECU1, ECU2]"
3-PANa,166,48,1320,"[O, D0, S, O, D1, S, O, S, D2, S, D3, O, O]","[L1, L3, L2, L4, ECU1, ECU2, ECU3, ECU4]"
3-PANa,266,435,45,"[O, S, S, O, D0, D1, O, S, S, D2, O, D3, O]","[L4, L1, L2, L3, ECU1, ECU3, ECU4, ECU2]"
3-PANa,325,434,5408,"[S, D0, S, O, S, D1, O, S, S, S, D2, D3, O]","[L4, L1, L2, L3, ECU1, ECU3, ECU2, ECU4]"
3-PANa,36,73,887,"[D0, D1, S, O, S, S, O, S, S, S, O, D2, D3]","[L1, L3, L4, L2, ECU1, ECU2, ECU4, ECU3]"
3-PANa,181,193,1583,"[O, D0, S, O, S, S, D1, D2, S, D3, O, O, O]","[L2, L3, L1, L4, ECU1, ECU2, ECU4, ECU3]"
3-PANa,238,298,13465,"[O, S, S, D0, D1, S, O, S, S, S, D2, D3, O]","[L3, L1, L2, L4, ECU2, ECU4, ECU1, ECU3]"
3-PANa,395,230,45,"[S, S, S, D0, S, D1, O, S, S, S, D2, D3, O]","[L2, L3, L4, L1, ECU3, ECU2, ECU1, ECU4]"
3-PANa,398,210,2630,"[S, S, S, D0, S, S, D1, D2, D3, S, O, O, O]","[L2, L3, L1, L4, ECU4, ECU1, ECU2, ECU3]"
3-PANa,17,197,107,"[D0, D1, S, O, S, D2, O, S, D3, S, O, O, O]","[L2, L3, L1, L4, ECU1, ECU4, ECU3, ECU2]"
3-PANa,5,526,45,"[D0, D1, D2, O, S, S, O, S, S, D3, O, O, O]","[L4, L2, L3, L1, ECU4, ECU3, ECU1, ECU2]"
3-PANa,256,326,45,"[O, S, S, D0, S, S, D1, S, S, S, D2, D3, O]","[L3, L1, L4, L2, ECU3, ECU2, ECU1, ECU4]"
3-PANa,334,520,45,"[S, D0, S, O, S, S, D1, S, S, S, D2, D3, O]","[L4, L2, L3, L1, ECU3, ECU4, ECU1, ECU2]"
3-PANa,152,486,45,"[O, D0, D1, O, S, S, O, S, S, D2, O, D3, O]","[L4, L2, L1, L3, ECU2, ECU1, ECU3, ECU4]"
3-PANa,304,425,4918,"[S, D0, S, O, D1, D2, O, D3, S, S, O, O, O]","[L3, L4, L2, L1, ECU3, ECU4, ECU2, ECU1]"
3-PANa,143,188,7288,"[O, D0, D1, O, S, S, D2, S, S, D3, O, O, O]","[L2, L1, L4, L3, ECU4, ECU2, ECU1, ECU3]"
3-PANa,178,199,17466,"[O, D0, S, O, S, D1, O, S, S, S, D2, O, D3]","[L2, L3, L1, L4, ECU2, ECU1, ECU4, ECU3]"
3-PANa,115,494,3017,"[D0, S, S, O, S, D1, O, S, S, S, D2, O, D3]","[L4, L2, L1, L3, ECU3, ECU2, ECU1, ECU4]"
3-PANa,150,359,45,"[O, D0, D1, O, S, S, O, S, D2, D3, O, O, O]","[L3, L2, L1, L4, ECU4, ECU3, ECU2, ECU1]"
3-PANa,110,247,1582,"[D0, S, S, O, S, D1, O, D2, S, S, O, O, D3]","[L2, L4, L1, L3, ECU2, ECU1, ECU4, ECU3]"
3-PANa,238,321,5553,"[O, S, S, D0, D1, S, O, S, S, S, D2, D3, O]","[L3, L1, L4, L2, ECU2, ECU3, ECU4, ECU1]"
3-PANa,215,523,591,"[O, S, D0, O, S, S, D1, D2, D3, S, O, O, O]","[L4, L2, L3, L1, ECU4, ECU1, ECU3, ECU2]"
3-PANa,61,109,2374,"[D0, S, D1, O, S, S, O, S, S, D2, O, D3, O]","[L1, L4, L2, L3, ECU3, ECU1, ECU4, ECU2]"
3-PANa,294,493,45,"[S, D0, D1, O, S, S, D2, S, S, S, O, O, D3]","[L4, L2, L1, L3, ECU3, ECU1, ECU4, ECU2]"
3-PANa,138,152,7482,"[O, D0, D1, O, S, D2, O, S, S, S, D3, O, O]","[L2, L1, L3, L4, ECU2, ECU3, ECU1, ECU4]"
3-PANa,97,204,45,"[D0, S, S, O, D1, D2, O, S, S, S, O, D3, O]","[L2, L3, L1, L4, ECU3, ECU1, ECU2, ECU4]"
3-PANa,385,480,685,"[S, S, S, D0, D1, S, O, S, S, D2, O, D3, O]","[L4, L2, L1, L3, ECU1, ECU2, ECU3, ECU4]"
3-PANa,369,568,45,"[S, S, D0, O, S, S, D1, S, S, S, D2, D3, O]","[L4, L3, L2, L1, ECU3, ECU4, ECU1, ECU2]"
3-PANa,302,360,45,"[S, D0, D1, O, S, S, O, S, S, S, D2, O, D3]","[L3, L2, L4, L1, ECU1, ECU2, ECU3, ECU4]"
3-PANa,281,419,951,"[S, D0, D1, O, D2, S, O, S, S, S, O, D3, O]","[L3, L4, L2, L1, ECU2, ECU4, ECU3, ECU1]"
3-PANa,316,533,5660,"[S, D0, S, O, D1, S, O, S, S, S, D2, D3, O]","[L4, L3, L1, L2, ECU1, ECU4, ECU3, ECU2]"
3-PANa,190,285,7703,"[O, D0, S, O, S, S, O, S, S, S, D1, D2, D3]","[L2, L4, L3, L1, ECU4, ECU2, ECU3, ECU1]"
3-PANa,76,536,3124,"[D0, S, S, D1, S, D2, O, S, S, S, O, D3, O]","[L4, L3, L1, L2, ECU2, ECU3, ECU1, ECU4]"
3-PANa,45,220,107,"[D0, S, D1, O, S, D2, O, S, D3, S, O, O, O]","[L2, L3, L4, L1, ECU1, ECU4, ECU2, ECU3]"
3-PANa,332,401,45,"[S, D0, S, O, S, S, D1, S, D2, S, D3, O, O]","[L3, L4, L1, L2, ECU3, ECU4, ECU2, ECU1]"
3-PANa,91,314,45,"[D0, S, S, D1, S, S, O, S, S, S, D2, O, D3]","[L3, L1, L4, L2, ECU1, ECU3, ECU2, ECU4]"
3-PANa,407,188,45,"[S, S, S, D0, S, S, O, D1, D2, D3, O, O, O]","[L2, L1, L4, L3, ECU4, ECU2, ECU1, ECU3]"
3-PANa,126,303,45,"[D0, S, S, O, S, S, O, D1, D2, D3, O, O, O]","[L3, L1, L2, L4, ECU3, ECU2, ECU4, ECU1]"
3-PANa,254,37,1270,"[O, S, S, D0, S, S, D1, S, D2, S, D3, O, O]","[L1, L2, L4, L3, ECU3, ECU1, ECU4, ECU2]"
3-PANa,205,535,4767,"[O, S, D0, O, D1, S, O, S, S, S, O, D2, D3]","[L4, L3, L1, L2, ECU2, ECU1, ECU4, ECU3]"
3-PANa,100,227,45,"[D0, S, S, O, D1, S, O, D2, S, D3, O, O, O]","[L2, L3, L4, L1, ECU2, ECU4, ECU3, ECU1]"
3-PANa,23,109,752,"[D0, D1, S, O, S, S, D2, S, D3, S, O, O, O]","[L1, L4, L2, L3, ECU3, ECU1, ECU4, ECU2]"
3-PANa,390,339,2803,"[S, S, S, D0, S, D1, O, D2, S, D3, O, O, O]","[L3, L2, L1, L4, ECU1, ECU3, ECU4, ECU2]"
3-PANa,2,249,16141,"[D0, D1, D2, O, S, S, D3, S, S, S, O, O, O]","[L2, L4, L1, L3, ECU2, ECU3, ECU4, ECU1]"
3-PANa,315,33,1787,"[S, D0, S, O, D1, S, O, S, S, D2, O, D3, O]","[L1, L2, L4, L3, ECU2, ECU3, ECU4, ECU1]"
3-PANa,340,413,631,"[S, S, D0, O, D1, D2, O, S, D3, S, O, O, O]","[L3, L4, L2, L1, ECU1, ECU4, ECU3, ECU2]"
3-PANa,263,102,45,"[O, S, S, O, D0, D1, O, D2, S, S, O, O, D3]","[L1, L4, L2, L3, ECU2, ECU1, ECU3, ECU4]"
3-PANa,153,51,45,"[O, D0, D1, O, S, S, O, S, S, S, D2, D3, O]","[L1, L3, L2, L4, ECU1, ECU3, ECU4, ECU2]"
3-PANa,59,177,1501,"[D0, S, D1, O, S, S, O, S, D2, D3, O, O, O]","[L2, L1, L4, L3, ECU2, ECU3, ECU4, ECU1]"
3-PANa,292,462,45,"[S, D0, D1, O, S, S, D2, S, S, S, D3, O, O]","[L4, L1, L3, L2, ECU2, ECU1, ECU3, ECU4]"
3-PANa,283,121,45,"[S, D0, D1, O, S, D2, O, D3, S, S, O, O, O]","[L1, L4, L3, L2, ECU1, ECU2, ECU4, ECU3]"
3-PANa,339,129,4747,"[S, S, D0, O, D1, D2, O, D3, S, S, O, O, O]","[L1, L4, L3, L2, ECU2, ECU3, ECU4, ECU1]"
3-PANa,242,205,10535,"[O, S, S, D0, S, D1, O, D2, S, D3, O, O, O]","[L2, L3, L1, L4, ECU3, ECU1, ECU4, ECU2]"
3-PANa,37,393,5606,"[D0, S, D1, O, D2, D3, O, S, S, S, O, O, O]","[L3, L4, L1, L2, ECU2, ECU3, ECU4, ECU1]"
3-PANa,244,298,45,"[O, S, S, D0, S, D1, O, S, D2, D3, O, O, O]","[L3, L1, L2, L4, ECU2, ECU4, ECU1, ECU3]"
3-PANa,278,560,1162,"[S, D0, D1, O, D2, S, O, S, D3, S, O, O, O]","[L4, L3, L2, L1, ECU2, ECU3, ECU1, ECU4]"
3-PANa,395,91,45,"[S, S, S, D0, S, D1, O, S, S, S, D2, D3, O]","[L1, L3, L4, L2, ECU4, ECU1, ECU3, ECU2]"
3-PANa,205,393,786,"[O, S, D0, O, D1, S, O, S, S, S, O, D2, D3]","[L3, L4, L1, L2, ECU2, ECU3, ECU4, ECU1]"
3-PANa,94,236,45,"[D0, S, S, O, D1, D2, O, S, D3, S, O, O, O]","[L2, L3, L4, L1, ECU4, ECU2, ECU1, ECU3]"
3-PANa,262,321,635,"[O, S, S, O, D0, D1, O, D2, S, D3, O, O, O]","[L3, L1, L4, L2, ECU2, ECU3, ECU4, ECU1]"
3-PANa,36,190,1373,"[D0, D1, S, O, S, S, O, S, S, S, O, D2, D3]","[L2, L1, L4, L3, ECU4, ECU3, ECU1, ECU2]"
3-PANa,322,184,45,"[S, D0, S, O, S, D1, O, S, D2, D3, O, O, O]","[L2, L1, L4, L3, ECU3, ECU4, ECU1, ECU2]"
3-PANa,366,322,45,"[S, S, D0, O, S, S, D1, S, D2, D3, O, O, O]","[L3, L1, L4, L2, ECU2, ECU4, ECU1, ECU3]"
3-PANa,329,381,45,"[S, D0, S, O, S, S, D1, D2, S, D3, O, O, O]","[L3, L2, L4, L1, ECU4, ECU2, ECU3, ECU1]"
3-PANa,243,277,1011,"[O, S, S, D0, S, D1, O, D2, S, S, O, O, D3]","[L2, L4, L3, L1, ECU3, ECU1, ECU4, ECU2]"
3-PANa,296,152,2173,"[S, D0, D1, O, S, S, O, D2, S, D3, O, O, O]","[L2, L1, L3, L4, ECU2, ECU3, ECU1, ECU4]"
3-PANa,264,178,45,"[O, S, S, O, D0, D1, O, S, D2, D3, O, O, O]","[L2, L1, L4, L3, ECU2, ECU4, ECU1, ECU3]"
3-PANa,318,209,4658,"[S, D0, S, O, D1, S, O, S, S, S, O, D2, D3]","[L2, L3, L1, L4, ECU3, ECU4, ECU2, ECU1]"
3-PANa,120,359,45,"[D0, S, S, O, S, S, D1, S, D2, D3, O, O, O]","[L3, L2, L1, L4, ECU4, ECU3, ECU2, ECU1]"
3-PANa,422,453,45,"[S, S, S, O, S, S, D0, D1, D2, D3, O, O, O]","[L4, L1, L2, L3, ECU4, ECU2, ECU3, ECU1]"
3-PANa,212,323,776,"[O, S, D0, O, S, D1, O, S, S, S, D2, D3, O]","[L3, L1, L4, L2, ECU2, ECU4, ECU3, ECU1]"
3-PANa,389,126,1592,"[S, S, S, D0, S, D1, O, D2, D3, S, O, O, O]","[L1, L4, L3, L2, ECU2, ECU1, ECU3, ECU4]"
3-PANa,268,468,45,"[O, S, S, O, D0, D1, O, S, S, S, D2, O, D3]","[L4, L1, L3, L2, ECU3, ECU1, ECU2, ECU4]"
3-PANa,291,370,4511,"[S, D0, D1, O, S, S, D2, S, S, D3, O, O, O]","[L3, L2, L4, L1, ECU2, ECU4, ECU1, ECU3]"
3-PANa,347,278,4611,"[S, S, D0, O, D1, S, O, D2, S, S, O, O, D3]","[L2, L4, L3, L1, ECU3, ECU2, ECU1, ECU4]"
3-PANa,177,313,10172,"[O, D0, S, O, S, D1, O, S, S, S, D2, D3, O]","[L3, L1, L4, L2, ECU1, ECU2, ECU4, ECU3]"
3-PANa,129,281,3906,"[O, D0, D1, O, D2, S, O, D3, S, S, O, O, O]","[L2, L4, L3, L1, ECU3, ECU4, ECU2, ECU1]"
3-PANa,98,336,1325,"[D0, S, S, O, D1, D2, O, S, S, S, O, O, D3]","[L3, L2, L1, L4, ECU1, ECU2, ECU3, ECU4]"
3-PANa,253,376,45,"[O, S, S, D0, S, S, D1, S, D2, D3, O, O, O]","[L3, L2, L4, L1, ECU3, ECU4, ECU1, ECU2]"
3-PANa,340,300,45,"[S, S, D0, O, D1, D2, O, S, D3, S, O, O, O]","[L3, L1, L2, L4, ECU3, ECU1, ECU2, ECU4]"
3-PANa,230,222,45,"[O, S, S, D0, D1, D2, O, S, S, S, O, D3, O]","[L2, L3, L4, L1, ECU2, ECU1, ECU3, ECU4]"
3-PANa,48,573,704,"[D0, S, D1, O, S, D2, O, S, S, S, O, D3, O]","[L4, L3, L2, L1, ECU4, ECU2, ECU3, ECU1]"
3-PANa,395,159,1734,"[S, S, S, D0, S, D1, O, S, S, S, D2, D3, O]","[L2, L1, L3, L4, ECU3, ECU2, ECU4, ECU1]"
3-PANa,43,298,710,"[D0, S, D1, O, D2, S, O, S, S, S, O, O, D3]","[L3, L1, L2, L4, ECU2, ECU4, ECU1, ECU3]"
3-PANa,56,404,45,"[D0, S, D1, O, S, S, O, D2, D3, S, O, O, O]","[L3, L4, L1, L2, ECU4, ECU2, ECU1, ECU3]"
3-PANa,69,443,3577,"[D0, S, S, D1, D2, S, O, S, S, S, D3, O, O]","[L4, L1, L2, L3, ECU2, ECU4, ECU3, ECU1]"
3-PANa,76,494,3166,"[D0, S, S, D1, S, D2, O, S, S, S, O, D3, O]","[L4, L2, L1, L3, ECU3, ECU2, ECU1, ECU4]"
3-PANa,170,209,2004,"[O, D0, S, O, D1, S, O, S, S, S, O, D2, D3]","[L2, L3, L1, L4, ECU3, ECU4, ECU2, ECU1]"
3-PANa,67,10,747,"[D0, S, S, D1, D2, S, O, S, D3, S, O, O, O]","[L1, L2, L3, L4, ECU2, ECU4, ECU1, ECU3]"
3-PANa,153,123,45,"[O, D0, D1, O, S, S, O, S, S, S, D2, D3, O]","[L1, L4, L3, L2, ECU1, ECU3, ECU4, ECU2]"
3-PANa,238,356,1885,"[O, S, S, D0, D1, S, O, S, S, S, D2, D3, O]","[L3, L2, L1, L4, ECU4, ECU2, ECU1, ECU3]"
3-PANa,379,532,6665,"[S, S, S, D0, D1, D2, O, S, S, S, O, O, D3]","[L4, L3, L1, L2, ECU1, ECU4, ECU2, ECU3]"
3-PANa,194,384,1200,"[O, S, D0, O, D1, D2, O, S, S, S, D3, O, O]","[L3, L4, L1, L2, ECU1, ECU2, ECU3, ECU4]"
3-PANa,356,443,1291,"[S, S, D0, O, S, D1, O, D2, S, S, O, O, D3]","[L4, L1, L2, L3, ECU2, ECU4, ECU3, ECU1]"
3-PANa,391,370,2019,"[S, S, S, D0, S, D1, O, D2, S, S, O, O, D3]","[L3, L2, L4, L1, ECU2, ECU4, ECU1, ECU3]"
3-PANa,80,159,3349,"[D0, S, S, D1, S, S, D2, S, S, D3, O, O, O]","[L2, L1, L3, L4, ECU3, ECU2, ECU4, ECU1]"
3-PANa,221,490,4865,"[O, S, D0, O, S, S, D1, S, S, S, D2, D3, O]","[L4, L2, L1, L3, ECU2, ECU4, ECU1, ECU3]"
3-PANa,298,174,45,"[S, D0, D1, O, S, S, O, S, D2, D3, O, O, O]","[L2, L1, L4, L3, ECU2, ECU1, ECU3, ECU4]"
3-PANa,93,288,1179,"[D0, S, S, O, D1, D2, O, D3, S, S, O, O, O]","[L3, L1, L2, L4, ECU1, ECU2, ECU3, ECU4]"
3-PANa,286,10,1409,"[S, D0, D1, O, S, D2, O, S, S, S, D3, O, O]","[L1, L2, L3, L4, ECU2, ECU4, ECU1, ECU3]"
3-PANa,100,169,107,"[D0, S, S, O, D1, S, O, D2, S, D3, O, O, O]","[L2, L1, L4, L3, ECU1, ECU2, ECU4, ECU3]"
3-PANa,216,557,526,"[O, S, D0, O, S, S, D1, D2, S, D3, O, O, O]","[L4, L3, L2, L1, ECU1, ECU4, ECU3, ECU2]"
3-PANa,11,413,147,"[D0, D1, S, O, D2, S, O, S, D3, S, O, O, O]","[L3, L4, L2, L1, ECU1, ECU4, ECU3, ECU2]"
3-PANa,379,287,2960,"[S, S, S, D0, D1, D2, O, S, S, S, O, O, D3]","[L2, L4, L3, L1, ECU4, ECU3, ECU2, ECU1]"
3-PANa,423,13,45,"[S, S, S, O, S, S, D0, S, S, S, D1, D2, D3]","[L1, L2, L3, L4, ECU3, ECU1, ECU4, ECU2]"
3-PANa,170,50,7536,"[O, D0, S, O, D1, S, O, S, S, S, O, D2, D3]","[L1, L3, L2, L4, ECU1, ECU3, ECU2, ECU4]"
3-PANa,169,300,1945,"[O, D0, S, O, D1, S, O, S, S, S, D2, O, D3]","[L3, L1, L2, L4, ECU3, ECU1, ECU2, ECU4]"
3-PANa,188,320,1405,"[O, D0, S, O, S, S, D1, S, S, S, O, D2, D3]","[L3, L1, L4, L2, ECU2, ECU3, ECU1, ECU4]"
3-PANa,200,257,45,"[O, S, D0, O, D1, S, O, S, D2, D3, O, O, O]","[L2, L4, L1, L3, ECU3, ECU4, ECU2, ECU1]"
3-PANa,298,252,45,"[S, D0, D1, O, S, S, O, S, D2, D3, O, O, O]","[L2, L4, L1, L3, ECU3, ECU1, ECU2, ECU4]"
3-PANa,208,141,155,"[O, S, D0, O, S, D1, O, D2, S, S, O, O, D3]","[L1, L4, L3, L2, ECU4, ECU2, ECU3, ECU1]"
3-PANa,122,444,2574,"[D0, S, S, O, S, S, D1, S, S, D2, O, D3, O]","[L4, L1, L2, L3, ECU3, ECU1, ECU2, ECU4]"
3-PANa,31,206,3182,"[D0, D1, S, O, S, S, O, S, D2, D3, O, O, O]","[L2, L3, L1, L4, ECU3, ECU2, ECU1, ECU4]"
3-PANa,42,109,652,"[D0, S, D1, O, D2, S, O, S, S, S, O, D3, O]","[L1, L4, L2, L3, ECU3, ECU1, ECU4, ECU2]"
3-PANa,32,178,16732,"[D0, D1, S, O, S, S, O, S, D2, S, D3, O, O]","[L2, L1, L4, L3, ECU2, ECU4, ECU1, ECU3]"
3-PANa,71,4,951,"[D0, S, S, D1, D2, S, O, S, S, S, O, O, D3]","[L1, L2, L3, L4, ECU1, ECU4, ECU2, ECU3]"
3-PANa,289,555,45,"[S, D0, D1, O, S, S, D2, D3, S, S, O, O, O]","[L4, L3, L2, L1, ECU1, ECU3, ECU4, ECU2]"
3-PANa,24,397,878,"[D0, D1, S, O, S, S, D2, S, S, D3, O, O, O]","[L3, L4, L1, L2, ECU3, ECU1, ECU4, ECU2]"
3-PANa,297,192,45,"[S, D0, D1, O, S, S, O, D2, S, S, O, O, D3]","[L2, L3, L1, L4, ECU1, ECU2, ECU3, ECU4]"
3-PANa,316,177,791,"[S, D0, S, O, D1, S, O, S, S, S, D2, D3, O]","[L2, L1, L4, L3, ECU2, ECU3, ECU4, ECU1]"
3-PANa,285,151,45,"[S, D0, D1, O, S, D2, O, S, S, D3, O, O, O]","[L2, L1, L3, L4, ECU2, ECU1, ECU4, ECU3]"
3-PANa,174,478,45,"[O, D0, S, O, S, D1, O, S, D2, D3, O, O, O]","[L4, L1, L3, L2, ECU4, ECU3, ECU1, ECU2]"
3-PANa,387,556,45,"[S, S, S, D0, D1, S, O, S, S, S, D2, O, D3]","[L4, L3, L2, L1, ECU1, ECU4, ECU2, ECU3]"
3-PANa,361,288,1480,"[S, S, D0, O, S, D1, O, S, S, S, D2, O, D3]","[L3, L1, L2, L4, ECU1, ECU2, ECU3, ECU4]"
3-PANa,249,299,2670,"[O, S, S, D0, S, D1, O, S, S, S, O, D2, D3]","[L3, L1, L2, L4, ECU2, ECU4, ECU3, ECU1]"
3-PANa,64,208,4015,"[D0, S, D1, O, S, S, O, S, S, S, O, D2, D3]","[L2, L3, L1, L4, ECU3, ECU4, ECU1, ECU2]"
3-PANa,28,10,45,"[D0, D1, S, O, S, S, O, D2, D3, S, O, O, O]","[L1, L2, L3, L4, ECU2, ECU4, ECU1, ECU3]"
3-PANa,370,125,45,"[S, S, D0, O, S, S, D1, S, S, S, D2, O, D3]","[L1, L4, L3, L2, ECU1, ECU4, ECU3, ECU2]"
3-PANa,62,198,5079,"[D0, S, D1, O, S, S, O, S, S, S, D2, D3, O]","[L2, L3, L1, L4, ECU2, ECU1, ECU3, ECU4]"
3-PANa,397,197,45,"[S, S, S, D0, S, D1, O, S, S, S, O, D2, D3]","[L2, L3, L1, L4, ECU1, ECU4, ECU3, ECU2]"
3-PANa,233,14,4139,"[O, S, S, D0, D1, S, O, D2, S, D3, O, O, O]","[L1, L2, L3, L4, ECU3, ECU2, ECU1, ECU4]"
3-PANa,388,535,45,"[S, S, S, D0, D1, S, O, S, S, S, O, D2, D3]","[L4, L3, L1, L2, ECU2, ECU1, ECU4, ECU3]"
3-PANa,244,365,1149,"[O, S, S, D0, S, D1, O, S, D2, D3, O, O, O]","[L3, L2, L4, L1, ECU1, ECU4, ECU3, ECU2]"
3-PANa,381,194,7653,"[S, S, S, D0, D1, S, O, D2, S, D3, O, O, O]","[L2, L3, L1, L4, ECU1, ECU3, ECU2, ECU4]"
3-PANa,5,118,45,"[D0, D1, D2, O, S, S, O, S, S, D3, O, O, O]","[L1, L4, L2, L3, ECU4, ECU3, ECU1, ECU2]"
3-PANa,197,106,45,"[O, S, D0, O, D1, S, O, D2, D3, S, O, O, O]","[L1, L4, L2, L3, ECU2, ECU4, ECU1, ECU3]"
3-PANa,229,406,45,"[O, S, S, D0, D1, D2, O, S, S, S, D3, O, O]","[L3, L4, L1, L2, ECU4, ECU3, ECU1, ECU2]"
3-PANa,377,251,45,"[S, S, S, D0, D1, D2, O, S, S, S, D3, O, O]","[L2, L4, L1, L3, ECU2, ECU4, ECU3, ECU1]"
3-PANa,50,281,1140,"[D0, S, D1, O, S, S, D2, D3, S, S, O, O, O]","[L2, L4, L3, L1, ECU3, ECU4, ECU2, ECU1]"
3-PANa,225,64,1882,"[O, S, D0, O, S, S, O, S, S, S, D1, D2, D3]","[L1, L3, L2, L4, ECU3, ECU4, ECU1, ECU2]"
3-PANa,188,6,7239,"[O, D0, S, O, S, S, D1, S, S, S, O, D2, D3]","[L1, L2, L3, L4, ECU2, ECU1, ECU3, ECU4]"
3-PANa,149,162,3074,"[O, D0, D1, O, S, S, O, D2, S, S, O, O, D3]","[L2, L1, L3, L4, ECU4, ECU1, ECU2, ECU3]"
3-PANa,125,217,45,"[D0, S, S, O, S, S, D1, S, S, S, O, D2, D3]","[L2, L3, L4, L1, ECU1, ECU2, ECU4, ECU3]"
3-PANa,379,118,45,"[S, S, S, D0, D1, D2, O, S, S, S, O, O, D3]","[L1, L4, L2, L3, ECU4, ECU3, ECU1, ECU2]"
3-PANa,57,175,23455,"[D0, S, D1, O, S, S, O, D2, S, D3, O, O, O]","[L2, L1, L4, L3, ECU2, ECU1, ECU4, ECU3]"
3-PANa,138,430,2368,"[O, D0, D1, O, S, D2, O, S, S, S, D3, O, O]","[L3, L4, L2, L1, ECU4, ECU3, ECU1, ECU2]"
3-PANa,286,503,45,"[S, D0, D1, O, S, D2, O, S, S, S, D3, O, O]","[L4, L2, L1, L3, ECU4, ECU3, ECU2, ECU1]"
3-PANa,409,151,45,"[S, S, S, O, D0, D1, O, D2, D3, S, O, O, O]","[L2, L1, L3, L4, ECU2, ECU1, ECU4, ECU3]"
3-PANa,6,500,45,"[D0, D1, D2, O, S, S, O, S, S, S, D3, O, O]","[L4, L2, L1, L3, ECU4, ECU2, ECU1, ECU3]"
3-PANa,204,341,710,"[O, S, D0, O, D1, S, O, S, S, S, D2, O, D3]","[L3, L2, L1, L4, ECU1, ECU4, ECU3, ECU2]"
3-PANa,386,344,45,"[S, S, S, D0, D1, S, O, S, S, S, D2, D3, O]","[L3, L2, L1, L4, ECU2, ECU3, ECU1, ECU4]"
3-PANa,175,233,107,"[O, D0, S, O, S, D1, O, S, D2, S, D3, O, O]","[L2, L3, L4, L1, ECU3, ECU4, ECU2, ECU1]"
3-PANa,379,492,45,"[S, S, S, D0, D1, D2, O, S, S, S, O, O, D3]","[L4, L2, L1, L3, ECU3, ECU1, ECU2, ECU4]"
3-PANa,80,149,110,"[D0, S, S, D1, S, S, D2, S, S, D3, O, O, O]","[L2, L1, L3, L4, ECU1, ECU4, ECU3, ECU2]"
3-PANa,404,44,45,"[S, S, S, D0, S, S, D1, S, S, S, D2, D3, O]","[L1, L2, L4, L3, ECU4, ECU2, ECU1, ECU3]"
3-PANa,176,357,1910,"[O, D0, S, O, S, D1, O, S, S, D2, O, D3, O]","[L3, L2, L1, L4, ECU4, ECU2, ECU3, ECU1]"
3-PANa,99,78,4742,"[D0, S, S, O, D1, S, O, D2, D3, S, O, O, O]","[L1, L3, L4, L2, ECU2, ECU1, ECU3, ECU4]"
3-PANa,261,114,2794,"[O, S, S, O, D0, D1, O, D2, D3, S, O, O, O]","[L1, L4, L2, L3, ECU4, ECU1, ECU2, ECU3]"
3-PANa,289,568,1846,"[S, D0, D1, O, S, S, D2, D3, S, S, O, O, O]","[L4, L3, L2, L1, ECU3, ECU4, ECU1, ECU2]"
3-PANa,7,502,45,"[D0, D1, D2, O, S, S, O, S, S, S, O, D3, O]","[L4, L2, L1, L3, ECU4, ECU3, ECU1, ECU2]"
3-PANa,226,33,1953,"[O, S, S, D0, D1, D2, O, D3, S, S, O, O, O]","[L1, L2, L4, L3, ECU2, ECU3, ECU4, ECU1]"
3-PANa,244,410,4459,"[O, S, S, D0, S, D1, O, S, D2, D3, O, O, O]","[L3, L4, L2, L1, ECU1, ECU3, ECU2, ECU4]"
3-PANa,16,411,147,"[D0, D1, S, O, S, D2, O, D3, S, S, O, O, O]","[L3, L4, L2, L1, ECU1, ECU3, ECU4, ECU2]"
3-PANa,272,229,45,"[O, S, S, O, S, D0, O, D1, D2, D3, O, O, O]","[L2, L3, L4, L1, ECU3, ECU1, ECU4, ECU2]"
3-PANa,322,500,45,"[S, D0, S, O, S, D1, O, S, D2, D3, O, O, O]","[L4, L2, L1, L3, ECU4, ECU2, ECU1, ECU3]"
3-PANa,401,544,45,"[S, S, S, D0, S, S, D1, S, D2, D3, O, O, O]","[L4, L3, L1, L2, ECU3, ECU4, ECU1, ECU2]"
3-PANa,407,85,45,"[S, S, S, D0, S, S, O, D1, D2, D3, O, O, O]","[L1, L3, L4, L2, ECU3, ECU1, ECU4, ECU2]"
3-PANa,367,66,2724,"[S, S, D0, O, S, S, D1, S, D2, S, D3, O, O]","[L1, L3, L2, L4, ECU4, ECU1, ECU2, ECU3]"
3-PANa,72,258,6893,"[D0, S, S, D1, S, D2, O, D3, S, S, O, O, O]","[L2, L4, L1, L3, ECU4, ECU1, ECU2, ECU3]"
3-PANa,36,258,507,"[D0, D1, S, O, S, S, O, S, S, S, O, D2, D3]","[L2, L4, L1, L3, ECU4, ECU1, ECU2, ECU3]"
3-PANa,46,358,18357,"[D0, S, D1, O, S, D2, O, S, S, D3, O, O, O]","[L3, L2, L1, L4, ECU4, ECU3, ECU1, ECU2]"
3-PANa,154,540,45,"[O, D0, D1, O, S, S, O, S, S, S, D2, O, D3]","[L4, L3, L1, L2, ECU3, ECU1, ECU2, ECU4]"
3-PANa,351,450,3120,"[S, S, D0, O, D1, S, O, S, S, S, D2, D3, O]","[L4, L1, L2, L3, ECU4, ECU1, ECU2, ECU3]"
3-PANa,67,475,1670,"[D0, S, S, D1, D2, S, O, S, D3, S, O, O, O]","[L4, L1, L3, L2, ECU4, ECU1, ECU3, ECU2]"
3-PANa,220,540,1729,"[O, S, D0, O, S, S, D1, S, S, D2, O, D3, O]","[L4, L3, L1, L2, ECU3, ECU1, ECU2, ECU4]"
3-PANa,238,283,2432,"[O, S, S, D0, D1, S, O, S, S, S, D2, D3, O]","[L2, L4, L3, L1, ECU4, ECU1, ECU3, ECU2]"
3-PANa,196,308,45,"[O, S, D0, O, D1, D2, O, S, S, S, O, O, D3]","[L3, L1, L2, L4, ECU4, ECU2, ECU1, ECU3]"
3-PANa,62,119,1726,"[D0, S, D1, O, S, S, O, S, S, S, D2, D3, O]","[L1, L4, L2, L3, ECU4, ECU3, ECU2, ECU1]"
3-PANa,346,521,45,"[S, S, D0, O, D1, S, O, D2, S, D3, O, O, O]","[L4, L2, L3, L1, ECU3, ECU4, ECU2, ECU1]"
3-PANa,329,63,1034,"[S, D0, S, O, S, S, D1, D2, S, D3, O, O, O]","[L1, L3, L2, L4, ECU3, ECU2, ECU4, ECU1]"
3-PANa,325,561,1696,"[S, D0, S, O, S, D1, O, S, S, S, D2, D3, O]","[L4, L3, L2, L1, ECU2, ECU3, ECU4, ECU1]"
3-PANa,97,231,5465,"[D0, S, S, O, D1, D2, O, S, S, S, O, D3, O]","[L2, L3, L4, L1, ECU3, ECU2, ECU4, ECU1]"
3-PANa,363,69,45,"[S, S, D0, O, S, S, D1, D2, D3, S, O, O, O]","[L1, L3, L2, L4, ECU4, ECU2, ECU3, ECU1]"
3-PANa,405,257,45,"[S, S, S, D0, S, S, D1, S, S, S, D2, O, D3]","[L2, L4, L1, L3, ECU3, ECU4, ECU2, ECU1]"
3-PANa,3,142,45,"[D0, D1, D2, O, S, S, O, D3, S, S, O, O, O]","[L1, L4, L3, L2, ECU4, ECU3, ECU1, ECU2]"
3-PANa,134,425,1741,"[O, D0, D1, O, D2, S, O, S, S, S, O, O, D3]","[L3, L4, L2, L1, ECU3, ECU4, ECU2, ECU1]"
3-PANa,125,470,7515,"[D0, S, S, O, S, S, D1, S, S, S, O, D2, D3]","[L4, L1, L3, L2, ECU3, ECU2, ECU1, ECU4]"
3-PANa,37,487,13204,"[D0, S, D1, O, D2, D3, O, S, S, S, O, O, O]","[L4, L2, L1, L3, ECU2, ECU1, ECU4, ECU3]"
3-PANa,171,37,1251,"[O, D0, S, O, S, D1, O, D2, D3, S, O, O, O]","[L1, L2, L4, L3, ECU3, ECU1, ECU4, ECU2]"
3-PANa,382,378,1390,"[S, S, S, D0, D1, S, O, D2, S, S, O, O, D3]","[L3, L2, L4, L1, ECU4, ECU1, ECU2, ECU3]"
3-PANa,109,242,107,"[D0, S, S, O, S, D1, O, D2, S, D3, O, O, O]","[L2, L4, L1, L3, ECU1, ECU3, ECU2, ECU4]"
3-PANa,286,232,2967,"[S, D0, D1, O, S, D2, O, S, S, S, D3, O, O]","[L2, L3, L4, L1, ECU3, ECU4, ECU1, ECU2]"
3-PANa,316,199,2384,"[S, D0, S, O, D1, S, O, S, S, S, D2, D3, O]","[L2, L3, L1, L4, ECU2, ECU1, ECU4, ECU3]"
3-PANa,185,139,1581,"[O, D0, S, O, S, S, D1, S, S, D2, O, D3, O]","[L1, L4, L3, L2, ECU4, ECU1, ECU3, ECU2]"
3-PANa,343,375,15813,"[S, S, D0, O, D1, D2, O, S, S, S, O, D3, O]","[L3, L2, L4, L1, ECU3, ECU2, ECU4, ECU1]"
3-PANa,326,353,3017,"[S, D0, S, O, S, D1, O, S, S, S, D2, O, D3]","[L3, L2, L1, L4, ECU3, ECU4, ECU2, ECU1]"
3-PANa,77,517,3464,"[D0, S, S, D1, S, D2, O, S, S, S, O, O, D3]","[L4, L2, L3, L1, ECU3, ECU1, ECU4, ECU2]"
3-PANa,89,173,110,"[D0, S, S, D1, S, S, O, S, S, D2, O, D3, O]","[L2, L1, L4, L3, ECU1, ECU4, ECU3, ECU2]"
3-PANa,405,174,45,"[S, S, S, D0, S, S, D1, S, S, S, D2, O, D3]","[L2, L1, L4, L3, ECU2, ECU1, ECU3, ECU4]"
3-PANa,77,90,2107,"[D0, S, S, D1, S, D2, O, S, S, S, O, O, D3]","[L1, L3, L4, L2, ECU4, ECU1, ECU2, ECU3]"
3-PANa,189,229,45,"[O, D0, S, O, S, S, O, D1, D2, D3, O, O, O]","[L2, L3, L4, L1, ECU3, ECU1, ECU4, ECU2]"
3-PANa,160,284,45,"[O, D0, S, O, D1, D2, O, S, S, S, O, D3, O]","[L2, L4, L3, L1, ECU4, ECU2, ECU1, ECU3]"
3-PANa,387,222,45,"[S, S, S, D0, D1, S, O, S, S, S, D2, O, D3]","[L2, L3, L4, L1, ECU2, ECU1, ECU3, ECU4]"
3-PANa,265,333,147,"[O, S, S, O, D0, D1, O, S, D2, S, D3, O, O]","[L3, L1, L4, L2, ECU4, ECU2, ECU3, ECU1]"
3-PANa,86,342,451,"[D0, S, S, D1, S, S, O, D2, S, S, O, O, D3]","[L3, L2, L1, L4, ECU2, ECU1, ECU3, ECU4]"
3-PANa,357,21,45,"[S, S, D0, O, S, D1, O, S, D2, D3, O, O, O]","[L1, L2, L3, L4, ECU4, ECU2, ECU3, ECU1]"
3-PANa,0,56,45,"[D0, D1, D2, O, D3, S, O, S, S, S, O, O, O]","[L1, L3, L2, L4, ECU2, ECU3, ECU1, ECU4]"
3-PANa,280,301,45,"[S, D0, D1, O, D2, S, O, S, S, S, D3, O, O]","[L3, L1, L2, L4, ECU3, ECU1, ECU4, ECU2]"
3-PANa,120,141,45,"[D0, S, S, O, S, S, D1, S, D2, D3, O, O, O]","[L1, L4, L3, L2, ECU4, ECU2, ECU3, ECU1]"
3-PANa,366,518,2578,"[S, S, D0, O, S, S, D1, S, D2, D3, O, O, O]","[L4, L2, L3, L1, ECU3, ECU2, ECU1, ECU4]"
3-PANa,141,376,4404,"[O, D0, D1, O, S, S, D2, D3, S, S, O, O, O]","[L3, L2, L4, L1, ECU3, ECU4, ECU1, ECU2]"
3-PANa,70,450,673,"[D0, S, S, D1, D2, S, O, S, S, S, O, D3, O]","[L4, L1, L2, L3, ECU4, ECU1, ECU2, ECU3]"
3-PANa,93,305,1401,"[D0, S, S, O, D1, D2, O, D3, S, S, O, O, O]","[L3, L1, L2, L4, ECU3, ECU4, ECU2, ECU1]"
3-PANa,309,427,45,"[S, D0, S, O, D1, D2, O, S, S, S, O, O, D3]","[L3, L4, L2, L1, ECU4, ECU1, ECU3, ECU2]"
3-PANa,344,559,9359,"[S, S, D0, O, D1, D2, O, S, S, S, O, O, D3]","[L4, L3, L2, L1, ECU2, ECU1, ECU4, ECU3]"
3-PANa,262,424,45,"[O, S, S, O, D0, D1, O, D2, S, D3, O, O, O]","[L3, L4, L2, L1, ECU3, ECU4, ECU1, ECU2]"
3-PANa,224,19,45,"[O, S, D0, O, S, S, O, D1, D2, D3, O, O, O]","[L1, L2, L3, L4, ECU4, ECU1, ECU3, ECU2]"
3-PANa,405,476,45,"[S, S, S, D0, S, S, D1, S, S, S, D2, O, D3]","[L4, L1, L3, L2, ECU4, ECU2, ECU1, ECU3]"
3-PANa,279,68,6022,"[S, D0, D1, O, D2, S, O, S, S, D3, O, O, O]","[L1, L3, L2, L4, ECU4, ECU2, ECU1, ECU3]"
3-PANa,276,186,856,"[S, D0, D1, O, D2, D3, O, S, S, S, O, O, O]","[L2, L1, L4, L3, ECU4, ECU1, ECU2, ECU3]"
3-PANa,119,18,1783,"[D0, S, S, O, S, S, D1, D2, S, S, O, O, D3]","[L1, L2, L3, L4, ECU4, ECU1, ECU2, ECU3]"
3-PANa,189,469,45,"[O, D0, S, O, S, S, O, D1, D2, D3, O, O, O]","[L4, L1, L3, L2, ECU3, ECU1, ECU4, ECU2]"
3-PANa,57,379,1339,"[D0, S, D1, O, S, S, O, D2, S, D3, O, O, O]","[L3, L2, L4, L1, ECU4, ECU1, ECU3, ECU2]"
3-PANa,193,84,45,"[O, S, D0, O, D1, D2, O, S, S, D3, O, O, O]","[L1, L3, L4, L2, ECU3, ECU1, ECU2, ECU4]"
3-PANa,114,539,3454,"[D0, S, S, O, S, D1, O, S, S, S, D2, D3, O]","[L4, L3, L1, L2, ECU2, ECU4, ECU3, ECU1]"
3-PANa,235,519,701,"[O, S, S, D0, D1, S, O, S, D2, D3, O, O, O]","[L4, L2, L3, L1, ECU3, ECU2, ECU4, ECU1]"
3-PANa,235,40,45,"[O, S, S, D0, D1, S, O, S, D2, D3, O, O, O]","[L1, L2, L4, L3, ECU3, ECU4, ECU1, ECU2]"
3-PANa,5,339,147,"[D0, D1, D2, O, S, S, O, S, S, D3, O, O, O]","[L3, L2, L1, L4, ECU1, ECU3, ECU4, ECU2]"
3-PANa,409,32,1898,"[S, S, S, O, D0, D1, O, D2, D3, S, O, O, O]","[L1, L2, L4, L3, ECU2, ECU3, ECU1, ECU4]"
3-PANa,259,206,45,"[O, S, S, D0, S, S, O, D1, D2, D3, O, O, O]","[L2, L3, L1, L4, ECU3, ECU2, ECU1, ECU4]"
3-PANa,269,294,45,"[O, S, S, O, D0, D1, O, S, S, S, O, D2, D3]","[L3, L1, L2, L4, ECU2, ECU1, ECU3, ECU4]"
3-PANa,415,4,15359,"[S, S, S, O, D0, D1, O, S, S, S, D2, D3, O]","[L1, L2, L3, L4, ECU1, ECU4, ECU2, ECU3]"
3-PANa,337,273,45,"[S, D0, S, O, S, S, O, D1, D2, D3, O, O, O]","[L2, L4, L3, L1, ECU2, ECU3, ECU4, ECU1]"
3-PANa,291,265,45,"[S, D0, D1, O, S, S, D2, S, S, D3, O, O, O]","[L2, L4, L3, L1, ECU1, ECU2, ECU4, ECU3]"
3-PANa,90,427,45,"[D0, S, S, D1, S, S, O, S, S, S, D2, D3, O]","[L3, L4, L2, L1, ECU4, ECU1, ECU3, ECU2]"
3-PANa,114,243,6106,"[D0, S, S, O, S, D1, O, S, S, S, D2, D3, O]","[L2, L4, L1, L3, ECU1, ECU3, ECU4, ECU2]"
3-PANa,307,387,16506,"[S, D0, S, O, D1, D2, O, S, S, S, D3, O, O]","[L3, L4, L1, L2, ECU1, ECU3, ECU4, ECU2]"
3-PANa,193,512,45,"[O, S, D0, O, D1, D2, O, S, S, D3, O, O, O]","[L4, L2, L3, L1, ECU2, ECU3, ECU1, ECU4]"
3-PANa,414,310,16298,"[S, S, S, O, D0, D1, O, S, S, D2, O, D3, O]","[L3, L1, L2, L4, ECU4, ECU3, ECU1, ECU2]"
3-PANa,13,223,1160,"[D0, D1, S, O, D2, S, O, S, S, S, D3, O, O]","[L2, L3, L4, L1, ECU2, ECU1, ECU4, ECU3]"
3-PANa,364,398,2687,"[S, S, D0, O, S, S, D1, D2, S, D3, O, O, O]","[L3, L4, L1, L2, ECU3, ECU2, ECU1, ECU4]"
3-PANa,365,390,291,"[S, S, D0, O, S, S, D1, D2, S, S, O, O, D3]","[L3, L4, L1, L2, ECU2, ECU1, ECU3, ECU4]"
3-PANa,38,195,107,"[D0, S, D1, O, D2, S, O, D3, S, S, O, O, O]","[L2, L3, L1, L4, ECU1, ECU3, ECU4, ECU2]"
3-PANa,97,463,164,"[D0, S, S, O, D1, D2, O, S, S, S, O, D3, O]","[L4, L1, L3, L2, ECU2, ECU1, ECU4, ECU3]"
3-PANa,84,181,1727,"[D0, S, S, D1, S, S, O, D2, D3, S, O, O, O]","[L2, L1, L4, L3, ECU3, ECU1, ECU4, ECU2]"
3-PANa,85,164,45,"[D0, S, S, D1, S, S, O, D2, S, D3, O, O, O]","[L2, L1, L3, L4, ECU4, ECU2, ECU1, ECU3]"
3-PANa,265,70,3257,"[O, S, S, O, D0, D1, O, S, D2, S, D3, O, O]","[L1, L3, L2, L4, ECU4, ECU3, ECU1, ECU2]"
3-PANa,274,383,46,"[O, S, S, O, S, S, D0, D1, D2, D3, O, O, O]","[L3, L2, L4, L1, ECU4, ECU3, ECU2, ECU1]"
3-PANa,249,195,1171,"[O, S, S, D0, S, D1, O, S, S, S, O, D2, D3]","[L2, L3, L1, L4, ECU1, ECU3, ECU4, ECU2]"
3-PANa,180,165,45,"[O, D0, S, O, S, S, D1, D2, D3, S, O, O, O]","[L2, L1, L3, L4, ECU4, ECU2, ECU3, ECU1]"
3-PANa,7,299,1590,"[D0, D1, D2, O, S, S, O, S, S, S, O, D3, O]","[L3, L1, L2, L4, ECU2, ECU4, ECU3, ECU1]"
3-PANa,60,533,187,"[D0, S, D1, O, S, S, O, S, D2, S, D3, O, O]","[L4, L3, L1, L2, ECU1, ECU4, ECU3, ECU2]"
3-PANa,215,160,45,"[O, S, D0, O, S, S, D1, D2, D3, S, O, O, O]","[L2, L1, L3, L4, ECU3, ECU4, ECU1, ECU2]"
3-PANa,325,201,516,"[S, D0, S, O, S, D1, O, S, S, S, D2, D3, O]","[L2, L3, L1, L4, ECU2, ECU3, ECU4, ECU1]"
3-PANa,407,54,45,"[S, S, S, D0, S, S, O, D1, D2, D3, O, O, O]","[L1, L3, L2, L4, ECU2, ECU1, ECU3, ECU4]"
3-PANa,404,387,45,"[S, S, S, D0, S, S, D1, S, S, S, D2, D3, O]","[L3, L4, L1, L2, ECU1, ECU3, ECU4, ECU2]"
3-PANa,351,506,2006,"[S, S, D0, O, D1, S, O, S, S, S, D2, D3, O]","[L4, L2, L3, L1, ECU1, ECU3, ECU2, ECU4]"
3-PANa,89,508,193,"[D0, S, S, D1, S, S, O, S, S, D2, O, D3, O]","[L4, L2, L3, L1, ECU1, ECU4, ECU2, ECU3]"
3-PANa,6,364,5048,"[D0, D1, D2, O, S, S, O, S, S, S, D3, O, O]","[L3, L2, L4, L1, ECU1, ECU4, ECU2, ECU3]"
3-PANa,217,394,1258,"[O, S, D0, O, S, S, D1, D2, S, S, O, O, D3]","[L3, L4, L1, L2, ECU2, ECU4, ECU1, ECU3]"
3-PANa,364,378,1097,"[S, S, D0, O, S, S, D1, D2, S, D3, O, O, O]","[L3, L2, L4, L1, ECU4, ECU1, ECU2, ECU3]"
3-PANa,300,114,895,"[S, D0, D1, O, S, S, O, S, S, D2, O, D3, O]","[L1, L4, L2, L3, ECU4, ECU1, ECU2, ECU3]"
3-PANa,142,37,45,"[O, D0, D1, O, S, S, D2, S, D3, S, O, O, O]","[L1, L2, L4, L3, ECU3, ECU1, ECU4, ECU2]"
3-PANa,23,31,1223,"[D0, D1, S, O, S, S, D2, S, D3, S, O, O, O]","[L1, L2, L4, L3, ECU2, ECU1, ECU4, ECU3]"
3-PANa,380,380,45,"[S, S, S, D0, D1, S, O, D2, D3, S, O, O, O]","[L3, L2, L4, L1, ECU4, ECU2, ECU1, ECU3]"
3-PANa,365,497,793,"[S, S, D0, O, S, S, D1, D2, S, S, O, O, D3]","[L4, L2, L1, L3, ECU3, ECU4, ECU2, ECU1]"
3-PANa,397,416,4804,"[S, S, S, D0, S, D1, O, S, S, S, O, D2, D3]","[L3, L4, L2, L1, ECU2, ECU3, ECU1, ECU4]"
3-PANa,229,116,45,"[O, S, S, D0, D1, D2, O, S, S, S, D3, O, O]","[L1, L4, L2, L3, ECU4, ECU2, ECU1, ECU3]"
3-PANa,98,416,45,"[D0, S, S, O, D1, D2, O, S, S, S, O, O, D3]","[L3, L4, L2, L1, ECU2, ECU3, ECU1, ECU4]"
3-PANa,21,465,23063,"[D0, D1, S, O, S, D2, O, S, S, S, O, O, D3]","[L4, L1, L3, L2, ECU2, ECU3, ECU4, ECU1]"
3-PANa,279,392,4129,"[S, D0, D1, O, D2, S, O, S, S, D3, O, O, O]","[L3, L4, L1, L2, ECU2, ECU3, ECU1, ECU4]"
3-PANa,302,428,45,"[S, D0, D1, O, S, S, O, S, S, S, D2, O, D3]","[L3, L4, L2, L1, ECU4, ECU2, ECU1, ECU3]"
3-PANa,35,438,2915,"[D0, D1, S, O, S, S, O, S, S, S, D2, O, D3]","[L4, L1, L2, L3, ECU2, ECU1, ECU3, ECU4]"
3-PANa,395,310,45,"[S, S, S, D0, S, D1, O, S, S, S, D2, D3, O]","[L3, L1, L2, L4, ECU4, ECU3, ECU1, ECU2]"
3-PANa,120,400,45,"[D0, S, S, O, S, S, D1, S, D2, D3, O, O, O]","[L3, L4, L1, L2, ECU3, ECU4, ECU1, ECU2]"
3-PANa,56,204,10949,"[D0, S, D1, O, S, S, O, D2, D3, S, O, O, O]","[L2, L3, L1, L4, ECU3, ECU1, ECU2, ECU4]"
3-PANa,86,255,1667,"[D0, S, S, D1, S, S, O, D2, S, S, O, O, D3]","[L2, L4, L1, L3, ECU3, ECU2, ECU4, ECU1]"
3-PANa,410,130,45,"[S, S, S, O, D0, D1, O, D2, S, D3, O, O, O]","[L1, L4, L3, L2, ECU2, ECU4, ECU1, ECU3]"
3-PANa,341,371,1506,"[S, S, D0, O, D1, D2, O, S, S, D3, O, O, O]","[L3, L2, L4, L1, ECU2, ECU4, ECU3, ECU1]"
3-PANa,150,295,45,"[O, D0, D1, O, S, S, O, S, D2, D3, O, O, O]","[L3, L1, L2, L4, ECU2, ECU1, ECU4, ECU3]"
3-PANa,318,382,4208,"[S, D0, S, O, D1, S, O, S, S, S, O, D2, D3]","[L3, L2, L4, L1, ECU4, ECU3, ECU1, ECU2]"
3-PANa,375,524,45,"[S, S, S, D0, D1, D2, O, S, D3, S, O, O, O]","[L4, L2, L3, L1, ECU4, ECU2, ECU1, ECU3]"
3-PANa,168,282,1160,"[O, D0, S, O, D1, S, O, S, S, S, D2, D3, O]","[L2, L4, L3, L1, ECU4, ECU1, ECU2, ECU3]"
3-PANa,18,22,1303,"[D0, D1, S, O, S, D2, O, S, S, D3, O, O, O]","[L1, L2, L3, L4, ECU4, ECU3, ECU1, ECU2]"
3-PANa,92,308,45,"[D0, S, S, D1, S, S, O, S, S, S, O, D2, D3]","[L3, L1, L2, L4, ECU4, ECU2, ECU1, ECU3]"
3-PANa,13,320,15329,"[D0, D1, S, O, D2, S, O, S, S, S, D3, O, O]","[L3, L1, L4, L2, ECU2, ECU3, ECU1, ECU4]"
3-PANa,359,92,1904,"[S, S, D0, O, S, D1, O, S, S, D2, O, D3, O]","[L1, L3, L4, L2, ECU4, ECU2, ECU1, ECU3]"
3-PANa,419,104,2020,"[S, S, S, O, D0, S, O, S, S, S, D1, D2, D3]","[L1, L4, L2, L3, ECU2, ECU3, ECU1, ECU4]"
3-PANa,180,376,45,"[O, D0, S, O, S, S, D1, D2, D3, S, O, O, O]","[L3, L2, L4, L1, ECU3, ECU4, ECU1, ECU2]"
3-PANa,356,207,937,"[S, S, D0, O, S, D1, O, D2, S, S, O, O, D3]","[L2, L3, L1, L4, ECU3, ECU2, ECU4, ECU1]"
3-PANa,337,95,45,"[S, D0, S, O, S, S, O, D1, D2, D3, O, O, O]","[L1, L3, L4, L2, ECU4, ECU3, ECU2, ECU1]"
3-PANa,397,181,45,"[S, S, S, D0, S, D1, O, S, S, S, O, D2, D3]","[L2, L1, L4, L3, ECU3, ECU1, ECU4, ECU2]"
3-PANa,381,428,45,"[S, S, S, D0, D1, S, O, D2, S, D3, O, O, O]","[L3, L4, L2, L1, ECU4, ECU2, ECU1, ECU3]"
3-PANa,265,73,45,"[O, S, S, O, D0, D1, O, S, D2, S, D3, O, O]","[L1, L3, L4, L2, ECU1, ECU2, ECU4, ECU3]"
3-PANa,82,148,45,"[D0, S, S, D1, S, S, D2, S, S, S, O, D3, O]","[L2, L1, L3, L4, ECU1, ECU4, ECU2, ECU3]"
3-PANa,272,191,46,"[O, S, S, O, S, D0, O, D1, D2, D3, O, O, O]","[L2, L1, L4, L3, ECU4, ECU3, ECU2, ECU1]"
3-PANa,421,491,1122,"[S, S, S, O, S, D0, O, S, S, S, D1, D2, D3]","[L4, L2, L1, L3, ECU2, ECU4, ECU3, ECU1]"
3-PANa,220,533,547,"[O, S, D0, O, S, S, D1, S, S, D2, O, D3, O]","[L4, L3, L1, L2, ECU1, ECU4, ECU3, ECU2]"
3-PANa,71,338,1274,"[D0, S, S, D1, D2, S, O, S, S, S, O, O, D3]","[L3, L2, L1, L4, ECU1, ECU3, ECU2, ECU4]"
3-PANa,305,45,799,"[S, D0, S, O, D1, D2, O, S, D3, S, O, O, O]","[L1, L2, L4, L3, ECU4, ECU2, ECU3, ECU1]"
3-PANa,228,305,4915,"[O, S, S, D0, D1, D2, O, S, S, D3, O, O, O]","[L3, L1, L2, L4, ECU3, ECU4, ECU2, ECU1]"
3-PANa,75,421,2996,"[D0, S, S, D1, S, D2, O, S, S, S, D3, O, O]","[L3, L4, L2, L1, ECU3, ECU1, ECU4, ECU2]"
3-PANa,253,341,900,"[O, S, S, D0, S, S, D1, S, D2, D3, O, O, O]","[L3, L2, L1, L4, ECU1, ECU4, ECU3, ECU2]"
