CHAIRa,612,235,3485,"[S, S, S, D0, O, D1, O, O, D2, D3, O, S]","[L2, L3, L4, L1, ECU4, ECU1, ECU3, ECU2]"
CHAIRa,12,389,147,"[D0, D1, D2, S, O, O, O, O, S, S, O, D3]","[L3, L4, L1, L2, ECU1, ECU4, ECU3, ECU2]"
CHAIRa,13,323,795,"[D0, D1, D2, S, O, O, O, S, D3, S, O, O]","[L3, L1, L4, L2, ECU2, ECU4, ECU3, ECU1]"
CHAIRa,84,475,45,"[D0, S, D1, D2, O, O, O, S, S, S, O, D3]","[L4, L1, L3, L2, ECU4, ECU1, ECU3, ECU2]"
CHAIRa,487,430,45,"[O, S, S, S, O, O, D0, S, D1, D2, O, D3]","[L3, L4, L2, L1, ECU4, ECU3, ECU1, ECU2]"
CHAIRa,4,365,147,"[D0, D1, D2, S, O, O, O, D3, S, S, O, O]","[L3, L2, L4, L1, ECU1, ECU4, ECU3, ECU2]"
CHAIRa,386,421,190,"[O, S, S, D0, O, D1, O, O, S, D2, O, D3]","[L3, L4, L2, L1, ECU3, ECU1, ECU4, ECU2]"
CHAIRa,97,380,98,"[D0, S, D1, S, D2, O, O, S, S, D3, O, S]","[L3, L2, L4, L1, ECU4, ECU2, ECU1, ECU3]"
CHAIRa,473,302,2992,"[O, S, S, S, O, D0, D1, S, S, S, D2, D3]","[L3, L1, L2, L4, ECU3, ECU2, ECU1, ECU4]"
CHAIRa,267,528,46,"[O, D0, D1, D2, O, O, O, O, S, S, D3, O]","[L4, L3, L1, L2, ECU1, ECU2, ECU3, ECU4]"
CHAIRa,133,432,195,"[D0, S, S, D1, O, D2, O, S, S, S, O, D3]","[L4, L1, L2, L3, ECU1, ECU2, ECU3, ECU4]"
CHAIRa,258,125,1137,"[D0, S, S, S, O, O, O, D1, S, S, D2, D3]","[L1, L4, L3, L2, ECU1, ECU4, ECU3, ECU2]"
CHAIRa,209,82,845,"[D0, S, S, S, O, D1, D2, O, S, D3, O, S]","[L1, L3, L4, L2, ECU2, ECU4, ECU1, ECU3]"
CHAIRa,445,349,20085,"[O, S, S, S, D0, O, D1, S, D2, D3, O, O]","[L3, L2, L1, L4, ECU3, ECU1, ECU4, ECU2]"
CHAIRa,361,24,7474,"[O, S, D0, S, D1, O, O, O, D2, S, O, D3]","[L1, L2, L4, L3, ECU1, ECU2, ECU3, ECU4]"
CHAIRa,170,500,45,"[D0, S, S, S, D1, D2, O, S, S, S, O, D3]","[L4, L2, L1, L3, ECU4, ECU2, ECU1, ECU3]"
CHAIRa,533,411,45,"[S, D0, S, D1, O, O, O, O, S, S, D2, D3]","[L3, L4, L2, L1, ECU1, ECU3, ECU4, ECU2]"
CHAIRa,293,228,45,"[O, D0, D1, S, O, O, O, S, S, S, D2, D3]","[L2, L3, L4, L1, ECU3, ECU1, ECU2, ECU4]"
CHAIRa,692,449,45,"[S, S, S, S, O, D0, D1, O, D2, D3, O, O]","[L4, L1, L2, L3, ECU3, ECU4, ECU2, ECU1]"
CHAIRa,515,94,795,"[S, D0, D1, S, O, O, O, O, S, D2, O, D3]","[L1, L3, L4, L2, ECU4, ECU3, ECU1, ECU2]"
CHAIRa,99,506,187,"[D0, S, D1, S, D2, O, O, S, S, S, D3, S]","[L4, L2, L3, L1, ECU1, ECU3, ECU2, ECU4]"
CHAIRa,191,122,1741,"[D0, S, S, S, D1, O, O, D2, S, S, D3, O]","[L1, L4, L3, L2, ECU1, ECU3, ECU2, ECU4]"
CHAIRa,408,184,1257,"[O, S, S, S, D0, D1, D2, O, S, S, O, D3]","[L2, L1, L4, L3, ECU3, ECU4, ECU1, ECU2]"
CHAIRa,23,185,1127,"[D0, D1, S, D2, O, O, O, O, D3, S, O, S]","[L2, L1, L4, L3, ECU3, ECU4, ECU2, ECU1]"
CHAIRa,47,105,638,"[D0, D1, S, S, O, O, D2, S, S, D3, O, O]","[L1, L4, L2, L3, ECU2, ECU3, ECU4, ECU1]"
CHAIRa,394,559,147,"[O, S, S, D0, O, O, O, D1, D2, D3, O, S]","[L4, L3, L2, L1, ECU2, ECU1, ECU4, ECU3]"
CHAIRa,357,399,45,"[O, S, D0, S, D1, O, O, D2, S, S, D3, S]","[L3, L4, L1, L2, ECU3, ECU2, ECU4, ECU1]"
CHAIRa,234,244,527,"[D0, S, S, S, O, D1, O, S, D2, S, O, D3]","[L2, L4, L1, L3, ECU1, ECU4, ECU2, ECU3]"
CHAIRa,312,367,199,"[O, D0, S, S, O, O, D1, D2, D3, S, O, S]","[L3, L2, L4, L1, ECU2, ECU1, ECU4, ECU3]"
CHAIRa,92,326,150,"[D0, S, D1, S, D2, O, O, O, S, S, D3, S]","[L3, L1, L4, L2, ECU3, ECU2, ECU1, ECU4]"
CHAIRa,681,319,909,"[S, S, S, S, D0, O, O, D1, S, D2, O, D3]","[L3, L1, L4, L2, ECU2, ECU1, ECU4, ECU3]"
CHAIRa,213,80,4485,"[D0, S, S, S, O, D1, D2, S, D3, S, O, O]","[L1, L3, L4, L2, ECU2, ECU3, ECU1, ECU4]"
CHAIRa,559,139,604,"[S, D0, S, S, O, O, O, D1, S, D2, O, D3]","[L1, L4, L3, L2, ECU4, ECU1, ECU3, ECU2]"
CHAIRa,158,315,910,"[D0, S, S, S, D1, D2, O, O, D3, S, O, S]","[L3, L1, L4, L2, ECU1, ECU3, ECU4, ECU2]"
CHAIRa,702,491,45,"[S, S, S, S, O, D0, O, D1, D2, D3, O, O]","[L4, L2, L1, L3, ECU2, ECU4, ECU3, ECU1]"
CHAIRa,561,41,147,"[S, D0, S, S, O, O, O, O, D1, D2, O, D3]","[L1, L2, L4, L3, ECU3, ECU4, ECU2, ECU1]"
CHAIRa,3,406,45,"[D0, D1, D2, D3, O, O, O, S, S, S, O, S]","[L3, L4, L1, L2, ECU4, ECU3, ECU1, ECU2]"
CHAIRa,506,28,2433,"[S, D0, D1, S, O, O, O, D2, D3, S, O, S]","[L1, L2, L4, L3, ECU1, ECU4, ECU2, ECU3]"
CHAIRa,591,480,1616,"[S, S, D0, S, D1, O, O, O, S, S, D2, D3]","[L4, L2, L1, L3, ECU1, ECU2, ECU3, ECU4]"
CHAIRa,495,103,45,"[S, D0, D1, D2, O, O, O, O, S, S, D3, O]","[L1, L4, L2, L3, ECU2, ECU1, ECU4, ECU3]"
CHAIRa,622,89,45,"[S, S, S, D0, O, O, O, D1, D2, D3, O, S]","[L1, L3, L4, L2, ECU3, ECU4, ECU2, ECU1]"
CHAIRa,515,298,644,"[S, D0, D1, S, O, O, O, O, S, D2, O, D3]","[L3, L1, L2, L4, ECU2, ECU4, ECU1, ECU3]"
CHAIRa,323,84,197,"[O, D0, S, S, O, O, D1, S, D2, D3, O, O]","[L1, L3, L4, L2, ECU3, ECU1, ECU2, ECU4]"
CHAIRa,76,55,2148,"[D0, S, D1, D2, O, O, O, O, S, S, D3, S]","[L1, L3, L2, L4, ECU2, ECU1, ECU4, ECU3]"
CHAIRa,359,194,983,"[O, S, D0, S, D1, O, O, O, D2, D3, O, O]","[L2, L3, L1, L4, ECU1, ECU3, ECU2, ECU4]"
CHAIRa,155,66,2152,"[D0, S, S, S, D1, D2, O, D3, S, S, O, O]","[L1, L3, L2, L4, ECU4, ECU1, ECU2, ECU3]"
CHAIRa,404,37,1568,"[O, S, S, S, D0, D1, D2, O, S, D3, O, O]","[L1, L2, L4, L3, ECU3, ECU1, ECU4, ECU2]"
CHAIRa,579,428,1625,"[S, S, D0, D1, O, O, O, S, S, S, D2, D3]","[L3, L4, L2, L1, ECU4, ECU2, ECU1, ECU3]"
CHAIRa,379,563,502,"[O, S, S, D0, O, D1, O, D2, S, D3, O, S]","[L4, L3, L2, L1, ECU2, ECU4, ECU3, ECU1]"
CHAIRa,84,37,1487,"[D0, S, D1, D2, O, O, O, S, S, S, O, D3]","[L1, L2, L4, L3, ECU3, ECU1, ECU4, ECU2]"
CHAIRa,377,223,98,"[O, S, S, D0, O, D1, O, D2, D3, S, O, S]","[L2, L3, L4, L1, ECU2, ECU1, ECU4, ECU3]"
CHAIRa,239,136,562,"[D0, S, S, S, O, O, D1, D2, S, D3, O, O]","[L1, L4, L3, L2, ECU3, ECU4, ECU1, ECU2]"
CHAIRa,147,465,406,"[D0, S, S, D1, O, O, O, S, D2, D3, O, S]","[L4, L1, L3, L2, ECU2, ECU3, ECU4, ECU1]"
CHAIRa,205,525,543,"[D0, S, S, S, O, D1, D2, D3, S, S, O, S]","[L4, L2, L3, L1, ECU4, ECU2, ECU3, ECU1]"
CHAIRa,405,339,749,"[O, S, S, S, D0, D1, D2, O, S, D3, O, S]","[L3, L2, L1, L4, ECU1, ECU3, ECU4, ECU2]"
CHAIRa,675,62,1202,"[S, S, S, S, D0, O, D1, S, D2, S, O, D3]","[L1, L3, L2, L4, ECU3, ECU2, ECU1, ECU4]"
CHAIRa,204,525,564,"[D0, S, S, S, O, D1, D2, D3, S, S, O, O]","[L4, L2, L3, L1, ECU4, ECU2, ECU3, ECU1]"
CHAIRa,409,561,1692,"[O, S, S, S, D0, D1, D2, S, D3, S, O, O]","[L4, L3, L2, L1, ECU2, ECU3, ECU4, ECU1]"
CHAIRa,205,188,45,"[D0, S, S, S, O, D1, D2, D3, S, S, O, S]","[L2, L1, L4, L3, ECU4, ECU2, ECU1, ECU3]"
CHAIRa,681,191,147,"[S, S, S, S, D0, O, O, D1, S, D2, O, D3]","[L2, L1, L4, L3, ECU4, ECU3, ECU2, ECU1]"
CHAIRa,23,453,2954,"[D0, D1, S, D2, O, O, O, O, D3, S, O, S]","[L4, L1, L2, L3, ECU4, ECU2, ECU3, ECU1]"
CHAIRa,403,100,2510,"[O, S, S, S, D0, D1, D2, O, D3, S, O, S]","[L1, L4, L2, L3, ECU1, ECU4, ECU2, ECU3]"
CHAIRa,58,507,187,"[D0, D1, S, S, O, O, O, D2, S, S, O, D3]","[L4, L2, L3, L1, ECU1, ECU3, ECU4, ECU2]"
CHAIRa,116,437,2527,"[D0, S, D1, S, O, O, O, S, S, D2, O, D3]","[L4, L1, L2, L3, ECU1, ECU4, ECU3, ECU2]"
CHAIRa,140,327,247,"[D0, S, S, D1, O, O, O, D2, S, S, O, D3]","[L3, L1, L4, L2, ECU3, ECU2, ECU4, ECU1]"
CHAIRa,435,366,642,"[O, S, S, S, D0, O, D1, D2, S, D3, O, O]","[L3, L2, L4, L1, ECU2, ECU1, ECU3, ECU4]"
CHAIRa,230,353,187,"[D0, S, S, S, O, D1, O, O, S, D2, O, D3]","[L3, L2, L1, L4, ECU3, ECU4, ECU2, ECU1]"
CHAIRa,350,507,45,"[O, S, D0, D1, O, O, O, S, S, D2, O, D3]","[L4, L2, L3, L1, ECU1, ECU3, ECU4, ECU2]"
CHAIRa,204,217,1421,"[D0, S, S, S, O, D1, D2, D3, S, S, O, O]","[L2, L3, L4, L1, ECU1, ECU2, ECU4, ECU3]"
CHAIRa,338,544,147,"[O, S, D0, D1, O, O, O, D2, S, D3, O, S]","[L4, L3, L1, L2, ECU3, ECU4, ECU1, ECU2]"
CHAIRa,58,218,107,"[D0, D1, S, S, O, O, O, D2, S, S, O, D3]","[L2, L3, L4, L1, ECU1, ECU3, ECU2, ECU4]"
CHAIRa,441,366,1850,"[O, S, S, S, D0, O, D1, O, D2, D3, O, S]","[L3, L2, L4, L1, ECU2, ECU1, ECU3, ECU4]"
CHAIRa,196,402,1182,"[D0, S, S, S, D1, O, O, O, D2, S, O, D3]","[L3, L4, L1, L2, ECU4, ECU1, ECU2, ECU3]"
CHAIRa,440,38,1101,"[O, S, S, S, D0, O, D1, O, D2, D3, O, O]","[L1, L2, L4, L3, ECU3, ECU2, ECU1, ECU4]"
CHAIRa,702,365,7403,"[S, S, S, S, O, D0, O, D1, D2, D3, O, O]","[L3, L2, L4, L1, ECU1, ECU4, ECU3, ECU2]"
CHAIRa,645,422,766,"[S, S, S, S, D0, D1, O, D2, D3, S, O, S]","[L3, L4, L2, L1, ECU3, ECU2, ECU1, ECU4]"
CHAIRa,235,380,705,"[D0, S, S, S, O, D1, O, S, S, D2, O, D3]","[L3, L2, L4, L1, ECU4, ECU2, ECU1, ECU3]"
CHAIRa,598,48,1355,"[S, S, D0, S, O, O, O, D1, D2, D3, O, S]","[L1, L3, L2, L4, ECU1, ECU2, ECU3, ECU4]"
CHAIRa,366,30,90,"[O, S, D0, S, D1, O, O, S, D2, S, O, D3]","[L1, L2, L4, L3, ECU2, ECU1, ECU3, ECU4]"
CHAIRa,631,455,1110,"[S, S, S, S, D0, D1, D2, O, D3, S, O, S]","[L4, L1, L2, L3, ECU4, ECU3, ECU2, ECU1]"
CHAIRa,365,445,227,"[O, S, D0, S, D1, O, O, S, D2, D3, O, S]","[L4, L1, L2, L3, ECU3, ECU1, ECU4, ECU2]"
CHAIRa,140,94,147,"[D0, S, S, D1, O, O, O, D2, S, S, O, D3]","[L1, L3, L4, L2, ECU4, ECU3, ECU1, ECU2]"
CHAIRa,9,111,1064,"[D0, D1, D2, S, O, O, O, O, S, D3, O, S]","[L1, L4, L2, L3, ECU3, ECU2, ECU4, ECU1]"
CHAIRa,563,208,150,"[S, S, D0, D1, O, O, O, D2, D3, S, O, O]","[L2, L3, L1, L4, ECU3, ECU4, ECU1, ECU2]"
CHAIRa,464,281,45,"[O, S, S, S, O, D0, D1, O, D2, D3, O, O]","[L2, L4, L3, L1, ECU3, ECU4, ECU2, ECU1]"
CHAIRa,205,201,596,"[D0, S, S, S, O, D1, D2, D3, S, S, O, S]","[L2, L3, L1, L4, ECU2, ECU3, ECU4, ECU1]"
CHAIRa,139,176,87,"[D0, S, S, D1, O, O, O, D2, S, S, D3, S]","[L2, L1, L4, L3, ECU2, ECU3, ECU1, ECU4]"
CHAIRa,548,366,187,"[S, D0, S, S, O, O, D1, O, D2, S, O, D3]","[L3, L2, L4, L1, ECU2, ECU1, ECU3, ECU4]"
CHAIRa,340,369,45,"[O, S, D0, D1, O, O, O, D2, S, S, D3, S]","[L3, L2, L4, L1, ECU2, ECU3, ECU4, ECU1]"
CHAIRa,191,187,1984,"[D0, S, S, S, D1, O, O, D2, S, S, D3, O]","[L2, L1, L4, L3, ECU4, ECU1, ECU3, ECU2]"
CHAIRa,445,327,1220,"[O, S, S, S, D0, O, D1, S, D2, D3, O, O]","[L3, L1, L4, L2, ECU3, ECU2, ECU4, ECU1]"
CHAIRa,502,180,45,"[S, D0, D1, D2, O, O, O, S, S, S, D3, O]","[L2, L1, L4, L3, ECU3, ECU1, ECU2, ECU4]"
CHAIRa,230,117,147,"[D0, S, S, S, O, D1, O, O, S, D2, O, D3]","[L1, L4, L2, L3, ECU4, ECU2, ECU3, ECU1]"
CHAIRa,437,233,1111,"[O, S, S, S, D0, O, D1, D2, S, S, D3, O]","[L2, L3, L4, L1, ECU3, ECU4, ECU2, ECU1]"
CHAIRa,508,345,2147,"[S, D0, D1, S, O, O, O, D2, S, D3, O, S]","[L3, L2, L1, L4, ECU2, ECU3, ECU4, ECU1]"
CHAIRa,471,393,2312,"[O, S, S, S, O, D0, D1, S, D2, S, O, D3]","[L3, L4, L1, L2, ECU2, ECU3, ECU4, ECU1]"
CHAIRa,385,275,87,"[O, S, S, D0, O, D1, O, O, D2, S, O, D3]","[L2, L4, L3, L1, ECU2, ECU4, ECU3, ECU1]"
CHAIRa,434,273,617,"[O, S, S, S, D0, O, D1, D2, D3, S, O, S]","[L2, L4, L3, L1, ECU2, ECU3, ECU4, ECU1]"
CHAIRa,484,188,819,"[O, S, S, S, O, O, D0, D1, S, D2, O, D3]","[L2, L1, L4, L3, ECU4, ECU2, ECU1, ECU3]"
CHAIRa,281,438,45,"[O, D0, D1, S, O, O, O, D2, S, S, D3, O]","[L4, L1, L2, L3, ECU2, ECU1, ECU3, ECU4]"
CHAIRa,308,170,45,"[O, D0, S, D1, O, O, O, S, D2, S, O, D3]","[L2, L1, L4, L3, ECU1, ECU3, ECU2, ECU4]"
CHAIRa,192,517,1920,"[D0, S, S, S, D1, O, O, D2, S, S, D3, S]","[L4, L2, L3, L1, ECU3, ECU1, ECU4, ECU2]"
CHAIRa,366,286,591,"[O, S, D0, S, D1, O, O, S, D2, S, O, D3]","[L2, L4, L3, L1, ECU4, ECU3, ECU1, ECU2]"
CHAIRa,589,560,243,"[S, S, D0, S, D1, O, O, O, D2, S, O, D3]","[L4, L3, L2, L1, ECU2, ECU3, ECU1, ECU4]"
CHAIRa,326,534,90,"[O, D0, S, S, O, O, D1, S, S, D2, O, D3]","[L4, L3, L1, L2, ECU2, ECU1, ECU3, ECU4]"
CHAIRa,168,172,4337,"[D0, S, S, S, D1, D2, O, S, S, S, D3, O]","[L2, L1, L4, L3, ECU1, ECU4, ECU2, ECU3]"
CHAIRa,488,494,45,"[O, S, S, S, O, O, O, D0, D1, D2, O, D3]","[L4, L2, L1, L3, ECU3, ECU2, ECU1, ECU4]"
CHAIRa,12,298,2900,"[D0, D1, D2, S, O, O, O, O, S, S, O, D3]","[L3, L1, L2, L4, ECU2, ECU4, ECU1, ECU3]"
CHAIRa,546,185,45,"[S, D0, S, S, O, O, D1, O, D2, D3, O, O]","[L2, L1, L4, L3, ECU3, ECU4, ECU2, ECU1]"
CHAIRa,587,511,45,"[S, S, D0, S, D1, O, O, O, D2, D3, O, O]","[L4, L2, L3, L1, ECU2, ECU1, ECU4, ECU3]"
CHAIRa,341,310,87,"[O, S, D0, D1, O, O, O, D2, S, S, O, D3]","[L3, L1, L2, L4, ECU4, ECU3, ECU1, ECU2]"
CHAIRa,187,203,22106,"[D0, S, S, S, D1, O, O, D2, D3, S, O, O]","[L2, L3, L1, L4, ECU2, ECU4, ECU3, ECU1]"
CHAIRa,676,388,45,"[S, S, S, S, D0, O, D1, S, S, D2, O, D3]","[L3, L4, L1, L2, ECU1, ECU4, ECU2, ECU3]"
CHAIRa,635,528,45,"[S, S, S, S, D0, D1, D2, O, S, S, D3, S]","[L4, L3, L1, L2, ECU1, ECU2, ECU3, ECU4]"
CHAIRa,708,260,45,"[S, S, S, S, O, D0, O, S, D1, D2, O, D3]","[L2, L4, L1, L3, ECU4, ECU2, ECU1, ECU3]"
CHAIRa,556,89,45,"[S, D0, S, S, O, O, O, D1, D2, D3, O, O]","[L1, L3, L4, L2, ECU3, ECU4, ECU2, ECU1]"
CHAIRa,97,465,4413,"[D0, S, D1, S, D2, O, O, S, S, D3, O, S]","[L4, L1, L3, L2, ECU2, ECU3, ECU4, ECU1]"
CHAIRa,574,31,45,"[S, S, D0, D1, O, O, O, O, S, S, D2, D3]","[L1, L2, L4, L3, ECU2, ECU1, ECU4, ECU3]"
CHAIRa,675,418,902,"[S, S, S, S, D0, O, D1, S, D2, S, O, D3]","[L3, L4, L2, L1, ECU2, ECU4, ECU1, ECU3]"
CHAIRa,700,180,45,"[S, S, S, S, O, D0, D1, S, S, D2, O, D3]","[L2, L1, L4, L3, ECU3, ECU1, ECU2, ECU4]"
CHAIRa,592,505,7002,"[S, S, D0, S, D1, O, O, S, D2, D3, O, O]","[L4, L2, L3, L1, ECU1, ECU2, ECU4, ECU3]"
CHAIRa,714,388,6893,"[S, S, S, S, O, O, D0, O, D1, D2, O, D3]","[L3, L4, L1, L2, ECU1, ECU4, ECU2, ECU3]"
CHAIRa,106,333,45,"[D0, S, D1, S, O, O, O, D2, S, S, D3, S]","[L3, L1, L4, L2, ECU4, ECU2, ECU3, ECU1]"
CHAIRa,373,440,2786,"[O, S, D0, S, O, O, O, D1, S, S, D2, D3]","[L4, L1, L2, L3, ECU2, ECU3, ECU1, ECU4]"
CHAIRa,366,385,7347,"[O, S, D0, S, D1, O, O, S, D2, S, O, D3]","[L3, L4, L1, L2, ECU1, ECU2, ECU4, ECU3]"
CHAIRa,412,260,2089,"[O, S, S, S, D0, D1, D2, S, S, D3, O, S]","[L2, L4, L1, L3, ECU4, ECU2, ECU1, ECU3]"
CHAIRa,43,380,45,"[D0, D1, S, S, O, O, D2, O, S, S, D3, S]","[L3, L2, L4, L1, ECU4, ECU2, ECU1, ECU3]"
CHAIRa,366,221,2518,"[O, S, D0, S, D1, O, O, S, D2, S, O, D3]","[L2, L3, L4, L1, ECU1, ECU4, ECU3, ECU2]"
CHAIRa,370,439,87,"[O, S, D0, S, O, O, O, D1, D2, D3, O, S]","[L4, L1, L2, L3, ECU2, ECU1, ECU4, ECU3]"
CHAIRa,188,558,1585,"[D0, S, S, S, D1, O, O, D2, D3, S, O, S]","[L4, L3, L2, L1, ECU2, ECU1, ECU3, ECU4]"
CHAIRa,119,45,107,"[D0, S, S, D1, O, D2, O, D3, S, S, O, S]","[L1, L2, L4, L3, ECU4, ECU2, ECU3, ECU1]"
CHAIRa,192,514,2140,"[D0, S, S, S, D1, O, O, D2, S, S, D3, S]","[L4, L2, L3, L1, ECU2, ECU4, ECU1, ECU3]"
CHAIRa,381,517,78,"[O, S, S, D0, O, D1, O, D2, S, S, D3, S]","[L4, L2, L3, L1, ECU3, ECU1, ECU4, ECU2]"
CHAIRa,574,267,45,"[S, S, D0, D1, O, O, O, O, S, S, D2, D3]","[L2, L4, L3, L1, ECU1, ECU3, ECU4, ECU2]"
CHAIRa,703,40,45,"[S, S, S, S, O, D0, O, D1, D2, D3, O, S]","[L1, L2, L4, L3, ECU3, ECU4, ECU1, ECU2]"
CHAIRa,44,146,107,"[D0, D1, S, S, O, O, D2, O, S, S, O, D3]","[L2, L1, L3, L4, ECU1, ECU3, ECU2, ECU4]"
CHAIRa,28,552,187,"[D0, D1, S, D2, O, O, O, O, S, S, O, D3]","[L4, L3, L2, L1, ECU1, ECU2, ECU3, ECU4]"
CHAIRa,561,548,45,"[S, D0, S, S, O, O, O, O, D1, D2, O, D3]","[L4, L3, L1, L2, ECU4, ECU2, ECU1, ECU3]"
CHAIRa,138,518,107,"[D0, S, S, D1, O, O, O, D2, S, S, D3, O]","[L4, L2, L3, L1, ECU3, ECU2, ECU1, ECU4]"
CHAIRa,555,191,1002,"[S, D0, S, S, O, O, D1, S, S, S, D2, D3]","[L2, L1, L4, L3, ECU4, ECU3, ECU2, ECU1]"
CHAIRa,42,254,1040,"[D0, D1, S, S, O, O, D2, O, S, S, D3, O]","[L2, L4, L1, L3, ECU3, ECU2, ECU1, ECU4]"
CHAIRa,664,520,1166,"[S, S, S, S, D0, O, D1, D2, S, D3, O, S]","[L4, L2, L3, L1, ECU3, ECU4, ECU1, ECU2]"
CHAIRa,4,326,45,"[D0, D1, D2, S, O, O, O, D3, S, S, O, O]","[L3, L1, L4, L2, ECU3, ECU2, ECU1, ECU4]"
CHAIRa,443,127,1412,"[O, S, S, S, D0, O, D1, O, S, D2, O, D3]","[L1, L4, L3, L2, ECU2, ECU1, ECU4, ECU3]"
CHAIRa,86,109,2334,"[D0, S, D1, S, D2, O, O, D3, S, S, O, S]","[L1, L4, L2, L3, ECU3, ECU1, ECU4, ECU2]"
CHAIRa,147,415,2729,"[D0, S, S, D1, O, O, O, S, D2, D3, O, S]","[L3, L4, L2, L1, ECU2, ECU1, ECU4, ECU3]"
CHAIRa,563,299,644,"[S, S, D0, D1, O, O, O, D2, D3, S, O, O]","[L3, L1, L2, L4, ECU2, ECU4, ECU3, ECU1]"
CHAIRa,713,109,584,"[S, S, S, S, O, O, D0, D1, S, S, D2, D3]","[L1, L4, L2, L3, ECU3, ECU1, ECU4, ECU2]"
CHAIRa,409,338,1325,"[O, S, S, S, D0, D1, D2, S, D3, S, O, O]","[L3, L2, L1, L4, ECU1, ECU3, ECU2, ECU4]"
CHAIRa,420,416,810,"[O, S, S, S, D0, D1, O, D2, S, S, D3, O]","[L3, L4, L2, L1, ECU2, ECU3, ECU1, ECU4]"
CHAIRa,601,273,484,"[S, S, D0, S, O, O, O, D1, S, S, D2, D3]","[L2, L4, L3, L1, ECU2, ECU3, ECU4, ECU1]"
CHAIRa,473,188,1997,"[O, S, S, S, O, D0, D1, S, S, S, D2, D3]","[L2, L1, L4, L3, ECU4, ECU2, ECU1, ECU3]"
CHAIRa,603,375,87,"[S, S, D0, S, O, O, O, S, D1, D2, O, D3]","[L3, L2, L4, L1, ECU3, ECU2, ECU4, ECU1]"
CHAIRa,515,542,160,"[S, D0, D1, S, O, O, O, O, S, D2, O, D3]","[L4, L3, L1, L2, ECU3, ECU2, ECU1, ECU4]"
CHAIRa,658,134,1435,"[S, S, S, S, D0, D1, O, S, D2, S, O, D3]","[L1, L4, L3, L2, ECU3, ECU2, ECU1, ECU4]"
CHAIRa,298,390,45,"[O, D0, S, D1, O, O, O, D2, S, S, D3, O]","[L3, L4, L1, L2, ECU2, ECU1, ECU3, ECU4]"
CHAIRa,537,192,45,"[S, D0, S, D1, O, O, O, S, S, D2, O, D3]","[L2, L3, L1, L4, ECU1, ECU2, ECU3, ECU4]"
CHAIRa,315,106,190,"[O, D0, S, S, O, O, D1, D2, S, S, D3, O]","[L1, L4, L2, L3, ECU2, ECU4, ECU1, ECU3]"
CHAIRa,186,71,523,"[D0, S, S, S, D1, O, D2, S, S, S, O, D3]","[L1, L3, L2, L4, ECU4, ECU3, ECU2, ECU1]"
CHAIRa,36,443,517,"[D0, D1, S, S, O, O, D2, D3, S, S, O, O]","[L4, L1, L2, L3, ECU2, ECU4, ECU3, ECU1]"
CHAIRa,33,221,107,"[D0, D1, S, D2, O, O, O, S, S, S, D3, O]","[L2, L3, L4, L1, ECU1, ECU4, ECU3, ECU2]"
CHAIRa,714,93,107,"[S, S, S, S, O, O, D0, O, D1, D2, O, D3]","[L1, L3, L4, L2, ECU4, ECU2, ECU3, ECU1]"
CHAIRa,99,144,110,"[D0, S, D1, S, D2, O, O, S, S, S, D3, S]","[L2, L1, L3, L4, ECU1, ECU2, ECU3, ECU4]"
CHAIRa,322,351,381,"[O, D0, S, S, O, O, D1, O, S, S, D2, D3]","[L3, L2, L1, L4, ECU3, ECU2, ECU4, ECU1]"
CHAIRa,255,155,45,"[D0, S, S, S, O, O, O, D1, D2, D3, O, S]","[L2, L1, L3, L4, ECU2, ECU4, ECU3, ECU1]"
CHAIRa,469,493,21823,"[O, S, S, S, O, D0, D1, S, D2, D3, O, O]","[L4, L2, L1, L3, ECU3, ECU1, ECU4, ECU2]"
CHAIRa,165,537,2645,"[D0, S, S, S, D1, D2, O, S, D3, S, O, S]","[L4, L3, L1, L2, ECU2, ECU3, ECU4, ECU1]"
CHAIRa,1,347,45,"[D0, D1, D2, D3, O, O, O, O, S, S, O, S]","[L3, L2, L1, L4, ECU2, ECU4, ECU3, ECU1]"
CHAIRa,480,463,1494,"[O, S, S, S, O, D0, O, S, D1, D2, O, D3]","[L4, L1, L3, L2, ECU2, ECU1, ECU4, ECU3]"
CHAIRa,491,123,45,"[S, D0, D1, D2, O, O, O, O, D3, S, O, O]","[L1, L4, L3, L2, ECU1, ECU3, ECU4, ECU2]"
CHAIRa,272,493,45,"[O, D0, D1, D2, O, O, O, S, S, D3, O, O]","[L4, L2, L1, L3, ECU3, ECU1, ECU4, ECU2]"
CHAIRa,704,526,1440,"[S, S, S, S, O, D0, O, D1, D2, S, O, D3]","[L4, L2, L3, L1, ECU4, ECU3, ECU1, ECU2]"
CHAIRa,29,14,45,"[D0, D1, S, D2, O, O, O, S, D3, S, O, O]","[L1, L2, L3, L4, ECU3, ECU2, ECU1, ECU4]"
CHAIRa,3,239,45,"[D0, D1, D2, D3, O, O, O, S, S, S, O, S]","[L2, L3, L4, L1, ECU4, ECU3, ECU2, ECU1]"
CHAIRa,74,511,2159,"[D0, S, D1, D2, O, O, O, O, S, D3, O, S]","[L4, L2, L3, L1, ECU2, ECU1, ECU4, ECU3]"
CHAIRa,682,373,1496,"[S, S, S, S, D0, O, O, D1, S, S, D2, D3]","[L3, L2, L4, L1, ECU3, ECU1, ECU4, ECU2]"
CHAIRa,193,506,357,"[D0, S, S, S, D1, O, O, D2, S, S, O, D3]","[L4, L2, L3, L1, ECU1, ECU3, ECU2, ECU4]"
CHAIRa,149,475,453,"[D0, S, S, D1, O, O, O, S, S, D2, O, D3]","[L4, L1, L3, L2, ECU4, ECU1, ECU3, ECU2]"
CHAIRa,118,573,147,"[D0, S, S, D1, O, D2, O, D3, S, S, O, O]","[L4, L3, L2, L1, ECU4, ECU2, ECU3, ECU1]"
CHAIRa,262,341,45,"[O, D0, D1, D2, O, O, O, D3, S, S, O, S]","[L3, L2, L1, L4, ECU1, ECU4, ECU3, ECU2]"
CHAIRa,643,235,45,"[S, S, S, S, D0, D1, D2, S, S, S, O, D3]","[L2, L3, L4, L1, ECU4, ECU1, ECU3, ECU2]"
CHAIRa,545,51,2226,"[S, D0, S, S, O, O, D1, D2, S, S, O, D3]","[L1, L3, L2, L4, ECU1, ECU3, ECU4, ECU2]"
CHAIRa,714,328,11080,"[S, S, S, S, O, O, D0, O, D1, D2, O, D3]","[L3, L1, L4, L2, ECU3, ECU4, ECU1, ECU2]"
CHAIRa,133,545,1570,"[D0, S, S, D1, O, D2, O, S, S, S, O, D3]","[L4, L3, L1, L2, ECU3, ECU4, ECU2, ECU1]"
CHAIRa,119,434,187,"[D0, S, S, D1, O, D2, O, D3, S, S, O, S]","[L4, L1, L2, L3, ECU1, ECU3, ECU2, ECU4]"
CHAIRa,184,439,7402,"[D0, S, S, S, D1, O, D2, S, S, S, D3, O]","[L4, L1, L2, L3, ECU2, ECU1, ECU4, ECU3]"
CHAIRa,129,327,776,"[D0, S, S, D1, O, D2, O, S, S, D3, O, O]","[L3, L1, L4, L2, ECU3, ECU2, ECU4, ECU1]"
CHAIRa,424,36,3723,"[O, S, S, S, D0, D1, O, O, D2, D3, O, S]","[L1, L2, L4, L3, ECU3, ECU1, ECU2, ECU4]"
CHAIRa,657,382,45,"[S, S, S, S, D0, D1, O, S, D2, D3, O, S]","[L3, L2, L4, L1, ECU4, ECU3, ECU1, ECU2]"
CHAIRa,660,90,45,"[S, S, S, S, D0, D1, O, S, S, S, D2, D3]","[L1, L3, L4, L2, ECU4, ECU1, ECU2, ECU3]"
CHAIRa,242,216,1612,"[D0, S, S, S, O, O, D1, D2, S, S, D3, S]","[L2, L3, L4, L1, ECU1, ECU2, ECU3, ECU4]"
CHAIRa,129,242,107,"[D0, S, S, D1, O, D2, O, S, S, D3, O, O]","[L2, L4, L1, L3, ECU1, ECU3, ECU2, ECU4]"
CHAIRa,169,413,45,"[D0, S, S, S, D1, D2, O, S, S, S, D3, S]","[L3, L4, L2, L1, ECU1, ECU4, ECU3, ECU2]"
CHAIRa,431,144,8202,"[O, S, S, S, D0, D1, O, S, S, D2, O, D3]","[L2, L1, L3, L4, ECU1, ECU2, ECU3, ECU4]"
CHAIRa,262,545,147,"[O, D0, D1, D2, O, O, O, D3, S, S, O, S]","[L4, L3, L1, L2, ECU3, ECU4, ECU2, ECU1]"
CHAIRa,294,556,560,"[O, D0, S, D1, O, O, O, D2, D3, S, O, O]","[L4, L3, L2, L1, ECU1, ECU4, ECU2, ECU3]"
CHAIRa,18,95,45,"[D0, D1, D2, S, O, O, O, S, S, S, D3, S]","[L1, L3, L4, L2, ECU4, ECU3, ECU2, ECU1]"
CHAIRa,12,6,45,"[D0, D1, D2, S, O, O, O, O, S, S, O, D3]","[L1, L2, L3, L4, ECU2, ECU1, ECU3, ECU4]"
CHAIRa,308,86,880,"[O, D0, S, D1, O, O, O, S, D2, S, O, D3]","[L1, L3, L4, L2, ECU3, ECU2, ECU1, ECU4]"
CHAIRa,676,543,3999,"[S, S, S, S, D0, O, D1, S, S, D2, O, D3]","[L4, L3, L1, L2, ECU3, ECU2, ECU4, ECU1]"
CHAIRa,349,166,1322,"[O, S, D0, D1, O, O, O, S, D2, S, O, D3]","[L2, L1, L3, L4, ECU4, ECU3, ECU1, ECU2]"
CHAIRa,277,155,1090,"[O, D0, D1, S, O, O, O, D2, D3, S, O, O]","[L2, L1, L3, L4, ECU2, ECU4, ECU3, ECU1]"
CHAIRa,410,103,45,"[O, S, S, S, D0, D1, D2, S, D3, S, O, S]","[L1, L4, L2, L3, ECU2, ECU1, ECU4, ECU3]"
CHAIRa,266,199,45,"[O, D0, D1, D2, O, O, O, O, S, D3, O, S]","[L2, L3, L1, L4, ECU2, ECU1, ECU4, ECU3]"
CHAIRa,255,45,45,"[D0, S, S, S, O, O, O, D1, D2, D3, O, S]","[L1, L2, L4, L3, ECU4, ECU2, ECU3, ECU1]"
CHAIRa,436,512,1021,"[O, S, S, S, D0, O, D1, D2, S, D3, O, S]","[L4, L2, L3, L1, ECU2, ECU3, ECU1, ECU4]"
CHAIRa,293,172,1304,"[O, D0, D1, S, O, O, O, S, S, S, D2, D3]","[L2, L1, L4, L3, ECU1, ECU4, ECU2, ECU3]"
CHAIRa,105,459,187,"[D0, S, D1, S, O, O, O, D2, S, S, D3, O]","[L4, L1, L3, L2, ECU1, ECU3, ECU4, ECU2]"
CHAIRa,418,168,2040,"[O, S, S, S, D0, D1, O, D2, S, D3, O, O]","[L2, L1, L4, L3, ECU1, ECU2, ECU3, ECU4]"
CHAIRa,227,275,45,"[D0, S, S, S, O, D1, O, O, D2, D3, O, O]","[L2, L4, L3, L1, ECU2, ECU4, ECU3, ECU1]"
CHAIRa,122,46,107,"[D0, S, S, D1, O, D2, O, O, S, D3, O, O]","[L1, L2, L4, L3, ECU4, ECU3, ECU1, ECU2]"
CHAIRa,220,332,547,"[D0, S, S, S, O, D1, O, D2, D3, S, O, O]","[L3, L1, L4, L2, ECU4, ECU2, ECU1, ECU3]"
CHAIRa,213,159,1374,"[D0, S, S, S, O, D1, D2, S, D3, S, O, O]","[L2, L1, L3, L4, ECU3, ECU2, ECU4, ECU1]"
CHAIRa,68,139,1470,"[D0, D1, S, S, O, O, O, S, S, S, D2, D3]","[L1, L4, L3, L2, ECU4, ECU1, ECU3, ECU2]"
CHAIRa,501,347,3542,"[S, D0, D1, D2, O, O, O, S, S, D3, O, S]","[L3, L2, L1, L4, ECU2, ECU4, ECU3, ECU1]"
CHAIRa,290,116,45,"[O, D0, D1, S, O, O, O, S, D2, D3, O, S]","[L1, L4, L2, L3, ECU4, ECU2, ECU1, ECU3]"
CHAIRa,652,226,45,"[S, S, S, S, D0, D1, O, O, D2, D3, O, S]","[L2, L3, L4, L1, ECU2, ECU4, ECU1, ECU3]"
CHAIRa,95,264,107,"[D0, S, D1, S, D2, O, O, S, D3, S, O, S]","[L2, L4, L3, L1, ECU1, ECU2, ECU3, ECU4]"
CHAIRa,612,466,45,"[S, S, S, D0, O, D1, O, O, D2, D3, O, S]","[L4, L1, L3, L2, ECU2, ECU4, ECU1, ECU3]"
CHAIRa,421,552,1986,"[O, S, S, S, D0, D1, O, D2, S, S, D3, S]","[L4, L3, L2, L1, ECU1, ECU2, ECU3, ECU4]"
CHAIRa,414,388,45,"[O, S, S, S, D0, D1, D2, S, S, S, D3, S]","[L3, L4, L1, L2, ECU1, ECU4, ECU2, ECU3]"
CHAIRa,9,410,147,"[D0, D1, D2, S, O, O, O, O, S, D3, O, S]","[L3, L4, L2, L1, ECU1, ECU3, ECU2, ECU4]"
CHAIRa,363,272,937,"[O, S, D0, S, D1, O, O, O, S, S, D2, D3]","[L2, L4, L3, L1, ECU2, ECU3, ECU1, ECU4]"
CHAIRa,26,536,45,"[D0, D1, S, D2, O, O, O, O, S, S, D3, O]","[L4, L3, L1, L2, ECU2, ECU3, ECU1, ECU4]"
CHAIRa,304,126,45,"[O, D0, S, D1, O, O, O, O, S, D2, O, D3]","[L1, L4, L3, L2, ECU2, ECU1, ECU3, ECU4]"
CHAIRa,371,319,87,"[O, S, D0, S, O, O, O, D1, D2, S, O, D3]","[L3, L1, L4, L2, ECU2, ECU1, ECU4, ECU3]"
CHAIRa,403,167,1399,"[O, S, S, S, D0, D1, D2, O, D3, S, O, S]","[L2, L1, L3, L4, ECU4, ECU3, ECU2, ECU1]"
CHAIRa,236,446,5901,"[D0, S, S, S, O, D1, O, S, S, S, D2, D3]","[L4, L1, L2, L3, ECU3, ECU2, ECU1, ECU4]"
CHAIRa,73,86,45,"[D0, S, D1, D2, O, O, O, O, S, D3, O, O]","[L1, L3, L4, L2, ECU3, ECU2, ECU1, ECU4]"
CHAIRa,39,80,2049,"[D0, D1, S, S, O, O, D2, O, D3, S, O, S]","[L1, L3, L4, L2, ECU2, ECU3, ECU1, ECU4]"
CHAIRa,463,277,626,"[O, S, S, S, O, D0, D1, D2, S, S, O, D3]","[L2, L4, L3, L1, ECU3, ECU1, ECU4, ECU2]"
CHAIRa,685,350,588,"[S, S, S, S, O, D0, D1, D2, D3, S, O, O]","[L3, L2, L1, L4, ECU3, ECU2, ECU1, ECU4]"
CHAIRa,363,343,165,"[O, S, D0, S, D1, O, O, O, S, S, D2, D3]","[L3, L2, L1, L4, ECU2, ECU1, ECU4, ECU3]"
CHAIRa,241,207,1482,"[D0, S, S, S, O, O, D1, D2, S, S, D3, O]","[L2, L3, L1, L4, ECU3, ECU2, ECU4, ECU1]"
CHAIRa,81,451,45,"[D0, S, D1, D2, O, O, O, S, S, D3, O, S]","[L4, L1, L2, L3, ECU4, ECU1, ECU3, ECU2]"
CHAIRa,95,190,81,"[D0, S, D1, S, D2, O, O, S, D3, S, O, S]","[L2, L1, L4, L3, ECU4, ECU3, ECU1, ECU2]"
CHAIRa,509,392,199,"[S, D0, D1, S, O, O, O, D2, S, S, D3, O]","[L3, L4, L1, L2, ECU2, ECU3, ECU1, ECU4]"
CHAIRa,681,566,2153,"[S, S, S, S, D0, O, O, D1, S, D2, O, D3]","[L4, L3, L2, L1, ECU3, ECU2, ECU1, ECU4]"
CHAIRa,443,24,3268,"[O, S, S, S, D0, O, D1, O, S, D2, O, D3]","[L1, L2, L4, L3, ECU1, ECU2, ECU3, ECU4]"
CHAIRa,484,155,187,"[O, S, S, S, O, O, D0, D1, S, D2, O, D3]","[L2, L1, L3, L4, ECU2, ECU4, ECU3, ECU1]"
CHAIRa,684,123,45,"[S, S, S, S, D0, O, O, S, D1, D2, O, D3]","[L1, L4, L3, L2, ECU1, ECU3, ECU4, ECU2]"
CHAIRa,627,522,45,"[S, S, S, D0, O, O, O, S, D1, D2, O, D3]","[L4, L2, L3, L1, ECU4, ECU1, ECU2, ECU3]"
CHAIRa,26,380,45,"[D0, D1, S, D2, O, O, O, O, S, S, D3, O]","[L3, L2, L4, L1, ECU4, ECU2, ECU1, ECU3]"
CHAIRa,132,410,147,"[D0, S, S, D1, O, D2, O, S, S, S, D3, S]","[L3, L4, L2, L1, ECU1, ECU3, ECU2, ECU4]"
CHAIRa,142,486,7160,"[D0, S, S, D1, O, O, O, O, D2, D3, O, S]","[L4, L2, L1, L3, ECU2, ECU1, ECU3, ECU4]"
CHAIRa,451,203,45,"[O, S, S, S, D0, O, O, D1, D2, D3, O, S]","[L2, L3, L1, L4, ECU2, ECU4, ECU3, ECU1]"
CHAIRa,543,535,162,"[S, D0, S, S, O, O, D1, D2, S, S, D3, O]","[L4, L3, L1, L2, ECU2, ECU1, ECU4, ECU3]"
CHAIRa,520,17,1682,"[S, D0, D1, S, O, O, O, S, S, D2, O, D3]","[L1, L2, L3, L4, ECU3, ECU4, ECU2, ECU1]"
CHAIRa,683,199,17071,"[S, S, S, S, D0, O, O, O, D1, D2, O, D3]","[L2, L3, L1, L4, ECU2, ECU1, ECU4, ECU3]"
CHAIRa,135,417,473,"[D0, S, S, D1, O, O, O, D2, D3, S, O, S]","[L3, L4, L2, L1, ECU2, ECU3, ECU4, ECU1]"
CHAIRa,297,417,1455,"[O, D0, S, D1, O, O, O, D2, S, D3, O, S]","[L3, L4, L2, L1, ECU2, ECU3, ECU4, ECU1]"
CHAIRa,110,494,160,"[D0, S, D1, S, O, O, O, O, D2, S, O, D3]","[L4, L2, L1, L3, ECU3, ECU2, ECU1, ECU4]"
CHAIRa,244,546,587,"[D0, S, S, S, O, O, D1, O, D2, D3, O, O]","[L4, L3, L1, L2, ECU4, ECU1, ECU2, ECU3]"
CHAIRa,644,356,428,"[S, S, S, S, D0, D1, O, D2, D3, S, O, O]","[L3, L2, L1, L4, ECU4, ECU2, ECU1, ECU3]"
CHAIRa,264,119,1064,"[O, D0, D1, D2, O, O, O, O, D3, S, O, S]","[L1, L4, L2, L3, ECU4, ECU3, ECU2, ECU1]"
CHAIRa,27,143,45,"[D0, D1, S, D2, O, O, O, O, S, S, D3, S]","[L1, L4, L3, L2, ECU4, ECU3, ECU2, ECU1]"
CHAIRa,167,372,3826,"[D0, S, S, S, D1, D2, O, S, S, D3, O, S]","[L3, L2, L4, L1, ECU3, ECU1, ECU2, ECU4]"
CHAIRa,352,254,196,"[O, S, D0, S, D1, O, O, D2, D3, S, O, O]","[L2, L4, L1, L3, ECU3, ECU2, ECU1, ECU4]"
CHAIRa,139,332,87,"[D0, S, S, D1, O, O, O, D2, S, S, D3, S]","[L3, L1, L4, L2, ECU4, ECU2, ECU1, ECU3]"
CHAIRa,279,12,45,"[O, D0, D1, S, O, O, O, D2, S, D3, O, O]","[L1, L2, L3, L4, ECU3, ECU1, ECU2, ECU4]"
CHAIRa,84,560,45,"[D0, S, D1, D2, O, O, O, S, S, S, O, D3]","[L4, L3, L2, L1, ECU2, ECU3, ECU1, ECU4]"
CHAIRa,374,251,147,"[O, S, D0, S, O, O, O, O, D1, D2, O, D3]","[L2, L4, L1, L3, ECU2, ECU4, ECU3, ECU1]"
CHAIRa,589,312,1833,"[S, S, D0, S, D1, O, O, O, D2, S, O, D3]","[L3, L1, L4, L2, ECU1, ECU2, ECU3, ECU4]"
CHAIRa,716,495,147,"[S, S, S, S, O, O, O, D0, D1, D2, O, D3]","[L4, L2, L1, L3, ECU3, ECU2, ECU4, ECU1]"
CHAIRa,529,454,45,"[S, D0, S, D1, O, O, O, O, D2, D3, O, O]","[L4, L1, L2, L3, ECU4, ECU3, ECU1, ECU2]"
CHAIRa,262,471,87,"[O, D0, D1, D2, O, O, O, D3, S, S, O, S]","[L4, L1, L3, L2, ECU3, ECU2, ECU4, ECU1]"
CHAIRa,506,21,4986,"[S, D0, D1, S, O, O, O, D2, D3, S, O, S]","[L1, L2, L3, L4, ECU4, ECU2, ECU3, ECU1]"
CHAIRa,594,282,45,"[S, S, D0, S, D1, O, O, S, D2, S, O, D3]","[L2, L4, L3, L1, ECU4, ECU1, ECU2, ECU3]"
CHAIRa,606,238,741,"[S, S, S, D0, O, D1, O, D2, S, D3, O, O]","[L2, L3, L4, L1, ECU4, ECU3, ECU1, ECU2]"
CHAIRa,156,457,903,"[D0, S, S, S, D1, D2, O, D3, S, S, O, S]","[L4, L1, L3, L2, ECU1, ECU2, ECU4, ECU3]"
CHAIRa,427,178,1854,"[O, S, S, S, D0, D1, O, O, S, S, D2, D3]","[L2, L1, L4, L3, ECU2, ECU4, ECU1, ECU3]"
CHAIRa,511,495,187,"[S, D0, D1, S, O, O, O, D2, S, S, O, D3]","[L4, L2, L1, L3, ECU3, ECU2, ECU4, ECU1]"
CHAIRa,400,505,3749,"[O, S, S, S, D0, D1, D2, D3, S, S, O, O]","[L4, L2, L3, L1, ECU1, ECU2, ECU4, ECU3]"
CHAIRa,411,66,45,"[O, S, S, S, D0, D1, D2, S, S, D3, O, O]","[L1, L3, L2, L4, ECU4, ECU1, ECU2, ECU3]"
CHAIRa,113,77,5322,"[D0, S, D1, S, O, O, O, S, D2, D3, O, O]","[L1, L3, L4, L2, ECU1, ECU4, ECU3, ECU2]"
CHAIRa,180,409,710,"[D0, S, S, S, D1, O, D2, S, D3, S, O, O]","[L3, L4, L2, L1, ECU1, ECU2, ECU4, ECU3]"
CHAIRa,618,16,1299,"[S, S, S, D0, O, D1, O, S, D2, S, O, D3]","[L1, L2, L3, L4, ECU3, ECU4, ECU1, ECU2]"
CHAIRa,308,86,880,"[O, D0, S, D1, O, O, O, S, D2, S, O, D3]","[L1, L3, L4, L2, ECU3, ECU2, ECU1, ECU4]"
CHAIRa,17,452,45,"[D0, D1, D2, S, O, O, O, S, S, S, D3, O]","[L4, L1, L2, L3, ECU4, ECU2, ECU1, ECU3]"
CHAIRa,349,186,754,"[O, S, D0, D1, O, O, O, S, D2, S, O, D3]","[L2, L1, L4, L3, ECU4, ECU1, ECU2, ECU3]"
CHAIRa,240,272,820,"[D0, S, S, S, O, O, D1, D2, S, D3, O, S]","[L2, L4, L3, L1, ECU2, ECU3, ECU1, ECU4]"
CHAIRa,424,2,1359,"[O, S, S, S, D0, D1, O, O, D2, D3, O, S]","[L1, L2, L3, L4, ECU1, ECU3, ECU2, ECU4]"
CHAIRa,228,394,45,"[D0, S, S, S, O, D1, O, O, D2, D3, O, S]","[L3, L4, L1, L2, ECU2, ECU4, ECU1, ECU3]"
CHAIRa,119,324,1013,"[D0, S, S, D1, O, D2, O, D3, S, S, O, S]","[L3, L1, L4, L2, ECU3, ECU1, ECU2, ECU4]"
CHAIRa,300,134,190,"[O, D0, S, D1, O, O, O, D2, S, S, O, D3]","[L1, L4, L3, L2, ECU3, ECU2, ECU1, ECU4]"
CHAIRa,477,453,147,"[O, S, S, S, O, D0, O, D1, S, D2, O, D3]","[L4, L1, L2, L3, ECU4, ECU2, ECU3, ECU1]"
CHAIRa,389,514,45,"[O, S, S, D0, O, D1, O, S, D2, D3, O, S]","[L4, L2, L3, L1, ECU2, ECU4, ECU1, ECU3]"
CHAIRa,676,271,45,"[S, S, S, S, D0, O, D1, S, S, D2, O, D3]","[L2, L4, L3, L1, ECU2, ECU1, ECU4, ECU3]"
CHAIRa,517,493,45,"[S, D0, D1, S, O, O, O, S, D2, D3, O, O]","[L4, L2, L1, L3, ECU3, ECU1, ECU4, ECU2]"
CHAIRa,416,407,5586,"[O, S, S, S, D0, D1, O, D2, D3, S, O, O]","[L3, L4, L1, L2, ECU4, ECU3, ECU2, ECU1]"
CHAIRa,219,230,3428,"[D0, S, S, S, O, D1, D2, S, S, S, O, D3]","[L2, L3, L4, L1, ECU3, ECU2, ECU1, ECU4]"
CHAIRa,390,401,107,"[O, S, S, D0, O, D1, O, S, D2, S, O, D3]","[L3, L4, L1, L2, ECU3, ECU4, ECU2, ECU1]"
CHAIRa,622,506,2707,"[S, S, S, D0, O, O, O, D1, D2, D3, O, S]","[L4, L2, L3, L1, ECU1, ECU3, ECU2, ECU4]"
CHAIRa,81,9,1541,"[D0, S, D1, D2, O, O, O, S, S, D3, O, S]","[L1, L2, L3, L4, ECU2, ECU3, ECU4, ECU1]"
CHAIRa,377,521,700,"[O, S, S, D0, O, D1, O, D2, D3, S, O, S]","[L4, L2, L3, L1, ECU3, ECU4, ECU2, ECU1]"
CHAIRa,412,135,4981,"[O, S, S, S, D0, D1, D2, S, S, D3, O, S]","[L1, L4, L3, L2, ECU3, ECU2, ECU4, ECU1]"
CHAIRa,249,235,734,"[D0, S, S, S, O, O, D1, S, D2, D3, O, O]","[L2, L3, L4, L1, ECU4, ECU1, ECU3, ECU2]"
CHAIRa,297,548,147,"[O, D0, S, D1, O, O, O, D2, S, D3, O, S]","[L4, L3, L1, L2, ECU4, ECU2, ECU1, ECU3]"
CHAIRa,296,338,45,"[O, D0, S, D1, O, O, O, D2, S, D3, O, O]","[L3, L2, L1, L4, ECU1, ECU3, ECU2, ECU4]"
CHAIRa,167,81,2148,"[D0, S, S, S, D1, D2, O, S, S, D3, O, S]","[L1, L3, L4, L2, ECU2, ECU3, ECU4, ECU1]"
CHAIRa,47,351,949,"[D0, D1, S, S, O, O, D2, S, S, D3, O, O]","[L3, L2, L1, L4, ECU3, ECU2, ECU4, ECU1]"
CHAIRa,19,190,45,"[D0, D1, D2, S, O, O, O, S, S, S, O, D3]","[L2, L1, L4, L3, ECU4, ECU3, ECU1, ECU2]"
CHAIRa,415,470,6336,"[O, S, S, S, D0, D1, D2, S, S, S, O, D3]","[L4, L1, L3, L2, ECU3, ECU2, ECU1, ECU4]"
CHAIRa,4,316,147,"[D0, D1, D2, S, O, O, O, D3, S, S, O, O]","[L3, L1, L4, L2, ECU1, ECU4, ECU2, ECU3]"
CHAIRa,82,171,110,"[D0, S, D1, D2, O, O, O, S, S, S, D3, O]","[L2, L1, L4, L3, ECU1, ECU3, ECU4, ECU2]"
CHAIRa,630,197,45,"[S, S, S, S, D0, D1, D2, O, D3, S, O, O]","[L2, L3, L1, L4, ECU1, ECU4, ECU3, ECU2]"
CHAIRa,599,513,523,"[S, S, D0, S, O, O, O, D1, D2, S, O, D3]","[L4, L2, L3, L1, ECU2, ECU3, ECU4, ECU1]"
CHAIRa,512,50,45,"[S, D0, D1, S, O, O, O, O, D2, D3, O, O]","[L1, L3, L2, L4, ECU1, ECU3, ECU2, ECU4]"
CHAIRa,546,234,5440,"[S, D0, S, S, O, O, D1, O, D2, D3, O, O]","[L2, L3, L4, L1, ECU4, ECU1, ECU2, ECU3]"
CHAIRa,515,513,406,"[S, D0, D1, S, O, O, O, O, S, D2, O, D3]","[L4, L2, L3, L1, ECU2, ECU3, ECU4, ECU1]"
CHAIRa,262,339,45,"[O, D0, D1, D2, O, O, O, D3, S, S, O, S]","[L3, L2, L1, L4, ECU1, ECU3, ECU4, ECU2]"
CHAIRa,322,367,381,"[O, D0, S, S, O, O, D1, O, S, S, D2, D3]","[L3, L2, L4, L1, ECU2, ECU1, ECU4, ECU3]"
CHAIRa,633,293,45,"[S, S, S, S, D0, D1, D2, O, S, D3, O, S]","[L3, L1, L2, L4, ECU1, ECU4, ECU3, ECU2]"
CHAIRa,181,316,6856,"[D0, S, S, S, D1, O, D2, S, D3, S, O, S]","[L3, L1, L4, L2, ECU1, ECU4, ECU2, ECU3]"
CHAIRa,145,314,147,"[D0, S, S, D1, O, O, O, O, S, S, D2, D3]","[L3, L1, L4, L2, ECU1, ECU3, ECU2, ECU4]"
CHAIRa,225,89,45,"[D0, S, S, S, O, D1, O, D2, S, S, D3, S]","[L1, L3, L4, L2, ECU3, ECU4, ECU2, ECU1]"
CHAIRa,498,110,45,"[S, D0, D1, D2, O, O, O, S, D3, S, O, O]","[L1, L4, L2, L3, ECU3, ECU2, ECU1, ECU4]"
CHAIRa,615,384,1588,"[S, S, S, D0, O, D1, O, O, S, S, D2, D3]","[L3, L4, L1, L2, ECU1, ECU2, ECU3, ECU4]"
CHAIRa,573,254,165,"[S, S, D0, D1, O, O, O, O, S, D2, O, D3]","[L2, L4, L1, L3, ECU3, ECU2, ECU1, ECU4]"
CHAIRa,691,301,897,"[S, S, S, S, O, D0, D1, D2, S, S, O, D3]","[L3, L1, L2, L4, ECU3, ECU1, ECU4, ECU2]"
CHAIRa,301,160,45,"[O, D0, S, D1, O, O, O, O, D2, D3, O, O]","[L2, L1, L3, L4, ECU3, ECU4, ECU1, ECU2]"
CHAIRa,72,100,87,"[D0, S, D1, D2, O, O, O, O, D3, S, O, S]","[L1, L4, L2, L3, ECU1, ECU4, ECU2, ECU3]"
CHAIRa,159,30,2673,"[D0, S, S, S, D1, D2, O, O, S, D3, O, O]","[L1, L2, L4, L3, ECU2, ECU1, ECU3, ECU4]"
CHAIRa,184,517,7150,"[D0, S, S, S, D1, O, D2, S, S, S, D3, O]","[L4, L2, L3, L1, ECU3, ECU1, ECU4, ECU2]"
CHAIRa,81,471,5029,"[D0, S, D1, D2, O, O, O, S, S, D3, O, S]","[L4, L1, L3, L2, ECU3, ECU2, ECU4, ECU1]"
CHAIRa,288,444,45,"[O, D0, D1, S, O, O, O, O, S, S, D2, D3]","[L4, L1, L2, L3, ECU3, ECU1, ECU2, ECU4]"
CHAIRa,304,99,45,"[O, D0, S, D1, O, O, O, O, S, D2, O, D3]","[L1, L4, L2, L3, ECU1, ECU3, ECU4, ECU2]"
CHAIRa,525,456,45,"[S, D0, S, D1, O, O, O, D2, S, D3, O, S]","[L4, L1, L3, L2, ECU1, ECU2, ECU3, ECU4]"
CHAIRa,566,536,147,"[S, S, D0, D1, O, O, O, D2, S, D3, O, S]","[L4, L3, L1, L2, ECU2, ECU3, ECU1, ECU4]"
CHAIRa,383,84,150,"[O, S, S, D0, O, D1, O, O, D2, D3, O, O]","[L1, L3, L4, L2, ECU3, ECU1, ECU2, ECU4]"
CHAIRa,144,324,1222,"[D0, S, S, D1, O, O, O, O, S, D2, O, D3]","[L3, L1, L4, L2, ECU3, ECU1, ECU2, ECU4]"
CHAIRa,208,253,1000,"[D0, S, S, S, O, D1, D2, O, S, D3, O, O]","[L2, L4, L1, L3, ECU3, ECU1, ECU4, ECU2]"
CHAIRa,498,260,45,"[S, D0, D1, D2, O, O, O, S, D3, S, O, O]","[L2, L4, L1, L3, ECU4, ECU2, ECU1, ECU3]"
CHAIRa,690,413,45,"[S, S, S, S, O, D0, D1, D2, S, S, D3, S]","[L3, L4, L2, L1, ECU1, ECU4, ECU3, ECU2]"
CHAIRa,202,382,713,"[D0, S, S, S, D1, O, O, S, S, D2, O, D3]","[L3, L2, L4, L1, ECU4, ECU3, ECU1, ECU2]"
CHAIRa,458,357,985,"[O, S, S, S, O, D0, D1, D2, D3, S, O, S]","[L3, L2, L1, L4, ECU4, ECU2, ECU3, ECU1]"
CHAIRa,620,537,232,"[S, S, S, D0, O, D1, O, S, S, S, D2, D3]","[L4, L3, L1, L2, ECU2, ECU3, ECU4, ECU1]"
CHAIRa,603,70,45,"[S, S, D0, S, O, O, O, S, D1, D2, O, D3]","[L1, L3, L2, L4, ECU4, ECU3, ECU1, ECU2]"
CHAIRa,628,427,927,"[S, S, S, S, D0, D1, D2, D3, S, S, O, O]","[L3, L4, L2, L1, ECU4, ECU1, ECU3, ECU2]"
CHAIRa,655,25,45,"[S, S, S, S, D0, D1, O, O, S, S, D2, D3]","[L1, L2, L4, L3, ECU1, ECU2, ECU4, ECU3]"
CHAIRa,434,569,926,"[O, S, S, S, D0, O, D1, D2, D3, S, O, S]","[L4, L3, L2, L1, ECU3, ECU4, ECU2, ECU1]"
CHAIRa,12,415,610,"[D0, D1, D2, S, O, O, O, O, S, S, O, D3]","[L3, L4, L2, L1, ECU2, ECU1, ECU4, ECU3]"
CHAIRa,316,222,45,"[O, D0, S, S, O, O, D1, D2, S, S, D3, S]","[L2, L3, L4, L1, ECU2, ECU1, ECU3, ECU4]"
CHAIRa,97,373,5436,"[D0, S, D1, S, D2, O, O, S, S, D3, O, S]","[L3, L2, L4, L1, ECU3, ECU1, ECU4, ECU2]"
CHAIRa,495,94,45,"[S, D0, D1, D2, O, O, O, O, S, S, D3, O]","[L1, L3, L4, L2, ECU4, ECU3, ECU1, ECU2]"
CHAIRa,498,511,45,"[S, D0, D1, D2, O, O, O, S, D3, S, O, O]","[L4, L2, L3, L1, ECU2, ECU1, ECU4, ECU3]"
CHAIRa,703,241,3985,"[S, S, S, S, O, D0, O, D1, D2, D3, O, S]","[L2, L4, L1, L3, ECU1, ECU2, ECU4, ECU3]"
CHAIRa,662,497,4604,"[S, S, S, S, D0, O, D1, D2, D3, S, O, S]","[L4, L2, L1, L3, ECU3, ECU4, ECU2, ECU1]"
CHAIRa,525,281,705,"[S, D0, S, D1, O, O, O, D2, S, D3, O, S]","[L2, L4, L3, L1, ECU3, ECU4, ECU2, ECU1]"
CHAIRa,704,49,1217,"[S, S, S, S, O, D0, O, D1, D2, S, O, D3]","[L1, L3, L2, L4, ECU1, ECU2, ECU4, ECU3]"
CHAIRa,183,474,6325,"[D0, S, S, S, D1, O, D2, S, S, D3, O, S]","[L4, L1, L3, L2, ECU4, ECU1, ECU2, ECU3]"
CHAIRa,588,434,3073,"[S, S, D0, S, D1, O, O, O, D2, D3, O, S]","[L4, L1, L2, L3, ECU1, ECU3, ECU2, ECU4]"
CHAIRa,482,44,45,"[O, S, S, S, O, O, D0, D1, D2, D3, O, S]","[L1, L2, L4, L3, ECU4, ECU2, ECU1, ECU3]"
CHAIRa,715,275,87,"[S, S, S, S, O, O, D0, S, D1, D2, O, D3]","[L2, L4, L3, L1, ECU2, ECU4, ECU3, ECU1]"
CHAIRa,89,404,98,"[D0, S, D1, S, D2, O, O, O, S, D3, O, O]","[L3, L4, L1, L2, ECU4, ECU2, ECU1, ECU3]"
CHAIRa,534,329,45,"[S, D0, S, D1, O, O, O, S, D2, D3, O, O]","[L3, L1, L4, L2, ECU3, ECU4, ECU2, ECU1]"
CHAIRa,504,438,45,"[S, D0, D1, D2, O, O, O, S, S, S, O, D3]","[L4, L1, L2, L3, ECU2, ECU1, ECU3, ECU4]"
CHAIRa,297,45,1127,"[O, D0, S, D1, O, O, O, D2, S, D3, O, S]","[L1, L2, L4, L3, ECU4, ECU2, ECU3, ECU1]"
CHAIRa,372,319,87,"[O, S, D0, S, O, O, O, D1, S, D2, O, D3]","[L3, L1, L4, L2, ECU2, ECU1, ECU4, ECU3]"
CHAIRa,141,150,3255,"[D0, S, S, D1, O, O, O, O, D2, D3, O, O]","[L2, L1, L3, L4, ECU2, ECU1, ECU3, ECU4]"
CHAIRa,341,161,311,"[O, S, D0, D1, O, O, O, D2, S, S, O, D3]","[L2, L1, L3, L4, ECU3, ECU4, ECU2, ECU1]"
CHAIRa,533,29,1650,"[S, D0, S, D1, O, O, O, O, S, S, D2, D3]","[L1, L2, L4, L3, ECU1, ECU4, ECU3, ECU2]"
CHAIRa,196,467,107,"[D0, S, S, S, D1, O, O, O, D2, S, O, D3]","[L4, L1, L3, L2, ECU2, ECU4, ECU3, ECU1]"
CHAIRa,74,119,1075,"[D0, S, D1, D2, O, O, O, O, S, D3, O, S]","[L1, L4, L2, L3, ECU4, ECU3, ECU2, ECU1]"
CHAIRa,51,362,147,"[D0, D1, S, S, O, O, D2, S, S, S, O, D3]","[L3, L2, L4, L1, ECU1, ECU3, ECU2, ECU4]"
CHAIRa,216,161,1588,"[D0, S, S, S, O, D1, D2, S, S, D3, O, S]","[L2, L1, L3, L4, ECU3, ECU4, ECU2, ECU1]"
CHAIRa,685,565,707,"[S, S, S, S, O, D0, D1, D2, D3, S, O, O]","[L4, L3, L2, L1, ECU3, ECU1, ECU4, ECU2]"
CHAIRa,606,373,78,"[S, S, S, D0, O, D1, O, D2, S, D3, O, O]","[L3, L2, L4, L1, ECU3, ECU1, ECU4, ECU2]"
CHAIRa,249,491,45,"[D0, S, S, S, O, O, D1, S, D2, D3, O, O]","[L4, L2, L1, L3, ECU2, ECU4, ECU3, ECU1]"
CHAIRa,618,404,1454,"[S, S, S, D0, O, D1, O, S, D2, S, O, D3]","[L3, L4, L1, L2, ECU4, ECU2, ECU1, ECU3]"
CHAIRa,657,160,45,"[S, S, S, S, D0, D1, O, S, D2, D3, O, S]","[L2, L1, L3, L4, ECU3, ECU4, ECU1, ECU2]"
CHAIRa,252,491,153,"[D0, S, S, S, O, O, D1, S, S, D2, O, D3]","[L4, L2, L1, L3, ECU2, ECU4, ECU3, ECU1]"
CHAIRa,276,236,45,"[O, D0, D1, D2, O, O, O, S, S, S, O, D3]","[L2, L3, L4, L1, ECU4, ECU2, ECU1, ECU3]"
CHAIRa,623,529,7347,"[S, S, S, D0, O, O, O, D1, D2, S, O, D3]","[L4, L3, L1, L2, ECU1, ECU2, ECU4, ECU3]"
CHAIRa,256,440,630,"[D0, S, S, S, O, O, O, D1, D2, S, O, D3]","[L4, L1, L2, L3, ECU2, ECU3, ECU1, ECU4]"
CHAIRa,515,518,363,"[S, D0, D1, S, O, O, O, O, S, D2, O, D3]","[L4, L2, L3, L1, ECU3, ECU2, ECU1, ECU4]"
CHAIRa,689,69,2603,"[S, S, S, S, O, D0, D1, D2, S, S, D3, O]","[L1, L3, L2, L4, ECU4, ECU2, ECU3, ECU1]"
CHAIRa,464,371,45,"[O, S, S, S, O, D0, D1, O, D2, D3, O, O]","[L3, L2, L4, L1, ECU2, ECU4, ECU3, ECU1]"
CHAIRa,260,276,45,"[D0, S, S, S, O, O, O, S, D1, D2, O, D3]","[L2, L4, L3, L1, ECU3, ECU1, ECU2, ECU4]"
CHAIRa,278,444,45,"[O, D0, D1, S, O, O, O, D2, D3, S, O, S]","[L4, L1, L2, L3, ECU3, ECU1, ECU2, ECU4]"
CHAIRa,481,310,45,"[O, S, S, S, O, O, D0, D1, D2, D3, O, O]","[L3, L1, L2, L4, ECU4, ECU3, ECU1, ECU2]"
CHAIRa,82,240,110,"[D0, S, D1, D2, O, O, O, S, S, S, D3, O]","[L2, L4, L1, L3, ECU1, ECU2, ECU3, ECU4]"
CHAIRa,403,257,1033,"[O, S, S, S, D0, D1, D2, O, D3, S, O, S]","[L2, L4, L1, L3, ECU3, ECU4, ECU2, ECU1]"
CHAIRa,59,362,147,"[D0, D1, S, S, O, O, O, O, D2, D3, O, O]","[L3, L2, L4, L1, ECU1, ECU3, ECU2, ECU4]"
CHAIRa,250,112,45,"[D0, S, S, S, O, O, D1, S, D2, D3, O, S]","[L1, L4, L2, L3, ECU3, ECU4, ECU1, ECU2]"
CHAIRa,292,493,45,"[O, D0, D1, S, O, O, O, S, S, D2, O, D3]","[L4, L2, L1, L3, ECU3, ECU1, ECU4, ECU2]"
CHAIRa,262,341,45,"[O, D0, D1, D2, O, O, O, D3, S, S, O, S]","[L3, L2, L1, L4, ECU1, ECU4, ECU3, ECU2]"
CHAIRa,646,203,3223,"[S, S, S, S, D0, D1, O, D2, S, D3, O, O]","[L2, L3, L1, L4, ECU2, ECU4, ECU3, ECU1]"
CHAIRa,171,321,563,"[D0, S, S, S, D1, O, D2, D3, S, S, O, O]","[L3, L1, L4, L2, ECU2, ECU3, ECU4, ECU1]"
CHAIRa,623,374,487,"[S, S, S, D0, O, O, O, D1, D2, S, O, D3]","[L3, L2, L4, L1, ECU3, ECU2, ECU1, ECU4]"
CHAIRa,324,409,2729,"[O, D0, S, S, O, O, D1, S, D2, D3, O, S]","[L3, L4, L2, L1, ECU1, ECU2, ECU4, ECU3]"
CHAIRa,297,452,87,"[O, D0, S, D1, O, O, O, D2, S, D3, O, S]","[L4, L1, L2, L3, ECU4, ECU2, ECU1, ECU3]"
CHAIRa,116,413,1043,"[D0, S, D1, S, O, O, O, S, S, D2, O, D3]","[L3, L4, L2, L1, ECU1, ECU4, ECU3, ECU2]"
CHAIRa,593,271,45,"[S, S, D0, S, D1, O, O, S, D2, D3, O, S]","[L2, L4, L3, L1, ECU2, ECU1, ECU4, ECU3]"
CHAIRa,241,55,622,"[D0, S, S, S, O, O, D1, D2, S, S, D3, O]","[L1, L3, L2, L4, ECU2, ECU1, ECU4, ECU3]"
CHAIRa,381,414,219,"[O, S, S, D0, O, D1, O, D2, S, S, D3, S]","[L3, L4, L2, L1, ECU2, ECU1, ECU3, ECU4]"
CHAIRa,567,106,199,"[S, S, D0, D1, O, O, O, D2, S, S, D3, O]","[L1, L4, L2, L3, ECU2, ECU4, ECU1, ECU3]"
CHAIRa,49,457,195,"[D0, D1, S, S, O, O, D2, S, S, S, D3, O]","[L4, L1, L3, L2, ECU1, ECU2, ECU4, ECU3]"
CHAIRa,706,333,689,"[S, S, S, S, O, D0, O, D1, S, S, D2, D3]","[L3, L1, L4, L2, ECU4, ECU2, ECU3, ECU1]"
CHAIRa,509,470,87,"[S, D0, D1, S, O, O, O, D2, S, S, D3, O]","[L4, L1, L3, L2, ECU3, ECU2, ECU1, ECU4]"
CHAIRa,51,140,207,"[D0, D1, S, S, O, O, D2, S, S, S, O, D3]","[L1, L4, L3, L2, ECU4, ECU2, ECU1, ECU3]"
CHAIRa,258,192,946,"[D0, S, S, S, O, O, O, D1, S, S, D2, D3]","[L2, L3, L1, L4, ECU1, ECU2, ECU3, ECU4]"
CHAIRa,572,402,626,"[S, S, D0, D1, O, O, O, O, D2, S, O, D3]","[L3, L4, L1, L2, ECU4, ECU1, ECU2, ECU3]"
CHAIRa,491,87,4502,"[S, D0, D1, D2, O, O, O, O, D3, S, O, O]","[L1, L3, L4, L2, ECU3, ECU2, ECU4, ECU1]"
CHAIRa,565,556,1146,"[S, S, D0, D1, O, O, O, D2, S, D3, O, O]","[L4, L3, L2, L1, ECU1, ECU4, ECU2, ECU3]"
CHAIRa,305,509,483,"[O, D0, S, D1, O, O, O, O, S, S, D2, D3]","[L4, L2, L3, L1, ECU1, ECU4, ECU3, ECU2]"
CHAIRa,53,452,87,"[D0, D1, S, S, O, O, O, D2, D3, S, O, S]","[L4, L1, L2, L3, ECU4, ECU2, ECU1, ECU3]"
CHAIRa,573,3,45,"[S, S, D0, D1, O, O, O, O, S, D2, O, D3]","[L1, L2, L3, L4, ECU1, ECU3, ECU4, ECU2]"
CHAIRa,598,247,193,"[S, S, D0, S, O, O, O, D1, D2, D3, O, S]","[L2, L4, L1, L3, ECU2, ECU1, ECU4, ECU3]"
CHAIRa,646,182,902,"[S, S, S, S, D0, D1, O, D2, S, D3, O, O]","[L2, L1, L4, L3, ECU3, ECU2, ECU1, ECU4]"
CHAIRa,545,496,107,"[S, D0, S, S, O, O, D1, D2, S, S, O, D3]","[L4, L2, L1, L3, ECU3, ECU4, ECU1, ECU2]"
CHAIRa,3,315,153,"[D0, D1, D2, D3, O, O, O, S, S, S, O, S]","[L3, L1, L4, L2, ECU1, ECU3, ECU4, ECU2]"
CHAIRa,314,119,788,"[O, D0, S, S, O, O, D1, D2, S, D3, O, S]","[L1, L4, L2, L3, ECU4, ECU3, ECU2, ECU1]"
CHAIRa,365,469,226,"[O, S, D0, S, D1, O, O, S, D2, D3, O, S]","[L4, L1, L3, L2, ECU3, ECU1, ECU4, ECU2]"
CHAIRa,14,492,45,"[D0, D1, D2, S, O, O, O, S, D3, S, O, S]","[L4, L2, L1, L3, ECU3, ECU1, ECU2, ECU4]"
CHAIRa,492,127,45,"[S, D0, D1, D2, O, O, O, O, D3, S, O, S]","[L1, L4, L3, L2, ECU2, ECU1, ECU4, ECU3]"
