"K2,2",64,209,4373,"[D0, S, O, S, S, D1, S, D2, O, S, S, D3]","[L2, L3, L1, L4, ECU3, ECU4, ECU2, ECU1]"
"K2,2",27,461,3063,"[D0, D1, O, S, S, O, S, S, D2, S, D3, O]","[L4, L1, L3, L2, ECU1, ECU4, ECU3, ECU2]"
"K2,2",19,570,2927,"[D0, D1, O, S, S, O, D2, D3, O, S, S, O]","[L4, L3, L2, L1, ECU4, ECU1, ECU2, ECU3]"
"K2,2",120,137,4705,"[S, S, D0, D1, D2, O, D3, S, O, S, S, O]","[L1, L4, L3, L2, ECU3, ECU4, ECU2, ECU1]"
"K2,2",143,108,2207,"[S, S, D0, S, D1, O, S, D2, O, S, S, D3]","[L1, L4, L2, L3, ECU3, ECU1, ECU2, ECU4]"
"K2,2",178,93,1293,"[S, S, O, D0, S, O, D1, D2, O, S, S, D3]","[L1, L3, L4, L2, ECU4, ECU2, ECU3, ECU1]"
"K2,2",156,308,1438,"[S, S, D0, S, S, D1, S, S, D2, S, D3, O]","[L3, L1, L2, L4, ECU4, ECU2, ECU1, ECU3]"
"K2,2",141,218,1406,"[S, S, D0, S, D1, O, S, D2, O, D3, S, O]","[L2, L3, L4, L1, ECU1, ECU3, ECU2, ECU4]"
"K2,2",47,165,45,"[D0, S, O, S, D1, O, D2, D3, O, S, S, O]","[L2, L1, L3, L4, ECU4, ECU2, ECU3, ECU1]"
"K2,2",168,250,2797,"[S, S, O, D0, D1, O, D2, S, O, S, S, D3]","[L2, L4, L1, L3, ECU2, ECU4, ECU1, ECU3]"
"K2,2",154,467,1321,"[S, S, D0, S, S, D1, S, D2, O, S, S, D3]","[L4, L1, L3, L2, ECU2, ECU4, ECU3, ECU1]"
"K2,2",6,147,45,"[D0, D1, O, D2, S, O, S, S, O, S, S, D3]","[L2, L1, L3, L4, ECU1, ECU3, ECU4, ECU2]"
"K2,2",17,526,2099,"[D0, D1, O, S, S, D2, S, S, O, S, D3, O]","[L4, L2, L3, L1, ECU4, ECU3, ECU1, ECU2]"
"K2,2",146,390,45,"[S, S, D0, S, D1, O, S, S, D2, S, S, D3]","[L3, L4, L1, L2, ECU2, ECU1, ECU3, ECU4]"
"K2,2",71,392,45,"[D0, S, O, S, S, O, D1, D2, O, S, S, D3]","[L3, L4, L1, L2, ECU2, ECU3, ECU1, ECU4]"
"K2,2",9,570,4688,"[D0, D1, O, S, D2, O, S, S, D3, S, S, O]","[L4, L3, L2, L1, ECU4, ECU1, ECU2, ECU3]"
"K2,2",176,488,45,"[S, S, O, D0, S, O, D1, D2, O, D3, S, O]","[L4, L2, L1, L3, ECU2, ECU3, ECU1, ECU4]"
"K2,2",181,211,1997,"[S, S, O, D0, S, O, S, S, D1, D2, D3, O]","[L2, L3, L1, L4, ECU4, ECU1, ECU3, ECU2]"
"K2,2",31,61,297,"[D0, S, O, D1, D2, O, S, D3, O, S, S, O]","[L1, L3, L2, L4, ECU3, ECU1, ECU4, ECU2]"
"K2,2",191,56,1749,"[S, S, O, S, S, D0, D1, S, O, D2, D3, O]","[L1, L3, L2, L4, ECU2, ECU3, ECU1, ECU4]"
"K2,2",169,339,45,"[S, S, O, D0, D1, O, S, D2, O, D3, S, O]","[L3, L2, L1, L4, ECU1, ECU3, ECU4, ECU2]"
"K2,2",168,187,1297,"[S, S, O, D0, D1, O, D2, S, O, S, S, D3]","[L2, L1, L4, L3, ECU4, ECU1, ECU3, ECU2]"
"K2,2",145,51,4373,"[S, S, D0, S, D1, O, S, S, D2, S, D3, O]","[L1, L3, L2, L4, ECU1, ECU3, ECU4, ECU2]"
"K2,2",190,268,6132,"[S, S, O, S, S, D0, D1, D2, O, S, S, D3]","[L2, L4, L3, L1, ECU1, ECU4, ECU2, ECU3]"
"K2,2",66,368,1942,"[D0, S, O, S, S, D1, S, S, D2, S, D3, O]","[L3, L2, L4, L1, ECU2, ECU3, ECU1, ECU4]"
"K2,2",173,56,2985,"[S, S, O, D0, D1, O, S, S, D2, S, D3, O]","[L1, L3, L2, L4, ECU2, ECU3, ECU1, ECU4]"
"K2,2",145,386,3075,"[S, S, D0, S, D1, O, S, S, D2, S, D3, O]","[L3, L4, L1, L2, ECU1, ECU3, ECU2, ECU4]"
"K2,2",146,501,2004,"[S, S, D0, S, D1, O, S, S, D2, S, S, D3]","[L4, L2, L1, L3, ECU4, ECU2, ECU3, ECU1]"
"K2,2",147,332,45,"[S, S, D0, S, D1, O, S, S, O, D2, D3, O]","[L3, L1, L4, L2, ECU4, ECU2, ECU1, ECU3]"
"K2,2",77,238,45,"[S, D0, O, D1, D2, O, S, S, D3, S, S, O]","[L2, L3, L4, L1, ECU4, ECU3, ECU1, ECU2]"
"K2,2",106,154,3513,"[S, D0, O, S, S, D1, D2, S, O, S, S, D3]","[L2, L1, L3, L4, ECU2, ECU4, ECU1, ECU3]"
"K2,2",50,486,879,"[D0, S, O, S, D1, O, D2, S, O, S, S, D3]","[L4, L2, L1, L3, ECU2, ECU1, ECU3, ECU4]"
"K2,2",168,57,1568,"[S, S, O, D0, D1, O, D2, S, O, S, S, D3]","[L1, L3, L2, L4, ECU2, ECU3, ECU4, ECU1]"
"K2,2",148,261,45,"[S, S, D0, S, S, D1, D2, D3, O, S, S, O]","[L2, L4, L1, L3, ECU4, ECU2, ECU3, ECU1]"
"K2,2",11,482,45,"[D0, D1, O, S, D2, O, S, S, O, S, D3, O]","[L4, L2, L1, L3, ECU1, ECU3, ECU2, ECU4]"
"K2,2",150,20,1861,"[S, S, D0, S, S, D1, D2, S, O, S, D3, O]","[L1, L2, L3, L4, ECU4, ECU2, ECU1, ECU3]"
"K2,2",153,319,2028,"[S, S, D0, S, S, D1, S, D2, O, S, D3, O]","[L3, L1, L4, L2, ECU2, ECU1, ECU4, ECU3]"
"K2,2",152,517,1656,"[S, S, D0, S, S, D1, S, D2, O, D3, S, O]","[L4, L2, L3, L1, ECU3, ECU1, ECU4, ECU2]"
"K2,2",112,53,45,"[S, D0, O, S, S, D1, S, S, D2, S, S, D3]","[L1, L3, L2, L4, ECU1, ECU4, ECU3, ECU2]"
"K2,2",4,395,10014,"[D0, D1, O, D2, S, O, S, S, O, D3, S, O]","[L3, L4, L1, L2, ECU2, ECU4, ECU3, ECU1]"
"K2,2",16,72,45,"[D0, D1, O, S, S, D2, S, S, O, D3, S, O]","[L1, L3, L4, L2, ECU1, ECU2, ECU3, ECU4]"
"K2,2",181,116,45,"[S, S, O, D0, S, O, S, S, D1, D2, D3, O]","[L1, L4, L2, L3, ECU4, ECU2, ECU1, ECU3]"
"K2,2",106,257,2667,"[S, D0, O, S, S, D1, D2, S, O, S, S, D3]","[L2, L4, L1, L3, ECU3, ECU4, ECU2, ECU1]"
"K2,2",172,423,2017,"[S, S, O, D0, D1, O, S, S, D2, D3, S, O]","[L3, L4, L2, L1, ECU3, ECU2, ECU4, ECU1]"
"K2,2",7,123,45,"[D0, D1, O, S, D2, O, D3, S, O, S, S, O]","[L1, L4, L3, L2, ECU1, ECU3, ECU4, ECU2]"
"K2,2",127,404,773,"[S, S, D0, D1, S, O, D2, S, O, D3, S, O]","[L3, L4, L1, L2, ECU4, ECU2, ECU1, ECU3]"
"K2,2",191,257,45,"[S, S, O, S, S, D0, D1, S, O, D2, D3, O]","[L2, L4, L1, L3, ECU3, ECU4, ECU2, ECU1]"
"K2,2",124,44,45,"[S, S, D0, D1, D2, O, S, S, O, S, D3, O]","[L1, L2, L4, L3, ECU4, ECU2, ECU1, ECU3]"
"K2,2",181,100,2835,"[S, S, O, D0, S, O, S, S, D1, D2, D3, O]","[L1, L4, L2, L3, ECU1, ECU4, ECU2, ECU3]"
"K2,2",13,329,3056,"[D0, D1, O, S, S, D2, D3, S, O, S, S, O]","[L3, L1, L4, L2, ECU3, ECU4, ECU2, ECU1]"
"K2,2",17,370,6193,"[D0, D1, O, S, S, D2, S, S, O, S, D3, O]","[L3, L2, L4, L1, ECU2, ECU4, ECU1, ECU3]"
"K2,2",128,430,879,"[S, S, D0, D1, S, O, D2, S, O, S, D3, O]","[L3, L4, L2, L1, ECU4, ECU3, ECU1, ECU2]"
"K2,2",17,439,45,"[D0, D1, O, S, S, D2, S, S, O, S, D3, O]","[L4, L1, L2, L3, ECU2, ECU1, ECU4, ECU3]"
"K2,2",144,374,1263,"[S, S, D0, S, D1, O, S, S, D2, D3, S, O]","[L3, L2, L4, L1, ECU3, ECU2, ECU1, ECU4]"
"K2,2",131,481,4126,"[S, S, D0, D1, S, O, S, D2, O, S, D3, O]","[L4, L2, L1, L3, ECU1, ECU2, ECU4, ECU3]"
"K2,2",35,29,5159,"[D0, S, O, D1, D2, O, S, S, O, S, S, D3]","[L1, L2, L4, L3, ECU1, ECU4, ECU3, ECU2]"
"K2,2",111,536,1453,"[S, D0, O, S, S, D1, S, S, D2, S, D3, O]","[L4, L3, L1, L2, ECU2, ECU3, ECU1, ECU4]"
"K2,2",43,152,2150,"[D0, S, O, D1, S, O, S, S, D2, D3, S, O]","[L2, L1, L3, L4, ECU2, ECU3, ECU1, ECU4]"
"K2,2",57,521,45,"[D0, S, O, S, D1, O, S, S, O, D2, D3, O]","[L4, L2, L3, L1, ECU3, ECU4, ECU2, ECU1]"
"K2,2",175,73,45,"[S, S, O, D0, D1, O, S, S, O, D2, D3, O]","[L1, L3, L4, L2, ECU1, ECU2, ECU4, ECU3]"
"K2,2",40,486,797,"[D0, S, O, D1, S, O, S, D2, O, D3, S, O]","[L4, L2, L1, L3, ECU2, ECU1, ECU3, ECU4]"
"K2,2",134,344,2065,"[S, S, D0, D1, S, O, S, S, D2, S, D3, O]","[L3, L2, L1, L4, ECU2, ECU3, ECU1, ECU4]"
"K2,2",36,49,1378,"[D0, S, O, D1, S, O, D2, D3, O, S, S, O]","[L1, L3, L2, L4, ECU1, ECU2, ECU4, ECU3]"
"K2,2",74,571,1088,"[D0, S, O, S, S, O, S, S, D1, D2, D3, O]","[L4, L3, L2, L1, ECU4, ECU1, ECU3, ECU2]"
"K2,2",64,525,1939,"[D0, S, O, S, S, D1, S, D2, O, S, S, D3]","[L4, L2, L3, L1, ECU4, ECU2, ECU3, ECU1]"
"K2,2",145,563,16839,"[S, S, D0, S, D1, O, S, S, D2, S, D3, O]","[L4, L3, L2, L1, ECU2, ECU4, ECU3, ECU1]"
"K2,2",117,438,8838,"[S, D0, O, S, S, O, D1, S, O, D2, D3, O]","[L4, L1, L2, L3, ECU2, ECU1, ECU3, ECU4]"
"K2,2",67,242,45,"[D0, S, O, S, S, D1, S, S, D2, S, S, D3]","[L2, L4, L1, L3, ECU1, ECU3, ECU2, ECU4]"
"K2,2",75,436,3700,"[S, D0, O, D1, D2, O, D3, S, O, S, S, O]","[L4, L1, L2, L3, ECU1, ECU4, ECU2, ECU3]"
"K2,2",138,383,1205,"[S, S, D0, S, D1, O, D2, S, O, D3, S, O]","[L3, L2, L4, L1, ECU4, ECU3, ECU2, ECU1]"
"K2,2",134,561,2548,"[S, S, D0, D1, S, O, S, S, D2, S, D3, O]","[L4, L3, L2, L1, ECU2, ECU3, ECU4, ECU1]"
"K2,2",139,77,2447,"[S, S, D0, S, D1, O, D2, S, O, S, D3, O]","[L1, L3, L4, L2, ECU1, ECU4, ECU3, ECU2]"
"K2,2",32,571,45,"[D0, S, O, D1, D2, O, S, S, D3, S, S, O]","[L4, L3, L2, L1, ECU4, ECU1, ECU3, ECU2]"
"K2,2",81,154,45,"[S, D0, O, D1, S, O, D2, D3, O, S, S, O]","[L2, L1, L3, L4, ECU2, ECU4, ECU1, ECU3]"
"K2,2",112,136,1587,"[S, D0, O, S, S, D1, S, S, D2, S, S, D3]","[L1, L4, L3, L2, ECU3, ECU4, ECU1, ECU2]"
"K2,2",145,447,2350,"[S, S, D0, S, D1, O, S, S, D2, S, D3, O]","[L4, L1, L2, L3, ECU3, ECU2, ECU4, ECU1]"
"K2,2",150,251,2489,"[S, S, D0, S, S, D1, D2, S, O, S, D3, O]","[L2, L4, L1, L3, ECU2, ECU4, ECU3, ECU1]"
"K2,2",51,468,720,"[D0, S, O, S, D1, O, S, D2, O, D3, S, O]","[L4, L1, L3, L2, ECU3, ECU1, ECU2, ECU4]"
"K2,2",148,42,2302,"[S, S, D0, S, S, D1, D2, D3, O, S, S, O]","[L1, L2, L4, L3, ECU4, ECU1, ECU2, ECU3]"
"K2,2",45,490,2085,"[D0, S, O, D1, S, O, S, S, D2, S, S, D3]","[L4, L2, L1, L3, ECU2, ECU4, ECU1, ECU3]"
"K2,2",45,443,1749,"[D0, S, O, D1, S, O, S, S, D2, S, S, D3]","[L4, L1, L2, L3, ECU2, ECU4, ECU3, ECU1]"
"K2,2",1,372,45,"[D0, D1, O, D2, S, O, D3, S, O, S, S, O]","[L3, L2, L4, L1, ECU3, ECU1, ECU2, ECU4]"
"K2,2",68,311,45,"[D0, S, O, S, S, D1, S, S, O, D2, D3, O]","[L3, L1, L2, L4, ECU4, ECU3, ECU2, ECU1]"
"K2,2",74,149,4360,"[D0, S, O, S, S, O, S, S, D1, D2, D3, O]","[L2, L1, L3, L4, ECU1, ECU4, ECU3, ECU2]"
"K2,2",162,433,4075,"[S, S, D0, S, S, O, D1, S, O, D2, D3, O]","[L4, L1, L2, L3, ECU1, ECU2, ECU4, ECU3]"
"K2,2",151,254,45,"[S, S, D0, S, S, D1, D2, S, O, S, S, D3]","[L2, L4, L1, L3, ECU3, ECU2, ECU1, ECU4]"
"K2,2",6,458,45,"[D0, D1, O, D2, S, O, S, S, O, S, S, D3]","[L4, L1, L3, L2, ECU1, ECU3, ECU2, ECU4]"
"K2,2",56,217,2821,"[D0, S, O, S, D1, O, S, S, D2, S, S, D3]","[L2, L3, L4, L1, ECU1, ECU2, ECU4, ECU3]"
"K2,2",30,46,45,"[D0, S, O, D1, D2, O, D3, S, O, S, S, O]","[L1, L2, L4, L3, ECU4, ECU3, ECU1, ECU2]"
"K2,2",102,183,747,"[S, D0, O, S, D1, O, S, S, O, D2, D3, O]","[L2, L1, L4, L3, ECU3, ECU2, ECU4, ECU1]"
"K2,2",106,397,1158,"[S, D0, O, S, S, D1, D2, S, O, S, S, D3]","[L3, L4, L1, L2, ECU3, ECU1, ECU4, ECU2]"
"K2,2",58,411,4704,"[D0, S, O, S, S, D1, D2, D3, O, S, S, O]","[L3, L4, L2, L1, ECU1, ECU3, ECU4, ECU2]"
"K2,2",2,109,45,"[D0, D1, O, D2, S, O, S, D3, O, S, S, O]","[L1, L4, L2, L3, ECU3, ECU1, ECU4, ECU2]"
"K2,2",89,500,2569,"[S, D0, O, D1, S, O, S, S, D2, S, D3, O]","[L4, L2, L1, L3, ECU4, ECU2, ECU1, ECU3]"
"K2,2",67,131,2303,"[D0, S, O, S, S, D1, S, S, D2, S, S, D3]","[L1, L4, L3, L2, ECU2, ECU4, ECU3, ECU1]"
"K2,2",157,512,2921,"[S, S, D0, S, S, D1, S, S, D2, S, S, D3]","[L4, L2, L3, L1, ECU2, ECU3, ECU1, ECU4]"
"K2,2",44,175,987,"[D0, S, O, D1, S, O, S, S, D2, S, D3, O]","[L2, L1, L4, L3, ECU2, ECU1, ECU4, ECU3]"
"K2,2",93,94,1307,"[S, D0, O, S, D1, O, D2, S, O, D3, S, O]","[L1, L3, L4, L2, ECU4, ECU3, ECU1, ECU2]"
"K2,2",155,305,45,"[S, S, D0, S, S, D1, S, S, D2, D3, S, O]","[L3, L1, L2, L4, ECU3, ECU4, ECU2, ECU1]"
"K2,2",87,194,695,"[S, D0, O, D1, S, O, S, D2, O, S, S, D3]","[L2, L3, L1, L4, ECU1, ECU3, ECU2, ECU4]"
"K2,2",126,558,2043,"[S, S, D0, D1, S, O, D2, D3, O, S, S, O]","[L4, L3, L2, L1, ECU2, ECU1, ECU3, ECU4]"
"K2,2",168,196,2087,"[S, S, O, D0, D1, O, D2, S, O, S, S, D3]","[L2, L3, L1, L4, ECU1, ECU4, ECU2, ECU3]"
"K2,2",151,463,2149,"[S, S, D0, S, S, D1, D2, S, O, S, S, D3]","[L4, L1, L3, L2, ECU2, ECU1, ECU4, ECU3]"
"K2,2",120,422,45,"[S, S, D0, D1, D2, O, D3, S, O, S, S, O]","[L3, L4, L2, L1, ECU3, ECU2, ECU1, ECU4]"
"K2,2",168,568,2010,"[S, S, O, D0, D1, O, D2, S, O, S, S, D3]","[L4, L3, L2, L1, ECU3, ECU4, ECU1, ECU2]"
"K2,2",147,392,2175,"[S, S, D0, S, D1, O, S, S, O, D2, D3, O]","[L3, L4, L1, L2, ECU2, ECU3, ECU1, ECU4]"
"K2,2",163,248,3211,"[S, S, D0, S, S, O, S, D1, O, D2, D3, O]","[L2, L4, L1, L3, ECU2, ECU3, ECU1, ECU4]"
"K2,2",5,288,45,"[D0, D1, O, D2, S, O, S, S, O, S, D3, O]","[L3, L1, L2, L4, ECU1, ECU2, ECU3, ECU4]"
"K2,2",60,182,645,"[D0, S, O, S, S, D1, D2, S, O, S, D3, O]","[L2, L1, L4, L3, ECU3, ECU2, ECU1, ECU4]"
"K2,2",149,35,1677,"[S, S, D0, S, S, D1, D2, S, O, D3, S, O]","[L1, L2, L4, L3, ECU2, ECU4, ECU3, ECU1]"
"K2,2",185,121,1149,"[S, S, O, S, D0, O, D1, S, O, D2, D3, O]","[L1, L4, L3, L2, ECU1, ECU2, ECU4, ECU3]"
"K2,2",101,146,3513,"[S, D0, O, S, D1, O, S, S, D2, S, S, D3]","[L2, L1, L3, L4, ECU1, ECU3, ECU2, ECU4]"
"K2,2",131,362,1941,"[S, S, D0, D1, S, O, S, D2, O, S, D3, O]","[L3, L2, L4, L1, ECU1, ECU3, ECU2, ECU4]"
"K2,2",125,217,6011,"[S, S, D0, D1, D2, O, S, S, O, S, S, D3]","[L2, L3, L4, L1, ECU1, ECU2, ECU4, ECU3]"
"K2,2",16,45,4857,"[D0, D1, O, S, S, D2, S, S, O, D3, S, O]","[L1, L2, L4, L3, ECU4, ECU2, ECU3, ECU1]"
"K2,2",178,390,45,"[S, S, O, D0, S, O, D1, D2, O, S, S, D3]","[L3, L4, L1, L2, ECU2, ECU1, ECU3, ECU4]"
"K2,2",69,1,1149,"[D0, S, O, S, S, O, D1, D2, O, D3, S, O]","[L1, L2, L3, L4, ECU1, ECU2, ECU4, ECU3]"
"K2,2",188,91,45,"[S, S, O, S, S, D0, D1, D2, O, D3, S, O]","[L1, L3, L4, L2, ECU4, ECU1, ECU3, ECU2]"
"K2,2",64,298,2269,"[D0, S, O, S, S, D1, S, D2, O, S, S, D3]","[L3, L1, L2, L4, ECU2, ECU4, ECU1, ECU3]"
"K2,2",8,145,45,"[D0, D1, O, S, D2, O, S, D3, O, S, S, O]","[L2, L1, L3, L4, ECU1, ECU2, ECU4, ECU3]"
"K2,2",171,100,4046,"[S, S, O, D0, D1, O, S, D2, O, S, S, D3]","[L1, L4, L2, L3, ECU1, ECU4, ECU2, ECU3]"
"K2,2",169,431,705,"[S, S, O, D0, D1, O, S, D2, O, D3, S, O]","[L3, L4, L2, L1, ECU4, ECU3, ECU2, ECU1]"
"K2,2",182,51,1927,"[S, S, O, S, D0, O, D1, D2, O, D3, S, O]","[L1, L3, L2, L4, ECU1, ECU3, ECU4, ECU2]"
"K2,2",164,286,45,"[S, S, D0, S, S, O, S, S, D1, D2, D3, O]","[L2, L4, L3, L1, ECU4, ECU3, ECU1, ECU2]"
"K2,2",82,430,797,"[S, D0, O, D1, S, O, D2, S, O, D3, S, O]","[L3, L4, L2, L1, ECU4, ECU3, ECU1, ECU2]"
"K2,2",139,370,2487,"[S, S, D0, S, D1, O, D2, S, O, S, D3, O]","[L3, L2, L4, L1, ECU2, ECU4, ECU1, ECU3]"
"K2,2",23,33,2154,"[D0, D1, O, S, S, O, S, D2, O, D3, S, O]","[L1, L2, L4, L3, ECU2, ECU3, ECU4, ECU1]"
"K2,2",148,262,45,"[S, S, D0, S, S, D1, D2, D3, O, S, S, O]","[L2, L4, L1, L3, ECU4, ECU3, ECU1, ECU2]"
"K2,2",190,179,8279,"[S, S, O, S, S, D0, D1, D2, O, S, S, D3]","[L2, L1, L4, L3, ECU2, ECU4, ECU3, ECU1]"
"K2,2",173,463,45,"[S, S, O, D0, D1, O, S, S, D2, S, D3, O]","[L4, L1, L3, L2, ECU2, ECU1, ECU4, ECU3]"
"K2,2",96,252,783,"[S, D0, O, S, D1, O, S, D2, O, D3, S, O]","[L2, L4, L1, L3, ECU3, ECU1, ECU2, ECU4]"
"K2,2",129,163,1471,"[S, S, D0, D1, S, O, D2, S, O, S, S, D3]","[L2, L1, L3, L4, ECU4, ECU1, ECU3, ECU2]"
"K2,2",194,387,45,"[S, S, O, S, S, O, D0, D1, O, D2, D3, O]","[L3, L4, L1, L2, ECU1, ECU3, ECU4, ECU2]"
"K2,2",143,100,2028,"[S, S, D0, S, D1, O, S, D2, O, S, S, D3]","[L1, L4, L2, L3, ECU1, ECU4, ECU2, ECU3]"
"K2,2",66,508,4944,"[D0, S, O, S, S, D1, S, S, D2, S, D3, O]","[L4, L2, L3, L1, ECU1, ECU4, ECU2, ECU3]"
"K2,2",150,135,1376,"[S, S, D0, S, S, D1, D2, S, O, S, D3, O]","[L1, L4, L3, L2, ECU3, ECU2, ECU4, ECU1]"
"K2,2",25,519,1997,"[D0, D1, O, S, S, O, S, D2, O, S, S, D3]","[L4, L2, L3, L1, ECU3, ECU2, ECU4, ECU1]"
"K2,2",190,505,6077,"[S, S, O, S, S, D0, D1, D2, O, S, S, D3]","[L4, L2, L3, L1, ECU1, ECU2, ECU4, ECU3]"
"K2,2",184,101,4975,"[S, S, O, S, D0, O, D1, D2, O, S, S, D3]","[L1, L4, L2, L3, ECU1, ECU4, ECU3, ECU2]"
"K2,2",89,87,806,"[S, D0, O, D1, S, O, S, S, D2, S, D3, O]","[L1, L3, L4, L2, ECU3, ECU2, ECU4, ECU1]"
"K2,2",129,84,1866,"[S, S, D0, D1, S, O, D2, S, O, S, S, D3]","[L1, L3, L4, L2, ECU3, ECU1, ECU2, ECU4]"
"K2,2",74,479,45,"[D0, S, O, S, S, O, S, S, D1, D2, D3, O]","[L4, L1, L3, L2, ECU4, ECU3, ECU2, ECU1]"
"K2,2",175,384,45,"[S, S, O, D0, D1, O, S, S, O, D2, D3, O]","[L3, L4, L1, L2, ECU1, ECU2, ECU3, ECU4]"
"K2,2",14,368,2985,"[D0, D1, O, S, S, D2, S, D3, O, S, S, O]","[L3, L2, L4, L1, ECU2, ECU3, ECU1, ECU4]"
"K2,2",24,108,45,"[D0, D1, O, S, S, O, S, D2, O, S, D3, O]","[L1, L4, L2, L3, ECU3, ECU1, ECU2, ECU4]"
"K2,2",14,151,45,"[D0, D1, O, S, S, D2, S, D3, O, S, S, O]","[L2, L1, L3, L4, ECU2, ECU1, ECU4, ECU3]"
"K2,2",58,465,903,"[D0, S, O, S, S, D1, D2, D3, O, S, S, O]","[L4, L1, L3, L2, ECU2, ECU3, ECU4, ECU1]"
"K2,2",91,287,45,"[S, D0, O, D1, S, O, S, S, O, D2, D3, O]","[L2, L4, L3, L1, ECU4, ECU3, ECU2, ECU1]"
"K2,2",112,128,2804,"[S, D0, O, S, S, D1, S, S, D2, S, S, D3]","[L1, L4, L3, L2, ECU2, ECU3, ECU1, ECU4]"
"K2,2",56,119,2171,"[D0, S, O, S, D1, O, S, S, D2, S, S, D3]","[L1, L4, L2, L3, ECU4, ECU3, ECU2, ECU1]"
"K2,2",72,65,45,"[D0, S, O, S, S, O, D1, S, O, D2, D3, O]","[L1, L3, L2, L4, ECU3, ECU4, ECU2, ECU1]"
"K2,2",164,176,220,"[S, S, D0, S, S, O, S, S, D1, D2, D3, O]","[L2, L1, L4, L3, ECU2, ECU3, ECU1, ECU4]"
"K2,2",16,155,3148,"[D0, D1, O, S, S, D2, S, S, O, D3, S, O]","[L2, L1, L3, L4, ECU2, ECU4, ECU3, ECU1]"
"K2,2",29,334,45,"[D0, D1, O, S, S, O, S, S, O, D2, D3, O]","[L3, L1, L4, L2, ECU4, ECU3, ECU1, ECU2]"
"K2,2",121,494,45,"[S, S, D0, D1, D2, O, S, D3, O, S, S, O]","[L4, L2, L1, L3, ECU3, ECU2, ECU1, ECU4]"
"K2,2",47,26,2035,"[D0, S, O, S, D1, O, D2, D3, O, S, S, O]","[L1, L2, L4, L3, ECU1, ECU3, ECU2, ECU4]"
"K2,2",122,11,3817,"[S, S, D0, D1, D2, O, S, S, D3, S, S, O]","[L1, L2, L3, L4, ECU2, ECU4, ECU3, ECU1]"
"K2,2",132,333,1760,"[S, S, D0, D1, S, O, S, D2, O, S, S, D3]","[L3, L1, L4, L2, ECU4, ECU2, ECU3, ECU1]"
"K2,2",163,210,3432,"[S, S, D0, S, S, O, S, D1, O, D2, D3, O]","[L2, L3, L1, L4, ECU4, ECU1, ECU2, ECU3]"
"K2,2",113,537,3455,"[S, D0, O, S, S, D1, S, S, O, D2, D3, O]","[L4, L3, L1, L2, ECU2, ECU3, ECU4, ECU1]"
"K2,2",162,56,2181,"[S, S, D0, S, S, O, D1, S, O, D2, D3, O]","[L1, L3, L2, L4, ECU2, ECU3, ECU1, ECU4]"
"K2,2",105,486,2000,"[S, D0, O, S, S, D1, D2, S, O, S, D3, O]","[L4, L2, L1, L3, ECU2, ECU1, ECU3, ECU4]"
"K2,2",123,419,5322,"[S, S, D0, D1, D2, O, S, S, O, D3, S, O]","[L3, L4, L2, L1, ECU2, ECU4, ECU3, ECU1]"
"K2,2",47,244,2643,"[D0, S, O, S, D1, O, D2, D3, O, S, S, O]","[L2, L4, L1, L3, ECU1, ECU4, ECU2, ECU3]"
"K2,2",150,216,2019,"[S, S, D0, S, S, D1, D2, S, O, S, D3, O]","[L2, L3, L4, L1, ECU1, ECU2, ECU3, ECU4]"
"K2,2",68,568,45,"[D0, S, O, S, S, D1, S, S, O, D2, D3, O]","[L4, L3, L2, L1, ECU3, ECU4, ECU1, ECU2]"
"K2,2",109,324,2667,"[S, D0, O, S, S, D1, S, D2, O, S, S, D3]","[L3, L1, L4, L2, ECU3, ECU1, ECU2, ECU4]"
"K2,2",14,467,2403,"[D0, D1, O, S, S, D2, S, D3, O, S, S, O]","[L4, L1, L3, L2, ECU2, ECU4, ECU3, ECU1]"
"K2,2",181,184,45,"[S, S, O, D0, S, O, S, S, D1, D2, D3, O]","[L2, L1, L4, L3, ECU3, ECU4, ECU1, ECU2]"
"K2,2",53,399,1257,"[D0, S, O, S, D1, O, S, D2, O, S, S, D3]","[L3, L4, L1, L2, ECU3, ECU2, ECU4, ECU1]"
"K2,2",153,40,2549,"[S, S, D0, S, S, D1, S, D2, O, S, D3, O]","[L1, L2, L4, L3, ECU3, ECU4, ECU1, ECU2]"
"K2,2",148,307,2013,"[S, S, D0, S, S, D1, D2, D3, O, S, S, O]","[L3, L1, L2, L4, ECU4, ECU1, ECU3, ECU2]"
"K2,2",161,477,2318,"[S, S, D0, S, S, O, D1, D2, O, S, S, D3]","[L4, L1, L3, L2, ECU4, ECU2, ECU3, ECU1]"
"K2,2",161,176,45,"[S, S, D0, S, S, O, D1, D2, O, S, S, D3]","[L2, L1, L4, L3, ECU2, ECU3, ECU1, ECU4]"
"K2,2",5,6,45,"[D0, D1, O, D2, S, O, S, S, O, S, D3, O]","[L1, L2, L3, L4, ECU2, ECU1, ECU3, ECU4]"
"K2,2",111,549,2844,"[S, D0, O, S, S, D1, S, S, D2, S, D3, O]","[L4, L3, L1, L2, ECU4, ECU2, ECU3, ECU1]"
"K2,2",167,241,45,"[S, S, O, D0, D1, O, D2, S, O, S, D3, O]","[L2, L4, L1, L3, ECU1, ECU2, ECU4, ECU3]"
"K2,2",137,119,45,"[S, S, D0, S, D1, O, D2, D3, O, S, S, O]","[L1, L4, L2, L3, ECU4, ECU3, ECU2, ECU1]"
"K2,2",169,237,1149,"[S, S, O, D0, D1, O, S, D2, O, D3, S, O]","[L2, L3, L4, L1, ECU4, ECU2, ECU3, ECU1]"
"K2,2",65,91,1753,"[D0, S, O, S, S, D1, S, S, D2, D3, S, O]","[L1, L3, L4, L2, ECU4, ECU1, ECU3, ECU2]"
"K2,2",163,212,45,"[S, S, D0, S, S, O, S, D1, O, D2, D3, O]","[L2, L3, L1, L4, ECU4, ECU2, ECU1, ECU3]"
"K2,2",194,462,45,"[S, S, O, S, S, O, D0, D1, O, D2, D3, O]","[L4, L1, L3, L2, ECU2, ECU1, ECU3, ECU4]"
"K2,2",26,538,4984,"[D0, D1, O, S, S, O, S, S, D2, D3, S, O]","[L4, L3, L1, L2, ECU2, ECU4, ECU1, ECU3]"
"K2,2",182,303,5958,"[S, S, O, S, D0, O, D1, D2, O, D3, S, O]","[L3, L1, L2, L4, ECU3, ECU2, ECU4, ECU1]"
"K2,2",187,313,3089,"[S, S, O, S, D0, O, S, S, D1, D2, D3, O]","[L3, L1, L4, L2, ECU1, ECU2, ECU4, ECU3]"
"K2,2",126,296,1289,"[S, S, D0, D1, S, O, D2, D3, O, S, S, O]","[L3, L1, L2, L4, ECU2, ECU3, ECU1, ECU4]"
"K2,2",82,102,720,"[S, D0, O, D1, S, O, D2, S, O, D3, S, O]","[L1, L4, L2, L3, ECU2, ECU1, ECU3, ECU4]"
"K2,2",75,44,45,"[S, D0, O, D1, D2, O, D3, S, O, S, S, O]","[L1, L2, L4, L3, ECU4, ECU2, ECU1, ECU3]"
"K2,2",157,206,2110,"[S, S, D0, S, S, D1, S, S, D2, S, S, D3]","[L2, L3, L1, L4, ECU3, ECU2, ECU1, ECU4]"
"K2,2",133,210,1942,"[S, S, D0, D1, S, O, S, S, D2, D3, S, O]","[L2, L3, L1, L4, ECU4, ECU1, ECU2, ECU3]"
"K2,2",135,66,45,"[S, S, D0, D1, S, O, S, S, D2, S, S, D3]","[L1, L3, L2, L4, ECU4, ECU1, ECU2, ECU3]"
"K2,2",179,238,45,"[S, S, O, D0, S, O, D1, S, O, D2, D3, O]","[L2, L3, L4, L1, ECU4, ECU3, ECU1, ECU2]"
"K2,2",34,396,45,"[D0, S, O, D1, D2, O, S, S, O, S, D3, O]","[L3, L4, L1, L2, ECU3, ECU1, ECU2, ECU4]"
"K2,2",150,568,2639,"[S, S, D0, S, S, D1, D2, S, O, S, D3, O]","[L4, L3, L2, L1, ECU3, ECU4, ECU1, ECU2]"
"K2,2",74,415,18419,"[D0, S, O, S, S, O, S, S, D1, D2, D3, O]","[L3, L4, L2, L1, ECU2, ECU1, ECU4, ECU3]"
"K2,2",10,301,45,"[D0, D1, O, S, D2, O, S, S, O, D3, S, O]","[L3, L1, L2, L4, ECU3, ECU1, ECU4, ECU2]"
"K2,2",136,535,5063,"[S, S, D0, D1, S, O, S, S, O, D2, D3, O]","[L4, L3, L1, L2, ECU2, ECU1, ECU4, ECU3]"
"K2,2",12,518,2090,"[D0, D1, O, S, D2, O, S, S, O, S, S, D3]","[L4, L2, L3, L1, ECU3, ECU2, ECU1, ECU4]"
"K2,2",56,181,1764,"[D0, S, O, S, D1, O, S, S, D2, S, S, D3]","[L2, L1, L4, L3, ECU3, ECU1, ECU4, ECU2]"
"K2,2",120,291,6604,"[S, S, D0, D1, D2, O, D3, S, O, S, S, O]","[L3, L1, L2, L4, ECU1, ECU3, ECU4, ECU2]"
"K2,2",178,465,6805,"[S, S, O, D0, S, O, D1, D2, O, S, S, D3]","[L4, L1, L3, L2, ECU2, ECU3, ECU4, ECU1]"
"K2,2",152,198,1257,"[S, S, D0, S, S, D1, S, D2, O, D3, S, O]","[L2, L3, L1, L4, ECU2, ECU1, ECU3, ECU4]"
"K2,2",137,296,3202,"[S, S, D0, S, D1, O, D2, D3, O, S, S, O]","[L3, L1, L2, L4, ECU2, ECU3, ECU1, ECU4]"
"K2,2",142,101,1941,"[S, S, D0, S, D1, O, S, D2, O, S, D3, O]","[L1, L4, L2, L3, ECU1, ECU4, ECU3, ECU2]"
"K2,2",175,516,45,"[S, S, O, D0, D1, O, S, S, O, D2, D3, O]","[L4, L2, L3, L1, ECU3, ECU1, ECU2, ECU4]"
"K2,2",56,236,1225,"[D0, S, O, S, D1, O, S, S, D2, S, S, D3]","[L2, L3, L4, L1, ECU4, ECU2, ECU1, ECU3]"
"K2,2",6,183,1117,"[D0, D1, O, D2, S, O, S, S, O, S, S, D3]","[L2, L1, L4, L3, ECU3, ECU2, ECU4, ECU1]"
"K2,2",105,442,3082,"[S, D0, O, S, S, D1, D2, S, O, S, D3, O]","[L4, L1, L2, L3, ECU2, ECU4, ECU1, ECU3]"
"K2,2",114,522,45,"[S, D0, O, S, S, O, D1, D2, O, D3, S, O]","[L4, L2, L3, L1, ECU4, ECU1, ECU2, ECU3]"
"K2,2",171,212,6277,"[S, S, O, D0, D1, O, S, D2, O, S, S, D3]","[L2, L3, L1, L4, ECU4, ECU2, ECU1, ECU3]"
"K2,2",16,207,2572,"[D0, D1, O, S, S, D2, S, S, O, D3, S, O]","[L2, L3, L1, L4, ECU3, ECU2, ECU4, ECU1]"
"K2,2",69,74,2520,"[D0, S, O, S, S, O, D1, D2, O, D3, S, O]","[L1, L3, L4, L2, ECU1, ECU3, ECU2, ECU4]"
"K2,2",190,381,1481,"[S, S, O, S, S, D0, D1, D2, O, S, S, D3]","[L3, L2, L4, L1, ECU4, ECU2, ECU3, ECU1]"
"K2,2",150,424,3513,"[S, S, D0, S, S, D1, D2, S, O, S, D3, O]","[L3, L4, L2, L1, ECU3, ECU4, ECU1, ECU2]"
"K2,2",68,397,4000,"[D0, S, O, S, S, D1, S, S, O, D2, D3, O]","[L3, L4, L1, L2, ECU3, ECU1, ECU4, ECU2]"
"K2,2",182,251,1199,"[S, S, O, S, D0, O, D1, D2, O, D3, S, O]","[L2, L4, L1, L3, ECU2, ECU4, ECU3, ECU1]"
"K2,2",28,425,4206,"[D0, D1, O, S, S, O, S, S, D2, S, S, D3]","[L3, L4, L2, L1, ECU3, ECU4, ECU2, ECU1]"
"K2,2",162,502,45,"[S, S, D0, S, S, O, D1, S, O, D2, D3, O]","[L4, L2, L1, L3, ECU4, ECU3, ECU1, ECU2]"
"K2,2",179,64,45,"[S, S, O, D0, S, O, D1, S, O, D2, D3, O]","[L1, L3, L2, L4, ECU3, ECU4, ECU1, ECU2]"
"K2,2",171,238,4675,"[S, S, O, D0, D1, O, S, D2, O, S, S, D3]","[L2, L3, L4, L1, ECU4, ECU3, ECU1, ECU2]"
"K2,2",158,508,2089,"[S, S, D0, S, S, D1, S, S, O, D2, D3, O]","[L4, L2, L3, L1, ECU1, ECU4, ECU2, ECU3]"
"K2,2",13,435,45,"[D0, D1, O, S, S, D2, D3, S, O, S, S, O]","[L4, L1, L2, L3, ECU1, ECU3, ECU4, ECU2]"
"K2,2",90,477,2450,"[S, D0, O, D1, S, O, S, S, D2, S, S, D3]","[L4, L1, L3, L2, ECU4, ECU2, ECU3, ECU1]"
"K2,2",144,26,1953,"[S, S, D0, S, D1, O, S, S, D2, D3, S, O]","[L1, L2, L4, L3, ECU1, ECU3, ECU2, ECU4]"
"K2,2",194,524,45,"[S, S, O, S, S, O, D0, D1, O, D2, D3, O]","[L4, L2, L3, L1, ECU4, ECU2, ECU1, ECU3]"
"K2,2",80,215,1505,"[S, D0, O, D1, D2, O, S, S, O, S, S, D3]","[L2, L3, L1, L4, ECU4, ECU3, ECU2, ECU1]"
"K2,2",154,448,45,"[S, S, D0, S, S, D1, S, D2, O, S, S, D3]","[L4, L1, L2, L3, ECU3, ECU4, ECU1, ECU2]"
"K2,2",170,396,45,"[S, S, O, D0, D1, O, S, D2, O, S, D3, O]","[L3, L4, L1, L2, ECU3, ECU1, ECU2, ECU4]"
"K2,2",188,398,45,"[S, S, O, S, S, D0, D1, D2, O, D3, S, O]","[L3, L4, L1, L2, ECU3, ECU2, ECU1, ECU4]"
"K2,2",54,495,987,"[D0, S, O, S, D1, O, S, S, D2, D3, S, O]","[L4, L2, L1, L3, ECU3, ECU2, ECU4, ECU1]"
"K2,2",120,149,18419,"[S, S, D0, D1, D2, O, D3, S, O, S, S, O]","[L2, L1, L3, L4, ECU1, ECU4, ECU3, ECU2]"
"K2,2",172,73,45,"[S, S, O, D0, D1, O, S, S, D2, D3, S, O]","[L1, L3, L4, L2, ECU1, ECU2, ECU4, ECU3]"
"K2,2",101,227,1304,"[S, D0, O, S, D1, O, S, S, D2, S, S, D3]","[L2, L3, L4, L1, ECU2, ECU4, ECU3, ECU1]"
"K2,2",134,408,2029,"[S, S, D0, D1, S, O, S, S, D2, S, D3, O]","[L3, L4, L2, L1, ECU1, ECU2, ECU3, ECU4]"
"K2,2",61,209,4373,"[D0, S, O, S, S, D1, D2, S, O, S, S, D3]","[L2, L3, L1, L4, ECU3, ECU4, ECU2, ECU1]"
"K2,2",119,140,45,"[S, D0, O, S, S, O, S, S, D1, D2, D3, O]","[L1, L4, L3, L2, ECU4, ECU2, ECU1, ECU3]"
"K2,2",17,259,3484,"[D0, D1, O, S, S, D2, S, S, O, S, D3, O]","[L2, L4, L1, L3, ECU4, ECU1, ECU3, ECU2]"
"K2,2",123,31,2326,"[S, S, D0, D1, D2, O, S, S, O, D3, S, O]","[L1, L2, L4, L3, ECU2, ECU1, ECU4, ECU3]"
"K2,2",68,129,2284,"[D0, S, O, S, S, D1, S, S, O, D2, D3, O]","[L1, L4, L3, L2, ECU2, ECU3, ECU4, ECU1]"
"K2,2",153,86,1656,"[S, S, D0, S, S, D1, S, D2, O, S, D3, O]","[L1, L3, L4, L2, ECU3, ECU2, ECU1, ECU4]"
"K2,2",171,293,3349,"[S, S, O, D0, D1, O, S, D2, O, S, S, D3]","[L3, L1, L2, L4, ECU1, ECU4, ECU3, ECU2]"
"K2,2",125,314,2318,"[S, S, D0, D1, D2, O, S, S, O, S, S, D3]","[L3, L1, L4, L2, ECU1, ECU3, ECU2, ECU4]"
"K2,2",115,335,2519,"[S, D0, O, S, S, O, D1, D2, O, S, D3, O]","[L3, L1, L4, L2, ECU4, ECU3, ECU2, ECU1]"
"K2,2",149,371,1900,"[S, S, D0, S, S, D1, D2, S, O, D3, S, O]","[L3, L2, L4, L1, ECU2, ECU4, ECU3, ECU1]"
"K2,2",193,382,45,"[S, S, O, S, S, D0, S, S, D1, D2, D3, O]","[L3, L2, L4, L1, ECU4, ECU3, ECU1, ECU2]"
"K2,2",39,135,2091,"[D0, S, O, D1, S, O, D2, S, O, S, S, D3]","[L1, L4, L3, L2, ECU3, ECU2, ECU4, ECU1]"
"K2,2",122,155,4037,"[S, S, D0, D1, D2, O, S, S, D3, S, S, O]","[L2, L1, L3, L4, ECU2, ECU4, ECU3, ECU1]"
"K2,2",150,254,1304,"[S, S, D0, S, S, D1, D2, S, O, S, D3, O]","[L2, L4, L1, L3, ECU3, ECU2, ECU1, ECU4]"
"K2,2",110,460,2341,"[S, D0, O, S, S, D1, S, S, D2, D3, S, O]","[L4, L1, L3, L2, ECU1, ECU4, ECU2, ECU3]"
"K2,2",173,474,4877,"[S, S, O, D0, D1, O, S, S, D2, S, D3, O]","[L4, L1, L3, L2, ECU4, ECU1, ECU2, ECU3]"
"K2,2",96,108,718,"[S, D0, O, S, D1, O, S, D2, O, D3, S, O]","[L1, L4, L2, L3, ECU3, ECU1, ECU2, ECU4]"
"K2,2",174,404,6580,"[S, S, O, D0, D1, O, S, S, D2, S, S, D3]","[L3, L4, L1, L2, ECU4, ECU2, ECU1, ECU3]"
"K2,2",145,373,2047,"[S, S, D0, S, D1, O, S, S, D2, S, D3, O]","[L3, L2, L4, L1, ECU3, ECU1, ECU4, ECU2]"
"K2,2",53,523,1867,"[D0, S, O, S, D1, O, S, D2, O, S, S, D3]","[L4, L2, L3, L1, ECU4, ECU1, ECU3, ECU2]"
"K2,2",152,493,1708,"[S, S, D0, S, S, D1, S, D2, O, D3, S, O]","[L4, L2, L1, L3, ECU3, ECU1, ECU4, ECU2]"
"K2,2",128,77,2450,"[S, S, D0, D1, S, O, D2, S, O, S, D3, O]","[L1, L3, L4, L2, ECU1, ECU4, ECU3, ECU2]"
"K2,2",67,422,2665,"[D0, S, O, S, S, D1, S, S, D2, S, S, D3]","[L3, L4, L2, L1, ECU3, ECU2, ECU1, ECU4]"
"K2,2",122,417,8719,"[S, S, D0, D1, D2, O, S, S, D3, S, S, O]","[L3, L4, L2, L1, ECU2, ECU3, ECU4, ECU1]"
"K2,2",161,193,3158,"[S, S, D0, S, S, O, D1, D2, O, S, S, D3]","[L2, L3, L1, L4, ECU1, ECU2, ECU4, ECU3]"
"K2,2",104,165,653,"[S, D0, O, S, S, D1, D2, S, O, D3, S, O]","[L2, L1, L3, L4, ECU4, ECU2, ECU3, ECU1]"
"K2,2",118,262,45,"[S, D0, O, S, S, O, S, D1, O, D2, D3, O]","[L2, L4, L1, L3, ECU4, ECU3, ECU1, ECU2]"
"K2,2",61,247,1261,"[D0, S, O, S, S, D1, D2, S, O, S, S, D3]","[L2, L4, L1, L3, ECU2, ECU1, ECU4, ECU3]"
"K2,2",103,190,45,"[S, D0, O, S, S, D1, D2, D3, O, S, S, O]","[L2, L1, L4, L3, ECU4, ECU3, ECU1, ECU2]"
"K2,2",165,60,45,"[S, S, O, D0, D1, O, D2, D3, O, S, S, O]","[L1, L3, L2, L4, ECU3, ECU1, ECU2, ECU4]"
"K2,2",44,205,756,"[D0, S, O, D1, S, O, S, S, D2, S, D3, O]","[L2, L3, L1, L4, ECU3, ECU1, ECU4, ECU2]"
"K2,2",110,236,2174,"[S, D0, O, S, S, D1, S, S, D2, D3, S, O]","[L2, L3, L4, L1, ECU4, ECU2, ECU1, ECU3]"
"K2,2",49,17,1314,"[D0, S, O, S, D1, O, D2, S, O, S, D3, O]","[L1, L2, L3, L4, ECU3, ECU4, ECU2, ECU1]"
"K2,2",21,336,45,"[D0, D1, O, S, S, O, D2, S, O, S, D3, O]","[L3, L2, L1, L4, ECU1, ECU2, ECU3, ECU4]"
"K2,2",157,417,5038,"[S, S, D0, S, S, D1, S, S, D2, S, S, D3]","[L3, L4, L2, L1, ECU2, ECU3, ECU4, ECU1]"
"K2,2",48,293,1044,"[D0, S, O, S, D1, O, D2, S, O, D3, S, O]","[L3, L1, L2, L4, ECU1, ECU4, ECU3, ECU2]"
"K2,2",31,137,3693,"[D0, S, O, D1, D2, O, S, D3, O, S, S, O]","[L1, L4, L3, L2, ECU3, ECU4, ECU2, ECU1]"
"K2,2",174,443,7127,"[S, S, O, D0, D1, O, S, S, D2, S, S, D3]","[L4, L1, L2, L3, ECU2, ECU4, ECU3, ECU1]"
"K2,2",186,385,3359,"[S, S, O, S, D0, O, S, D1, O, D2, D3, O]","[L3, L4, L1, L2, ECU1, ECU2, ECU4, ECU3]"
"K2,2",25,548,5862,"[D0, D1, O, S, S, O, S, D2, O, S, S, D3]","[L4, L3, L1, L2, ECU4, ECU2, ECU1, ECU3]"
"K2,2",127,142,1240,"[S, S, D0, D1, S, O, D2, S, O, D3, S, O]","[L1, L4, L3, L2, ECU4, ECU3, ECU1, ECU2]"
"K2,2",71,4,4694,"[D0, S, O, S, S, O, D1, D2, O, S, S, D3]","[L1, L2, L3, L4, ECU1, ECU4, ECU2, ECU3]"
"K2,2",132,250,1814,"[S, S, D0, D1, S, O, S, D2, O, S, S, D3]","[L2, L4, L1, L3, ECU2, ECU4, ECU1, ECU3]"
"K2,2",36,244,2643,"[D0, S, O, D1, S, O, D2, D3, O, S, S, O]","[L2, L4, L1, L3, ECU1, ECU4, ECU2, ECU3]"
"K2,2",41,17,1316,"[D0, S, O, D1, S, O, S, D2, O, S, D3, O]","[L1, L2, L3, L4, ECU3, ECU4, ECU2, ECU1]"
"K2,2",25,143,1014,"[D0, D1, O, S, S, O, S, D2, O, S, S, D3]","[L1, L4, L3, L2, ECU4, ECU3, ECU2, ECU1]"
"K2,2",72,203,45,"[D0, S, O, S, S, O, D1, S, O, D2, D3, O]","[L2, L3, L1, L4, ECU2, ECU4, ECU3, ECU1]"
"K2,2",17,567,3424,"[D0, D1, O, S, S, D2, S, S, O, S, D3, O]","[L4, L3, L2, L1, ECU3, ECU2, ECU4, ECU1]"
"K2,2",111,414,1260,"[S, D0, O, S, S, D1, S, S, D2, S, D3, O]","[L3, L4, L2, L1, ECU2, ECU1, ECU3, ECU4]"
"K2,2",17,503,4552,"[D0, D1, O, S, S, D2, S, S, O, S, D3, O]","[L4, L2, L1, L3, ECU4, ECU3, ECU2, ECU1]"
"K2,2",32,287,1649,"[D0, S, O, D1, D2, O, S, S, D3, S, S, O]","[L2, L4, L3, L1, ECU4, ECU3, ECU2, ECU1]"
"K2,2",22,257,2037,"[D0, D1, O, S, S, O, D2, S, O, S, S, D3]","[L2, L4, L1, L3, ECU3, ECU4, ECU2, ECU1]"
"K2,2",177,355,45,"[S, S, O, D0, S, O, D1, D2, O, S, D3, O]","[L3, L2, L1, L4, ECU4, ECU1, ECU3, ECU2]"
"K2,2",193,214,45,"[S, S, O, S, S, D0, S, S, D1, D2, D3, O]","[L2, L3, L1, L4, ECU4, ECU3, ECU1, ECU2]"
"K2,2",163,372,3050,"[S, S, D0, S, S, O, S, D1, O, D2, D3, O]","[L3, L2, L4, L1, ECU3, ECU1, ECU2, ECU4]"
"K2,2",132,342,1619,"[S, S, D0, D1, S, O, S, D2, O, S, S, D3]","[L3, L2, L1, L4, ECU2, ECU1, ECU3, ECU4]"
"K2,2",188,311,2418,"[S, S, O, S, S, D0, D1, D2, O, D3, S, O]","[L3, L1, L2, L4, ECU4, ECU3, ECU2, ECU1]"
"K2,2",0,124,3127,"[D0, D1, O, D2, D3, O, S, S, O, S, S, O]","[L1, L4, L3, L2, ECU1, ECU4, ECU2, ECU3]"
"K2,2",31,565,647,"[D0, S, O, D1, D2, O, S, D3, O, S, S, O]","[L4, L3, L2, L1, ECU3, ECU1, ECU4, ECU2]"
"K2,2",173,281,1997,"[S, S, O, D0, D1, O, S, S, D2, S, D3, O]","[L2, L4, L3, L1, ECU3, ECU4, ECU2, ECU1]"
"K2,2",191,104,2104,"[S, S, O, S, S, D0, D1, S, O, D2, D3, O]","[L1, L4, L2, L3, ECU2, ECU3, ECU1, ECU4]"
"K2,2",45,99,2489,"[D0, S, O, D1, S, O, S, S, D2, S, S, D3]","[L1, L4, L2, L3, ECU1, ECU3, ECU4, ECU2]"
"K2,2",55,14,2087,"[D0, S, O, S, D1, O, S, S, D2, S, D3, O]","[L1, L2, L3, L4, ECU3, ECU2, ECU1, ECU4]"
"K2,2",181,17,45,"[S, S, O, D0, S, O, S, S, D1, D2, D3, O]","[L1, L2, L3, L4, ECU3, ECU4, ECU2, ECU1]"
"K2,2",28,572,5784,"[D0, D1, O, S, S, O, S, S, D2, S, S, D3]","[L4, L3, L2, L1, ECU4, ECU2, ECU1, ECU3]"
"K2,2",132,188,1066,"[S, S, D0, D1, S, O, S, D2, O, S, S, D3]","[L2, L1, L4, L3, ECU4, ECU2, ECU1, ECU3]"
"K2,2",39,479,1595,"[D0, S, O, D1, S, O, D2, S, O, S, S, D3]","[L4, L1, L3, L2, ECU4, ECU3, ECU2, ECU1]"
"K2,2",6,86,1831,"[D0, D1, O, D2, S, O, S, S, O, S, S, D3]","[L1, L3, L4, L2, ECU3, ECU2, ECU1, ECU4]"
"K2,2",22,300,45,"[D0, D1, O, S, S, O, D2, S, O, S, S, D3]","[L3, L1, L2, L4, ECU3, ECU1, ECU2, ECU4]"
"K2,2",170,223,45,"[S, S, O, D0, D1, O, S, D2, O, S, D3, O]","[L2, L3, L4, L1, ECU2, ECU1, ECU4, ECU3]"
"K2,2",191,224,2459,"[S, S, O, S, S, D0, D1, S, O, D2, D3, O]","[L2, L3, L4, L1, ECU2, ECU3, ECU1, ECU4]"
"K2,2",171,355,3779,"[S, S, O, D0, D1, O, S, D2, O, S, S, D3]","[L3, L2, L1, L4, ECU4, ECU1, ECU3, ECU2]"
"K2,2",188,402,45,"[S, S, O, S, S, D0, D1, D2, O, D3, S, O]","[L3, L4, L1, L2, ECU4, ECU1, ECU2, ECU3]"
"K2,2",122,282,45,"[S, S, D0, D1, D2, O, S, S, D3, S, S, O]","[L2, L4, L3, L1, ECU4, ECU1, ECU2, ECU3]"
"K2,2",29,321,3128,"[D0, D1, O, S, S, O, S, S, O, D2, D3, O]","[L3, L1, L4, L2, ECU2, ECU3, ECU4, ECU1]"
"K2,2",176,138,45,"[S, S, O, D0, S, O, D1, D2, O, D3, S, O]","[L1, L4, L3, L2, ECU4, ECU1, ECU2, ECU3]"
"K2,2",81,10,45,"[S, D0, O, D1, S, O, D2, D3, O, S, S, O]","[L1, L2, L3, L4, ECU2, ECU4, ECU1, ECU3]"
"K2,2",65,233,1066,"[D0, S, O, S, S, D1, S, S, D2, D3, S, O]","[L2, L3, L4, L1, ECU3, ECU4, ECU2, ECU1]"
"K2,2",137,407,45,"[S, S, D0, S, D1, O, D2, D3, O, S, S, O]","[L3, L4, L1, L2, ECU4, ECU3, ECU2, ECU1]"
"K2,2",3,71,6193,"[D0, D1, O, D2, S, O, S, S, D3, S, S, O]","[L1, L3, L2, L4, ECU4, ECU3, ECU2, ECU1]"
"K2,2",162,75,2443,"[S, S, D0, S, S, O, D1, S, O, D2, D3, O]","[L1, L3, L4, L2, ECU1, ECU3, ECU4, ECU2]"
"K2,2",108,252,1013,"[S, D0, O, S, S, D1, S, D2, O, S, D3, O]","[L2, L4, L1, L3, ECU3, ECU1, ECU2, ECU4]"
"K2,2",129,16,3323,"[S, S, D0, D1, S, O, D2, S, O, S, S, D3]","[L1, L2, L3, L4, ECU3, ECU4, ECU1, ECU2]"
"K2,2",6,205,45,"[D0, D1, O, D2, S, O, S, S, O, S, S, D3]","[L2, L3, L1, L4, ECU3, ECU1, ECU4, ECU2]"
"K2,2",186,126,1147,"[S, S, O, S, D0, O, S, D1, O, D2, D3, O]","[L1, L4, L3, L2, ECU2, ECU1, ECU3, ECU4]"
"K2,2",105,445,1241,"[S, D0, O, S, S, D1, D2, S, O, S, D3, O]","[L4, L1, L2, L3, ECU3, ECU1, ECU4, ECU2]"
"K2,2",173,142,1436,"[S, S, O, D0, D1, O, S, S, D2, S, D3, O]","[L1, L4, L3, L2, ECU4, ECU3, ECU1, ECU2]"
"K2,2",103,8,2761,"[S, D0, O, S, S, D1, D2, D3, O, S, S, O]","[L1, L2, L3, L4, ECU2, ECU3, ECU1, ECU4]"
"K2,2",185,238,45,"[S, S, O, S, D0, O, D1, S, O, D2, D3, O]","[L2, L3, L4, L1, ECU4, ECU3, ECU1, ECU2]"
"K2,2",144,341,1547,"[S, S, D0, S, D1, O, S, S, D2, D3, S, O]","[L3, L2, L1, L4, ECU1, ECU4, ECU3, ECU2]"
"K2,2",15,268,220,"[D0, D1, O, S, S, D2, S, S, D3, S, S, O]","[L2, L4, L3, L1, ECU1, ECU4, ECU2, ECU3]"
"K2,2",155,469,1796,"[S, S, D0, S, S, D1, S, S, D2, D3, S, O]","[L4, L1, L3, L2, ECU3, ECU1, ECU4, ECU2]"
"K2,2",19,475,2220,"[D0, D1, O, S, S, O, D2, D3, O, S, S, O]","[L4, L1, L3, L2, ECU4, ECU1, ECU3, ECU2]"
"K2,2",80,32,45,"[S, D0, O, D1, D2, O, S, S, O, S, S, D3]","[L1, L2, L4, L3, ECU2, ECU3, ECU1, ECU4]"
"K2,2",188,491,5396,"[S, S, O, S, S, D0, D1, D2, O, D3, S, O]","[L4, L2, L1, L3, ECU2, ECU4, ECU3, ECU1]"
"K2,2",166,7,45,"[S, S, O, D0, D1, O, D2, S, O, D3, S, O]","[L1, L2, L3, L4, ECU2, ECU1, ECU4, ECU3]"
"K2,2",0,397,45,"[D0, D1, O, D2, D3, O, S, S, O, S, S, O]","[L3, L4, L1, L2, ECU3, ECU1, ECU4, ECU2]"
"K2,2",60,37,909,"[D0, S, O, S, S, D1, D2, S, O, S, D3, O]","[L1, L2, L4, L3, ECU3, ECU1, ECU4, ECU2]"
"K2,2",13,35,2378,"[D0, D1, O, S, S, D2, D3, S, O, S, S, O]","[L1, L2, L4, L3, ECU2, ECU4, ECU3, ECU1]"
"K2,2",80,66,45,"[S, D0, O, D1, D2, O, S, S, O, S, S, D3]","[L1, L3, L2, L4, ECU4, ECU1, ECU2, ECU3]"
"K2,2",20,511,45,"[D0, D1, O, S, S, O, D2, S, O, D3, S, O]","[L4, L2, L3, L1, ECU2, ECU1, ECU4, ECU3]"
"K2,2",111,68,1326,"[S, D0, O, S, S, D1, S, S, D2, S, D3, O]","[L1, L3, L2, L4, ECU4, ECU2, ECU1, ECU3]"
"K2,2",169,189,3595,"[S, S, O, D0, D1, O, S, D2, O, D3, S, O]","[L2, L1, L4, L3, ECU4, ECU2, ECU3, ECU1]"
"K2,2",14,474,3486,"[D0, D1, O, S, S, D2, S, D3, O, S, S, O]","[L4, L1, L3, L2, ECU4, ECU1, ECU2, ECU3]"
"K2,2",64,127,1497,"[D0, S, O, S, S, D1, S, D2, O, S, S, D3]","[L1, L4, L3, L2, ECU2, ECU1, ECU4, ECU3]"
"K2,2",163,88,45,"[S, S, D0, S, S, O, S, D1, O, D2, D3, O]","[L1, L3, L4, L2, ECU3, ECU4, ECU1, ECU2]"
"K2,2",17,485,3058,"[D0, D1, O, S, S, D2, S, S, O, S, D3, O]","[L4, L2, L1, L3, ECU1, ECU4, ECU3, ECU2]"
"K2,2",117,226,45,"[S, D0, O, S, S, O, D1, S, O, D2, D3, O]","[L2, L3, L4, L1, ECU2, ECU4, ECU1, ECU3]"
"K2,2",4,471,1807,"[D0, D1, O, D2, S, O, S, S, O, D3, S, O]","[L4, L1, L3, L2, ECU3, ECU2, ECU4, ECU1]"
"K2,2",192,437,1296,"[S, S, O, S, S, D0, S, D1, O, D2, D3, O]","[L4, L1, L2, L3, ECU1, ECU4, ECU3, ECU2]"
"K2,2",16,193,45,"[D0, D1, O, S, S, D2, S, S, O, D3, S, O]","[L2, L3, L1, L4, ECU1, ECU2, ECU4, ECU3]"
"K2,2",159,475,45,"[S, S, D0, S, S, O, D1, D2, O, D3, S, O]","[L4, L1, L3, L2, ECU4, ECU1, ECU3, ECU2]"
"K2,2",164,263,45,"[S, S, D0, S, S, O, S, S, D1, D2, D3, O]","[L2, L4, L1, L3, ECU4, ECU3, ECU2, ECU1]"
"K2,2",135,459,2433,"[S, S, D0, D1, S, O, S, S, D2, S, S, D3]","[L4, L1, L3, L2, ECU1, ECU3, ECU4, ECU2]"
"K2,2",143,277,1625,"[S, S, D0, S, D1, O, S, D2, O, S, S, D3]","[L2, L4, L3, L1, ECU3, ECU1, ECU4, ECU2]"
"K2,2",137,62,3385,"[S, S, D0, S, D1, O, D2, D3, O, S, S, O]","[L1, L3, L2, L4, ECU3, ECU2, ECU1, ECU4]"
"K2,2",0,291,45,"[D0, D1, O, D2, D3, O, S, S, O, S, S, O]","[L3, L1, L2, L4, ECU1, ECU3, ECU4, ECU2]"
"K2,2",113,137,45,"[S, D0, O, S, S, D1, S, S, O, D2, D3, O]","[L1, L4, L3, L2, ECU3, ECU4, ECU2, ECU1]"
"K2,2",176,86,45,"[S, S, O, D0, S, O, D1, D2, O, D3, S, O]","[L1, L3, L4, L2, ECU3, ECU2, ECU1, ECU4]"
"K2,2",162,356,45,"[S, S, D0, S, S, O, D1, S, O, D2, D3, O]","[L3, L2, L1, L4, ECU4, ECU2, ECU1, ECU3]"
"K2,2",68,62,2163,"[D0, S, O, S, S, D1, S, S, O, D2, D3, O]","[L1, L3, L2, L4, ECU3, ECU2, ECU1, ECU4]"
"K2,2",188,242,2177,"[S, S, O, S, S, D0, D1, D2, O, D3, S, O]","[L2, L4, L1, L3, ECU1, ECU3, ECU2, ECU4]"
"K2,2",9,147,45,"[D0, D1, O, S, D2, O, S, S, D3, S, S, O]","[L2, L1, L3, L4, ECU1, ECU3, ECU4, ECU2]"
"K2,2",194,20,45,"[S, S, O, S, S, O, D0, D1, O, D2, D3, O]","[L1, L2, L3, L4, ECU4, ECU2, ECU1, ECU3]"
"K2,2",159,495,1924,"[S, S, D0, S, S, O, D1, D2, O, D3, S, O]","[L4, L2, L1, L3, ECU3, ECU2, ECU4, ECU1]"
"K2,2",155,17,45,"[S, S, D0, S, S, D1, S, S, D2, D3, S, O]","[L1, L2, L3, L4, ECU3, ECU4, ECU2, ECU1]"
"K2,2",123,304,1586,"[S, S, D0, D1, D2, O, S, S, O, D3, S, O]","[L3, L1, L2, L4, ECU3, ECU4, ECU1, ECU2]"
"K2,2",184,256,4840,"[S, S, O, S, D0, O, D1, D2, O, S, S, D3]","[L2, L4, L1, L3, ECU3, ECU4, ECU1, ECU2]"
"K2,2",191,437,1296,"[S, S, O, S, S, D0, D1, S, O, D2, D3, O]","[L4, L1, L2, L3, ECU1, ECU4, ECU3, ECU2]"
"K2,2",127,479,812,"[S, S, D0, D1, S, O, D2, S, O, D3, S, O]","[L4, L1, L3, L2, ECU4, ECU3, ECU2, ECU1]"
"K2,2",194,575,45,"[S, S, O, S, S, O, D0, D1, O, D2, D3, O]","[L4, L3, L2, L1, ECU4, ECU3, ECU2, ECU1]"
"K2,2",47,127,698,"[D0, S, O, S, D1, O, D2, D3, O, S, S, O]","[L1, L4, L3, L2, ECU2, ECU1, ECU4, ECU3]"
"K2,2",156,566,4949,"[S, S, D0, S, S, D1, S, S, D2, S, D3, O]","[L4, L3, L2, L1, ECU3, ECU2, ECU1, ECU4]"
"K2,2",86,193,830,"[S, D0, O, D1, S, O, S, D2, O, S, D3, O]","[L2, L3, L1, L4, ECU1, ECU2, ECU4, ECU3]"
"K2,2",133,319,1743,"[S, S, D0, D1, S, O, S, S, D2, D3, S, O]","[L3, L1, L4, L2, ECU2, ECU1, ECU4, ECU3]"
"K2,2",166,480,45,"[S, S, O, D0, D1, O, D2, S, O, D3, S, O]","[L4, L2, L1, L3, ECU1, ECU2, ECU3, ECU4]"
"K2,2",145,496,1676,"[S, S, D0, S, D1, O, S, S, D2, S, D3, O]","[L4, L2, L1, L3, ECU3, ECU4, ECU1, ECU2]"
"K2,2",50,311,2387,"[D0, S, O, S, D1, O, D2, S, O, S, S, D3]","[L3, L1, L2, L4, ECU4, ECU3, ECU2, ECU1]"
"K2,2",117,64,45,"[S, D0, O, S, S, O, D1, S, O, D2, D3, O]","[L1, L3, L2, L4, ECU3, ECU4, ECU1, ECU2]"
"K2,2",25,539,3373,"[D0, D1, O, S, S, O, S, D2, O, S, S, D3]","[L4, L3, L1, L2, ECU2, ECU4, ECU3, ECU1]"
"K2,2",11,435,45,"[D0, D1, O, S, D2, O, S, S, O, S, D3, O]","[L4, L1, L2, L3, ECU1, ECU3, ECU4, ECU2]"
"K2,2",25,164,4704,"[D0, D1, O, S, S, O, S, D2, O, S, S, D3]","[L2, L1, L3, L4, ECU4, ECU2, ECU1, ECU3]"
"K2,2",133,384,3199,"[S, S, D0, D1, S, O, S, S, D2, D3, S, O]","[L3, L4, L1, L2, ECU1, ECU2, ECU3, ECU4]"
"K2,2",101,558,1644,"[S, D0, O, S, D1, O, S, S, D2, S, S, D3]","[L4, L3, L2, L1, ECU2, ECU1, ECU3, ECU4]"
"K2,2",103,314,3031,"[S, D0, O, S, S, D1, D2, D3, O, S, S, O]","[L3, L1, L4, L2, ECU1, ECU3, ECU2, ECU4]"
"K2,2",121,164,45,"[S, S, D0, D1, D2, O, S, D3, O, S, S, O]","[L2, L1, L3, L4, ECU4, ECU2, ECU1, ECU3]"
"K2,2",72,229,3380,"[D0, S, O, S, S, O, D1, S, O, D2, D3, O]","[L2, L3, L4, L1, ECU3, ECU1, ECU4, ECU2]"
"K2,2",47,534,1134,"[D0, S, O, S, D1, O, D2, D3, O, S, S, O]","[L4, L3, L1, L2, ECU2, ECU1, ECU3, ECU4]"
"K2,2",81,268,2520,"[S, D0, O, D1, S, O, D2, D3, O, S, S, O]","[L2, L4, L3, L1, ECU1, ECU4, ECU2, ECU3]"
"K2,2",23,203,742,"[D0, D1, O, S, S, O, S, D2, O, D3, S, O]","[L2, L3, L1, L4, ECU2, ECU4, ECU3, ECU1]"
"K2,2",134,239,2435,"[S, S, D0, D1, S, O, S, S, D2, S, D3, O]","[L2, L3, L4, L1, ECU4, ECU3, ECU2, ECU1]"
"K2,2",150,420,2088,"[S, S, D0, S, S, D1, D2, S, O, S, D3, O]","[L3, L4, L2, L1, ECU3, ECU1, ECU2, ECU4]"
"K2,2",103,466,45,"[S, D0, O, S, S, D1, D2, D3, O, S, S, O]","[L4, L1, L3, L2, ECU2, ECU4, ECU1, ECU3]"
"K2,2",83,236,1335,"[S, D0, O, D1, S, O, D2, S, O, S, D3, O]","[L2, L3, L4, L1, ECU4, ECU2, ECU1, ECU3]"
"K2,2",164,137,45,"[S, S, D0, S, S, O, S, S, D1, D2, D3, O]","[L1, L4, L3, L2, ECU3, ECU4, ECU2, ECU1]"
"K2,2",138,225,2465,"[S, S, D0, S, D1, O, D2, S, O, D3, S, O]","[L2, L3, L4, L1, ECU2, ECU3, ECU4, ECU1]"
"K2,2",110,468,2527,"[S, D0, O, S, S, D1, S, S, D2, D3, S, O]","[L4, L1, L3, L2, ECU3, ECU1, ECU2, ECU4]"
"K2,2",171,233,4350,"[S, S, O, D0, D1, O, S, D2, O, S, S, D3]","[L2, L3, L4, L1, ECU3, ECU4, ECU2, ECU1]"
"K2,2",167,515,1864,"[S, S, O, D0, D1, O, D2, S, O, S, D3, O]","[L4, L2, L3, L1, ECU2, ECU4, ECU3, ECU1]"
"K2,2",67,400,6675,"[D0, S, O, S, S, D1, S, S, D2, S, S, D3]","[L3, L4, L1, L2, ECU3, ECU4, ECU1, ECU2]"
"K2,2",194,103,45,"[S, S, O, S, S, O, D0, D1, O, D2, D3, O]","[L1, L4, L2, L3, ECU2, ECU1, ECU4, ECU3]"
"K2,2",56,429,1394,"[D0, S, O, S, D1, O, S, S, D2, S, S, D3]","[L3, L4, L2, L1, ECU4, ECU2, ECU3, ECU1]"
"K2,2",14,209,1831,"[D0, D1, O, S, S, D2, S, D3, O, S, S, O]","[L2, L3, L1, L4, ECU3, ECU4, ECU2, ECU1]"
"K2,2",50,333,2408,"[D0, S, O, S, D1, O, D2, S, O, S, S, D3]","[L3, L1, L4, L2, ECU4, ECU2, ECU3, ECU1]"
"K2,2",93,433,1335,"[S, D0, O, S, D1, O, D2, S, O, D3, S, O]","[L4, L1, L2, L3, ECU1, ECU2, ECU4, ECU3]"
"K2,2",11,243,45,"[D0, D1, O, S, D2, O, S, S, O, S, D3, O]","[L2, L4, L1, L3, ECU1, ECU3, ECU4, ECU2]"
"K2,2",1,203,1864,"[D0, D1, O, D2, S, O, D3, S, O, S, S, O]","[L2, L3, L1, L4, ECU2, ECU4, ECU3, ECU1]"
"K2,2",110,30,1183,"[S, D0, O, S, S, D1, S, S, D2, D3, S, O]","[L1, L2, L4, L3, ECU2, ECU1, ECU3, ECU4]"
"K2,2",103,179,45,"[S, D0, O, S, S, D1, D2, D3, O, S, S, O]","[L2, L1, L4, L3, ECU2, ECU4, ECU3, ECU1]"
"K2,2",126,406,45,"[S, S, D0, D1, S, O, D2, D3, O, S, S, O]","[L3, L4, L1, L2, ECU4, ECU3, ECU1, ECU2]"
"K2,2",190,484,4648,"[S, S, O, S, S, D0, D1, D2, O, S, S, D3]","[L4, L2, L1, L3, ECU1, ECU4, ECU2, ECU3]"
"K2,2",66,108,1235,"[D0, S, O, S, S, D1, S, S, D2, S, D3, O]","[L1, L4, L2, L3, ECU3, ECU1, ECU2, ECU4]"
"K2,2",122,283,45,"[S, S, D0, D1, D2, O, S, S, D3, S, S, O]","[L2, L4, L3, L1, ECU4, ECU1, ECU3, ECU2]"
"K2,2",108,322,1356,"[S, D0, O, S, S, D1, S, D2, O, S, D3, O]","[L3, L1, L4, L2, ECU2, ECU4, ECU1, ECU3]"
"K2,2",143,15,2191,"[S, S, D0, S, D1, O, S, D2, O, S, S, D3]","[L1, L2, L3, L4, ECU3, ECU2, ECU4, ECU1]"
"K2,2",122,168,1899,"[S, S, D0, D1, D2, O, S, S, D3, S, S, O]","[L2, L1, L4, L3, ECU1, ECU2, ECU3, ECU4]"
"K2,2",158,534,8531,"[S, S, D0, S, S, D1, S, S, O, D2, D3, O]","[L4, L3, L1, L2, ECU2, ECU1, ECU3, ECU4]"
"K2,2",118,160,45,"[S, D0, O, S, S, O, S, D1, O, D2, D3, O]","[L2, L1, L3, L4, ECU3, ECU4, ECU1, ECU2]"
"K2,2",115,337,3784,"[S, D0, O, S, S, O, D1, D2, O, S, D3, O]","[L3, L2, L1, L4, ECU1, ECU2, ECU4, ECU3]"
"K2,2",26,363,45,"[D0, D1, O, S, S, O, S, S, D2, D3, S, O]","[L3, L2, L4, L1, ECU1, ECU3, ECU4, ECU2]"
"K2,2",35,246,45,"[D0, S, O, D1, D2, O, S, S, O, S, S, D3]","[L2, L4, L1, L3, ECU2, ECU1, ECU3, ECU4]"
"K2,2",72,500,45,"[D0, S, O, S, S, O, D1, S, O, D2, D3, O]","[L4, L2, L1, L3, ECU4, ECU2, ECU1, ECU3]"
"K2,2",175,21,45,"[S, S, O, D0, D1, O, S, S, O, D2, D3, O]","[L1, L2, L3, L4, ECU4, ECU2, ECU3, ECU1]"
"K2,2",168,352,3483,"[S, S, O, D0, D1, O, D2, S, O, S, S, D3]","[L3, L2, L1, L4, ECU3, ECU4, ECU1, ECU2]"
"K2,2",79,484,1134,"[S, D0, O, D1, D2, O, S, S, O, S, D3, O]","[L4, L2, L1, L3, ECU1, ECU4, ECU2, ECU3]"
"K2,2",191,180,2641,"[S, S, O, S, S, D0, D1, S, O, D2, D3, O]","[L2, L1, L4, L3, ECU3, ECU1, ECU2, ECU4]"
"K2,2",71,104,45,"[D0, S, O, S, S, O, D1, D2, O, S, S, D3]","[L1, L4, L2, L3, ECU2, ECU3, ECU1, ECU4]"
"K2,2",103,449,45,"[S, D0, O, S, S, D1, D2, D3, O, S, S, O]","[L4, L1, L2, L3, ECU3, ECU4, ECU2, ECU1]"
"K2,2",51,462,720,"[D0, S, O, S, D1, O, S, D2, O, D3, S, O]","[L4, L1, L3, L2, ECU2, ECU1, ECU3, ECU4]"
"K2,2",120,547,45,"[S, S, D0, D1, D2, O, D3, S, O, S, S, O]","[L4, L3, L1, L2, ECU4, ECU1, ECU3, ECU2]"
"K2,2",118,368,449,"[S, D0, O, S, S, O, S, D1, O, D2, D3, O]","[L3, L2, L4, L1, ECU2, ECU3, ECU1, ECU4]"
"K2,2",100,290,2308,"[S, D0, O, S, D1, O, S, S, D2, S, D3, O]","[L3, L1, L2, L4, ECU1, ECU3, ECU2, ECU4]"
"K2,2",190,468,45,"[S, S, O, S, S, D0, D1, D2, O, S, S, D3]","[L4, L1, L3, L2, ECU3, ECU1, ECU2, ECU4]"
"K2,2",23,68,761,"[D0, D1, O, S, S, O, S, D2, O, D3, S, O]","[L1, L3, L2, L4, ECU4, ECU2, ECU1, ECU3]"
"K2,2",159,101,3937,"[S, S, D0, S, S, O, D1, D2, O, D3, S, O]","[L1, L4, L2, L3, ECU1, ECU4, ECU3, ECU2]"
"K2,2",143,233,1420,"[S, S, D0, S, D1, O, S, D2, O, S, S, D3]","[L2, L3, L4, L1, ECU3, ECU4, ECU2, ECU1]"
"K2,2",189,496,3211,"[S, S, O, S, S, D0, D1, D2, O, S, D3, O]","[L4, L2, L1, L3, ECU3, ECU4, ECU1, ECU2]"
"K2,2",22,421,45,"[D0, D1, O, S, S, O, D2, S, O, S, S, D3]","[L3, L4, L2, L1, ECU3, ECU1, ECU4, ECU2]"
"K2,2",86,260,720,"[S, D0, O, D1, S, O, S, D2, O, S, D3, O]","[L2, L4, L1, L3, ECU4, ECU2, ECU1, ECU3]"
"K2,2",77,109,2986,"[S, D0, O, D1, D2, O, S, S, D3, S, S, O]","[L1, L4, L2, L3, ECU3, ECU1, ECU4, ECU2]"
"K2,2",140,11,1397,"[S, S, D0, S, D1, O, D2, S, O, S, S, D3]","[L1, L2, L3, L4, ECU2, ECU4, ECU3, ECU1]"
"K2,2",47,137,45,"[D0, S, O, S, D1, O, D2, D3, O, S, S, O]","[L1, L4, L3, L2, ECU3, ECU4, ECU2, ECU1]"
"K2,2",115,486,45,"[S, D0, O, S, S, O, D1, D2, O, S, D3, O]","[L4, L2, L1, L3, ECU2, ECU1, ECU3, ECU4]"
"K2,2",179,61,588,"[S, S, O, D0, S, O, D1, S, O, D2, D3, O]","[L1, L3, L2, L4, ECU3, ECU1, ECU4, ECU2]"
"K2,2",43,467,866,"[D0, S, O, D1, S, O, S, S, D2, D3, S, O]","[L4, L1, L3, L2, ECU2, ECU4, ECU3, ECU1]"
"K2,2",193,319,8778,"[S, S, O, S, S, D0, S, S, D1, D2, D3, O]","[L3, L1, L4, L2, ECU2, ECU1, ECU4, ECU3]"
"K2,2",142,48,876,"[S, S, D0, S, D1, O, S, D2, O, S, D3, O]","[L1, L3, L2, L4, ECU1, ECU2, ECU3, ECU4]"
"K2,2",74,181,4350,"[D0, S, O, S, S, O, S, S, D1, D2, D3, O]","[L2, L1, L4, L3, ECU3, ECU1, ECU4, ECU2]"
"K2,2",136,253,2882,"[S, S, D0, D1, S, O, S, S, O, D2, D3, O]","[L2, L4, L1, L3, ECU3, ECU1, ECU4, ECU2]"
"K2,2",158,453,45,"[S, S, D0, S, S, D1, S, S, O, D2, D3, O]","[L4, L1, L2, L3, ECU4, ECU2, ECU3, ECU1]"
"K2,2",79,279,2035,"[S, D0, O, D1, D2, O, S, S, O, S, D3, O]","[L2, L4, L3, L1, ECU3, ECU2, ECU4, ECU1]"
"K2,2",29,117,45,"[D0, D1, O, S, S, O, S, S, O, D2, D3, O]","[L1, L4, L2, L3, ECU4, ECU2, ECU3, ECU1]"
"K2,2",133,461,1261,"[S, S, D0, D1, S, O, S, S, D2, D3, S, O]","[L4, L1, L3, L2, ECU1, ECU4, ECU3, ECU2]"
"K2,2",187,485,3016,"[S, S, O, S, D0, O, S, S, D1, D2, D3, O]","[L4, L2, L1, L3, ECU1, ECU4, ECU3, ECU2]"
"K2,2",180,400,45,"[S, S, O, D0, S, O, S, D1, O, D2, D3, O]","[L3, L4, L1, L2, ECU3, ECU4, ECU1, ECU2]"
"K2,2",13,355,794,"[D0, D1, O, S, S, D2, D3, S, O, S, S, O]","[L3, L2, L1, L4, ECU4, ECU1, ECU3, ECU2]"
"K2,2",16,24,45,"[D0, D1, O, S, S, D2, S, S, O, D3, S, O]","[L1, L2, L4, L3, ECU1, ECU2, ECU3, ECU4]"
"K2,2",27,375,5116,"[D0, D1, O, S, S, O, S, S, D2, S, D3, O]","[L3, L2, L4, L1, ECU3, ECU2, ECU4, ECU1]"
"K2,2",158,208,45,"[S, S, D0, S, S, D1, S, S, O, D2, D3, O]","[L2, L3, L1, L4, ECU3, ECU4, ECU1, ECU2]"
"K2,2",114,470,45,"[S, D0, O, S, S, O, D1, D2, O, D3, S, O]","[L4, L1, L3, L2, ECU3, ECU2, ECU1, ECU4]"
"K2,2",166,84,45,"[S, S, O, D0, D1, O, D2, S, O, D3, S, O]","[L1, L3, L4, L2, ECU3, ECU1, ECU2, ECU4]"
"K2,2",9,520,2991,"[D0, D1, O, S, D2, O, S, S, D3, S, S, O]","[L4, L2, L3, L1, ECU3, ECU4, ECU1, ECU2]"
"K2,2",136,16,45,"[S, S, D0, D1, S, O, S, S, O, D2, D3, O]","[L1, L2, L3, L4, ECU3, ECU4, ECU1, ECU2]"
"K2,2",27,214,1319,"[D0, D1, O, S, S, O, S, S, D2, S, D3, O]","[L2, L3, L1, L4, ECU4, ECU3, ECU1, ECU2]"
"K2,2",133,195,3746,"[S, S, D0, D1, S, O, S, S, D2, D3, S, O]","[L2, L3, L1, L4, ECU1, ECU3, ECU4, ECU2]"
"K2,2",29,33,2809,"[D0, D1, O, S, S, O, S, S, O, D2, D3, O]","[L1, L2, L4, L3, ECU2, ECU3, ECU4, ECU1]"
"K2,2",175,61,45,"[S, S, O, D0, D1, O, S, S, O, D2, D3, O]","[L1, L3, L2, L4, ECU3, ECU1, ECU4, ECU2]"
"K2,2",34,406,45,"[D0, S, O, D1, D2, O, S, S, O, S, D3, O]","[L3, L4, L1, L2, ECU4, ECU3, ECU1, ECU2]"
"K2,2",135,562,5630,"[S, S, D0, D1, S, O, S, S, D2, S, S, D3]","[L4, L3, L2, L1, ECU2, ECU4, ECU1, ECU3]"
"K2,2",65,117,1258,"[D0, S, O, S, S, D1, S, S, D2, D3, S, O]","[L1, L4, L2, L3, ECU4, ECU2, ECU3, ECU1]"
"K2,2",193,242,3158,"[S, S, O, S, S, D0, S, S, D1, D2, D3, O]","[L2, L4, L1, L3, ECU1, ECU3, ECU2, ECU4]"
"K2,2",134,543,2269,"[S, S, D0, D1, S, O, S, S, D2, S, D3, O]","[L4, L3, L1, L2, ECU3, ECU2, ECU4, ECU1]"
"K2,2",111,332,2526,"[S, D0, O, S, S, D1, S, S, D2, S, D3, O]","[L3, L1, L4, L2, ECU4, ECU2, ECU1, ECU3]"
"K2,2",29,117,45,"[D0, D1, O, S, S, O, S, S, O, D2, D3, O]","[L1, L4, L2, L3, ECU4, ECU2, ECU3, ECU1]"
"K2,2",79,548,45,"[S, D0, O, D1, D2, O, S, S, O, S, D3, O]","[L4, L3, L1, L2, ECU4, ECU2, ECU1, ECU3]"
"K2,2",45,476,1380,"[D0, S, O, D1, S, O, S, S, D2, S, S, D3]","[L4, L1, L3, L2, ECU4, ECU2, ECU1, ECU3]"
"K2,2",189,10,3391,"[S, S, O, S, S, D0, D1, D2, O, S, D3, O]","[L1, L2, L3, L4, ECU2, ECU4, ECU1, ECU3]"
"K2,2",172,144,45,"[S, S, O, D0, D1, O, S, S, D2, D3, S, O]","[L2, L1, L3, L4, ECU1, ECU2, ECU3, ECU4]"
"K2,2",136,456,2482,"[S, S, D0, D1, S, O, S, S, O, D2, D3, O]","[L4, L1, L3, L2, ECU1, ECU2, ECU3, ECU4]"
"K2,2",76,426,45,"[S, D0, O, D1, D2, O, S, D3, O, S, S, O]","[L3, L4, L2, L1, ECU4, ECU1, ECU2, ECU3]"
"K2,2",14,491,3332,"[D0, D1, O, S, S, D2, S, D3, O, S, S, O]","[L4, L2, L1, L3, ECU2, ECU4, ECU3, ECU1]"
"K2,2",6,575,3370,"[D0, D1, O, D2, S, O, S, S, O, S, S, D3]","[L4, L3, L2, L1, ECU4, ECU3, ECU2, ECU1]"
"K2,2",154,333,6102,"[S, S, D0, S, S, D1, S, D2, O, S, S, D3]","[L3, L1, L4, L2, ECU4, ECU2, ECU3, ECU1]"
"K2,2",174,110,5315,"[S, S, O, D0, D1, O, S, S, D2, S, S, D3]","[L1, L4, L2, L3, ECU3, ECU2, ECU1, ECU4]"
"K2,2",184,130,4388,"[S, S, O, S, D0, O, D1, D2, O, S, S, D3]","[L1, L4, L3, L2, ECU2, ECU4, ECU1, ECU3]"
"K2,2",184,381,1772,"[S, S, O, S, D0, O, D1, D2, O, S, S, D3]","[L3, L2, L4, L1, ECU4, ECU2, ECU3, ECU1]"
"K2,2",143,472,1423,"[S, S, D0, S, D1, O, S, D2, O, S, S, D3]","[L4, L1, L3, L2, ECU3, ECU4, ECU1, ECU2]"
"K2,2",29,377,45,"[D0, D1, O, S, S, O, S, S, O, D2, D3, O]","[L3, L2, L4, L1, ECU3, ECU4, ECU2, ECU1]"
"K2,2",165,534,45,"[S, S, O, D0, D1, O, D2, D3, O, S, S, O]","[L4, L3, L1, L2, ECU2, ECU1, ECU3, ECU4]"
"K2,2",99,260,3534,"[S, D0, O, S, D1, O, S, S, D2, D3, S, O]","[L2, L4, L1, L3, ECU4, ECU2, ECU1, ECU3]"
"K2,2",45,15,1957,"[D0, S, O, D1, S, O, S, S, D2, S, S, D3]","[L1, L2, L3, L4, ECU3, ECU2, ECU4, ECU1]"
"K2,2",189,326,45,"[S, S, O, S, S, D0, D1, D2, O, S, D3, O]","[L3, L1, L4, L2, ECU3, ECU2, ECU1, ECU4]"
"K2,2",24,303,2102,"[D0, D1, O, S, S, O, S, D2, O, S, D3, O]","[L3, L1, L2, L4, ECU3, ECU2, ECU4, ECU1]"
"K2,2",58,81,2293,"[D0, S, O, S, S, D1, D2, D3, O, S, S, O]","[L1, L3, L4, L2, ECU2, ECU3, ECU4, ECU1]"
"K2,2",180,520,45,"[S, S, O, D0, S, O, S, D1, O, D2, D3, O]","[L4, L2, L3, L1, ECU3, ECU4, ECU1, ECU2]"
"K2,2",125,272,45,"[S, S, D0, D1, D2, O, S, S, O, S, S, D3]","[L2, L4, L3, L1, ECU2, ECU3, ECU1, ECU4]"
"K2,2",47,189,45,"[D0, S, O, S, D1, O, D2, D3, O, S, S, O]","[L2, L1, L4, L3, ECU4, ECU2, ECU3, ECU1]"
"K2,2",124,455,1959,"[S, S, D0, D1, D2, O, S, S, O, S, D3, O]","[L4, L1, L2, L3, ECU4, ECU3, ECU2, ECU1]"
"K2,2",152,331,6975,"[S, S, D0, S, S, D1, S, D2, O, D3, S, O]","[L3, L1, L4, L2, ECU4, ECU1, ECU3, ECU2]"
"K2,2",76,130,451,"[S, D0, O, D1, D2, O, S, D3, O, S, S, O]","[L1, L4, L3, L2, ECU2, ECU4, ECU1, ECU3]"
"K2,2",96,59,783,"[S, D0, O, S, D1, O, S, D2, O, D3, S, O]","[L1, L3, L2, L4, ECU2, ECU4, ECU3, ECU1]"
"K2,2",33,499,45,"[D0, S, O, D1, D2, O, S, S, O, D3, S, O]","[L4, L2, L1, L3, ECU4, ECU1, ECU3, ECU2]"
"K2,2",112,115,2147,"[S, D0, O, S, S, D1, S, S, D2, S, S, D3]","[L1, L4, L2, L3, ECU4, ECU1, ECU3, ECU2]"
"K2,2",58,128,1049,"[D0, S, O, S, S, D1, D2, D3, O, S, S, O]","[L1, L4, L3, L2, ECU2, ECU3, ECU1, ECU4]"
"K2,2",173,564,45,"[S, S, O, D0, D1, O, S, S, D2, S, D3, O]","[L4, L3, L2, L1, ECU3, ECU1, ECU2, ECU4]"
"K2,2",136,500,45,"[S, S, D0, D1, S, O, S, S, O, D2, D3, O]","[L4, L2, L1, L3, ECU4, ECU2, ECU1, ECU3]"
"K2,2",64,13,1777,"[D0, S, O, S, S, D1, S, D2, O, S, S, D3]","[L1, L2, L3, L4, ECU3, ECU1, ECU4, ECU2]"
"K2,2",184,443,13972,"[S, S, O, S, D0, O, D1, D2, O, S, S, D3]","[L4, L1, L2, L3, ECU2, ECU4, ECU3, ECU1]"
"K2,2",71,92,45,"[D0, S, O, S, S, O, D1, D2, O, S, S, D3]","[L1, L3, L4, L2, ECU4, ECU2, ECU1, ECU3]"
"K2,2",90,210,3475,"[S, D0, O, D1, S, O, S, S, D2, S, S, D3]","[L2, L3, L1, L4, ECU4, ECU1, ECU2, ECU3]"
"K2,2",149,530,1708,"[S, S, D0, S, S, D1, D2, S, O, D3, S, O]","[L4, L3, L1, L2, ECU1, ECU3, ECU2, ECU4]"
"K2,2",92,361,1864,"[S, D0, O, S, D1, O, D2, D3, O, S, S, O]","[L3, L2, L4, L1, ECU1, ECU2, ECU4, ECU3]"
"K2,2",15,102,45,"[D0, D1, O, S, S, D2, S, S, D3, S, S, O]","[L1, L4, L2, L3, ECU2, ECU1, ECU3, ECU4]"
"K2,2",172,547,2293,"[S, S, O, D0, D1, O, S, S, D2, D3, S, O]","[L4, L3, L1, L2, ECU4, ECU1, ECU3, ECU2]"
"K2,2",80,339,2043,"[S, D0, O, D1, D2, O, S, S, O, S, S, D3]","[L3, L2, L1, L4, ECU1, ECU3, ECU4, ECU2]"
"K2,2",182,355,45,"[S, S, O, S, D0, O, D1, D2, O, D3, S, O]","[L3, L2, L1, L4, ECU4, ECU1, ECU3, ECU2]"
"K2,2",116,207,4465,"[S, D0, O, S, S, O, D1, D2, O, S, S, D3]","[L2, L3, L1, L4, ECU3, ECU2, ECU4, ECU1]"
"K2,2",194,511,45,"[S, S, O, S, S, O, D0, D1, O, D2, D3, O]","[L4, L2, L3, L1, ECU2, ECU1, ECU4, ECU3]"
"K2,2",67,153,1844,"[D0, S, O, S, S, D1, S, S, D2, S, S, D3]","[L2, L1, L3, L4, ECU2, ECU3, ECU4, ECU1]"
"K2,2",80,212,45,"[S, D0, O, D1, D2, O, S, S, O, S, S, D3]","[L2, L3, L1, L4, ECU4, ECU2, ECU1, ECU3]"
"K2,2",5,148,493,"[D0, D1, O, D2, S, O, S, S, O, S, D3, O]","[L2, L1, L3, L4, ECU1, ECU4, ECU2, ECU3]"
"K2,2",182,500,45,"[S, S, O, S, D0, O, D1, D2, O, D3, S, O]","[L4, L2, L1, L3, ECU4, ECU2, ECU1, ECU3]"
"K2,2",10,133,45,"[D0, D1, O, S, D2, O, S, S, O, D3, S, O]","[L1, L4, L3, L2, ECU3, ECU1, ECU4, ECU2]"
"K2,2",115,430,45,"[S, D0, O, S, S, O, D1, D2, O, S, D3, O]","[L3, L4, L2, L1, ECU4, ECU3, ECU1, ECU2]"
"K2,2",183,394,451,"[S, S, O, S, D0, O, D1, D2, O, S, D3, O]","[L3, L4, L1, L2, ECU2, ECU4, ECU1, ECU3]"
"K2,2",140,228,1636,"[S, S, D0, S, D1, O, D2, S, O, S, S, D3]","[L2, L3, L4, L1, ECU3, ECU1, ECU2, ECU4]"
"K2,2",168,221,1651,"[S, S, O, D0, D1, O, D2, S, O, S, S, D3]","[L2, L3, L4, L1, ECU1, ECU4, ECU3, ECU2]"
"K2,2",45,125,1069,"[D0, S, O, D1, S, O, S, S, D2, S, S, D3]","[L1, L4, L3, L2, ECU1, ECU4, ECU3, ECU2]"
"K2,2",49,396,1314,"[D0, S, O, S, D1, O, D2, S, O, S, D3, O]","[L3, L4, L1, L2, ECU3, ECU1, ECU2, ECU4]"
"K2,2",19,373,45,"[D0, D1, O, S, S, O, D2, D3, O, S, S, O]","[L3, L2, L4, L1, ECU3, ECU1, ECU4, ECU2]"
"K2,2",39,531,734,"[D0, S, O, D1, S, O, D2, S, O, S, S, D3]","[L4, L3, L1, L2, ECU1, ECU3, ECU4, ECU2]"
"K2,2",168,43,2099,"[S, S, O, D0, D1, O, D2, S, O, S, S, D3]","[L1, L2, L4, L3, ECU4, ECU1, ECU3, ECU2]"
"K2,2",165,275,45,"[S, S, O, D0, D1, O, D2, D3, O, S, S, O]","[L2, L4, L3, L1, ECU2, ECU4, ECU3, ECU1]"
"K2,2",109,185,5360,"[S, D0, O, S, S, D1, S, D2, O, S, S, D3]","[L2, L1, L4, L3, ECU3, ECU4, ECU2, ECU1]"
"K2,2",102,481,1134,"[S, D0, O, S, D1, O, S, S, O, D2, D3, O]","[L4, L2, L1, L3, ECU1, ECU2, ECU4, ECU3]"
"K2,2",184,276,45,"[S, S, O, S, D0, O, D1, D2, O, S, S, D3]","[L2, L4, L3, L1, ECU3, ECU1, ECU2, ECU4]"
"K2,2",136,226,45,"[S, S, D0, D1, S, O, S, S, O, D2, D3, O]","[L2, L3, L4, L1, ECU2, ECU4, ECU1, ECU3]"
"K2,2",173,77,2780,"[S, S, O, D0, D1, O, S, S, D2, S, D3, O]","[L1, L3, L4, L2, ECU1, ECU4, ECU3, ECU2]"
"K2,2",27,480,45,"[D0, D1, O, S, S, O, S, S, D2, S, D3, O]","[L4, L2, L1, L3, ECU1, ECU2, ECU3, ECU4]"
"K2,2",19,159,3012,"[D0, D1, O, S, S, O, D2, D3, O, S, S, O]","[L2, L1, L3, L4, ECU3, ECU2, ECU4, ECU1]"
"K2,2",116,372,45,"[S, D0, O, S, S, O, D1, D2, O, S, S, D3]","[L3, L2, L4, L1, ECU3, ECU1, ECU2, ECU4]"
"K2,2",89,163,2705,"[S, D0, O, D1, S, O, S, S, D2, S, D3, O]","[L2, L1, L3, L4, ECU4, ECU1, ECU3, ECU2]"
"K2,2",6,34,1928,"[D0, D1, O, D2, S, O, S, S, O, S, S, D3]","[L1, L2, L4, L3, ECU2, ECU4, ECU1, ECU3]"
"K2,2",144,5,1962,"[S, S, D0, S, D1, O, S, S, D2, D3, S, O]","[L1, L2, L3, L4, ECU1, ECU4, ECU3, ECU2]"
"K2,2",138,259,1150,"[S, S, D0, S, D1, O, D2, S, O, D3, S, O]","[L2, L4, L1, L3, ECU4, ECU1, ECU3, ECU2]"
"K2,2",165,163,3154,"[S, S, O, D0, D1, O, D2, D3, O, S, S, O]","[L2, L1, L3, L4, ECU4, ECU1, ECU3, ECU2]"
"K2,2",14,464,1802,"[D0, D1, O, S, S, D2, S, D3, O, S, S, O]","[L4, L1, L3, L2, ECU2, ECU3, ECU1, ECU4]"
"K2,2",188,275,4552,"[S, S, O, S, S, D0, D1, D2, O, D3, S, O]","[L2, L4, L3, L1, ECU2, ECU4, ECU3, ECU1]"
"K2,2",0,13,45,"[D0, D1, O, D2, D3, O, S, S, O, S, S, O]","[L1, L2, L3, L4, ECU3, ECU1, ECU4, ECU2]"
"K2,2",67,465,2287,"[D0, S, O, S, S, D1, S, S, D2, S, S, D3]","[L4, L1, L3, L2, ECU2, ECU3, ECU4, ECU1]"
"K2,2",154,129,5627,"[S, S, D0, S, S, D1, S, D2, O, S, S, D3]","[L1, L4, L3, L2, ECU2, ECU3, ECU4, ECU1]"
"K2,2",102,161,45,"[S, D0, O, S, D1, O, S, S, O, D2, D3, O]","[L2, L1, L3, L4, ECU3, ECU4, ECU2, ECU1]"
"K2,2",146,353,5999,"[S, S, D0, S, D1, O, S, S, D2, S, S, D3]","[L3, L2, L1, L4, ECU3, ECU4, ECU2, ECU1]"
"K2,2",154,441,4949,"[S, S, D0, S, S, D1, S, D2, O, S, S, D3]","[L4, L1, L2, L3, ECU2, ECU3, ECU4, ECU1]"
"K2,2",29,170,45,"[D0, D1, O, S, S, O, S, S, O, D2, D3, O]","[L2, L1, L4, L3, ECU1, ECU3, ECU2, ECU4]"
"K2,2",137,382,45,"[S, S, D0, S, D1, O, D2, D3, O, S, S, O]","[L3, L2, L4, L1, ECU4, ECU3, ECU1, ECU2]"
"K2,2",145,274,1275,"[S, S, D0, S, D1, O, S, S, D2, S, D3, O]","[L2, L4, L3, L1, ECU2, ECU4, ECU1, ECU3]"
"K2,2",55,163,2705,"[D0, S, O, S, D1, O, S, S, D2, S, D3, O]","[L2, L1, L3, L4, ECU4, ECU1, ECU3, ECU2]"
"K2,2",189,131,4655,"[S, S, O, S, S, D0, D1, D2, O, S, D3, O]","[L1, L4, L3, L2, ECU2, ECU4, ECU3, ECU1]"
"K2,2",12,184,3324,"[D0, D1, O, S, D2, O, S, S, O, S, S, D3]","[L2, L1, L4, L3, ECU3, ECU4, ECU1, ECU2]"
"K2,2",186,117,45,"[S, S, O, S, D0, O, S, D1, O, D2, D3, O]","[L1, L4, L2, L3, ECU4, ECU2, ECU3, ECU1]"
"K2,2",180,123,1149,"[S, S, O, D0, S, O, S, D1, O, D2, D3, O]","[L1, L4, L3, L2, ECU1, ECU3, ECU4, ECU2]"
"K2,2",47,246,714,"[D0, S, O, S, D1, O, D2, D3, O, S, S, O]","[L2, L4, L1, L3, ECU2, ECU1, ECU3, ECU4]"
"K2,2",6,400,1998,"[D0, D1, O, D2, S, O, S, S, O, S, S, D3]","[L3, L4, L1, L2, ECU3, ECU4, ECU1, ECU2]"
"K2,2",30,564,45,"[D0, S, O, D1, D2, O, D3, S, O, S, S, O]","[L4, L3, L2, L1, ECU3, ECU1, ECU2, ECU4]"
"K2,2",170,237,1149,"[S, S, O, D0, D1, O, S, D2, O, S, D3, O]","[L2, L3, L4, L1, ECU4, ECU2, ECU3, ECU1]"
"K2,2",60,280,687,"[D0, S, O, S, S, D1, D2, S, O, S, D3, O]","[L2, L4, L3, L1, ECU3, ECU4, ECU1, ECU2]"
"K2,2",46,146,732,"[D0, S, O, D1, S, O, S, S, O, D2, D3, O]","[L2, L1, L3, L4, ECU1, ECU3, ECU2, ECU4]"
"K2,2",133,98,2083,"[S, S, D0, D1, S, O, S, S, D2, D3, S, O]","[L1, L4, L2, L3, ECU1, ECU3, ECU2, ECU4]"
"K2,2",6,434,45,"[D0, D1, O, D2, S, O, S, S, O, S, S, D3]","[L4, L1, L2, L3, ECU1, ECU3, ECU2, ECU4]"
"K2,2",103,262,45,"[S, D0, O, S, S, D1, D2, D3, O, S, S, O]","[L2, L4, L1, L3, ECU4, ECU3, ECU1, ECU2]"
"K2,2",180,11,45,"[S, S, O, D0, S, O, S, D1, O, D2, D3, O]","[L1, L2, L3, L4, ECU2, ECU4, ECU3, ECU1]"
"K2,2",2,409,45,"[D0, D1, O, D2, S, O, S, D3, O, S, S, O]","[L3, L4, L2, L1, ECU1, ECU2, ECU4, ECU3]"
"K2,2",168,135,1460,"[S, S, O, D0, D1, O, D2, S, O, S, S, D3]","[L1, L4, L3, L2, ECU3, ECU2, ECU4, ECU1]"
"K2,2",44,339,1240,"[D0, S, O, D1, S, O, S, S, D2, S, D3, O]","[L3, L2, L1, L4, ECU1, ECU3, ECU4, ECU2]"
"K2,2",187,177,2881,"[S, S, O, S, D0, O, S, S, D1, D2, D3, O]","[L2, L1, L4, L3, ECU2, ECU3, ECU4, ECU1]"
"K2,2",110,308,1324,"[S, D0, O, S, S, D1, S, S, D2, D3, S, O]","[L3, L1, L2, L4, ECU4, ECU2, ECU1, ECU3]"
"K2,2",123,200,45,"[S, S, D0, D1, D2, O, S, S, O, D3, S, O]","[L2, L3, L1, L4, ECU2, ECU3, ECU1, ECU4]"
"K2,2",132,272,1606,"[S, S, D0, D1, S, O, S, D2, O, S, S, D3]","[L2, L4, L3, L1, ECU2, ECU3, ECU1, ECU4]"
"K2,2",15,285,7919,"[D0, D1, O, S, S, D2, S, S, D3, S, S, O]","[L2, L4, L3, L1, ECU4, ECU2, ECU3, ECU1]"
"K2,2",143,402,2637,"[S, S, D0, S, D1, O, S, D2, O, S, S, D3]","[L3, L4, L1, L2, ECU4, ECU1, ECU2, ECU3]"
"K2,2",16,465,5390,"[D0, D1, O, S, S, D2, S, S, O, D3, S, O]","[L4, L1, L3, L2, ECU2, ECU3, ECU4, ECU1]"
"K2,2",190,68,45,"[S, S, O, S, S, D0, D1, D2, O, S, S, D3]","[L1, L3, L2, L4, ECU4, ECU2, ECU1, ECU3]"
"K2,2",64,505,1723,"[D0, S, O, S, S, D1, S, D2, O, S, S, D3]","[L4, L2, L3, L1, ECU1, ECU2, ECU4, ECU3]"
"K2,2",124,546,45,"[S, S, D0, D1, D2, O, S, S, O, S, D3, O]","[L4, L3, L1, L2, ECU4, ECU1, ECU2, ECU3]"
"K2,2",90,285,1753,"[S, D0, O, D1, S, O, S, S, D2, S, S, D3]","[L2, L4, L3, L1, ECU4, ECU2, ECU3, ECU1]"
"K2,2",158,219,3387,"[S, S, D0, S, S, D1, S, S, O, D2, D3, O]","[L2, L3, L4, L1, ECU1, ECU3, ECU4, ECU2]"
"K2,2",132,423,2085,"[S, S, D0, D1, S, O, S, D2, O, S, S, D3]","[L3, L4, L2, L1, ECU3, ECU2, ECU4, ECU1]"
"K2,2",153,303,2893,"[S, S, D0, S, S, D1, S, D2, O, S, D3, O]","[L3, L1, L2, L4, ECU3, ECU2, ECU4, ECU1]"
"K2,2",167,554,45,"[S, S, O, D0, D1, O, D2, S, O, S, D3, O]","[L4, L3, L2, L1, ECU1, ECU3, ECU2, ECU4]"
"K2,2",92,347,45,"[S, D0, O, S, D1, O, D2, D3, O, S, S, O]","[L3, L2, L1, L4, ECU2, ECU4, ECU3, ECU1]"
"K2,2",23,49,45,"[D0, D1, O, S, S, O, S, D2, O, D3, S, O]","[L1, L3, L2, L4, ECU1, ECU2, ECU4, ECU3]"
"K2,2",159,255,1931,"[S, S, D0, S, S, O, D1, D2, O, D3, S, O]","[L2, L4, L1, L3, ECU3, ECU2, ECU4, ECU1]"
"K2,2",126,233,45,"[S, S, D0, D1, S, O, D2, D3, O, S, S, O]","[L2, L3, L4, L1, ECU3, ECU4, ECU2, ECU1]"
"K2,2",116,81,2482,"[S, D0, O, S, S, O, D1, D2, O, S, S, D3]","[L1, L3, L4, L2, ECU2, ECU3, ECU4, ECU1]"
"K2,2",39,251,1936,"[D0, S, O, D1, S, O, D2, S, O, S, S, D3]","[L2, L4, L1, L3, ECU2, ECU4, ECU3, ECU1]"
"K2,2",143,559,1274,"[S, S, D0, S, D1, O, S, D2, O, S, S, D3]","[L4, L3, L2, L1, ECU2, ECU1, ECU4, ECU3]"
"K2,2",166,434,45,"[S, S, O, D0, D1, O, D2, S, O, D3, S, O]","[L4, L1, L2, L3, ECU1, ECU3, ECU2, ECU4]"
"K2,2",71,468,45,"[D0, S, O, S, S, O, D1, D2, O, S, S, D3]","[L4, L1, L3, L2, ECU3, ECU1, ECU2, ECU4]"
"K2,2",40,252,830,"[D0, S, O, D1, S, O, S, D2, O, D3, S, O]","[L2, L4, L1, L3, ECU3, ECU1, ECU2, ECU4]"
"K2,2",133,396,16140,"[S, S, D0, D1, S, O, S, S, D2, D3, S, O]","[L3, L4, L1, L2, ECU3, ECU1, ECU2, ECU4]"
"K2,2",191,200,1243,"[S, S, O, S, S, D0, D1, S, O, D2, D3, O]","[L2, L3, L1, L4, ECU2, ECU3, ECU1, ECU4]"
"K2,2",44,440,2529,"[D0, S, O, D1, S, O, S, S, D2, S, D3, O]","[L4, L1, L2, L3, ECU2, ECU3, ECU1, ECU4]"
"K2,2",6,242,45,"[D0, D1, O, D2, S, O, S, S, O, S, S, D3]","[L2, L4, L1, L3, ECU1, ECU3, ECU2, ECU4]"
"K2,2",106,314,1942,"[S, D0, O, S, S, D1, D2, S, O, S, S, D3]","[L3, L1, L4, L2, ECU1, ECU3, ECU2, ECU4]"
"K2,2",24,147,45,"[D0, D1, O, S, S, O, S, D2, O, S, D3, O]","[L2, L1, L3, L4, ECU1, ECU3, ECU4, ECU2]"
"K2,2",122,102,45,"[S, S, D0, D1, D2, O, S, S, D3, S, S, O]","[L1, L4, L2, L3, ECU2, ECU1, ECU3, ECU4]"
"K2,2",90,497,2082,"[S, D0, O, D1, S, O, S, S, D2, S, S, D3]","[L4, L2, L1, L3, ECU3, ECU4, ECU2, ECU1]"
"K2,2",144,48,1416,"[S, S, D0, S, D1, O, S, S, D2, D3, S, O]","[L1, L3, L2, L4, ECU1, ECU2, ECU3, ECU4]"
"K2,2",156,214,1316,"[S, S, D0, S, S, D1, S, S, D2, S, D3, O]","[L2, L3, L1, L4, ECU4, ECU3, ECU1, ECU2]"
"K2,2",12,156,45,"[D0, D1, O, S, D2, O, S, S, O, S, S, D3]","[L2, L1, L3, L4, ECU3, ECU1, ECU2, ECU4]"
"K2,2",68,391,4000,"[D0, S, O, S, S, D1, S, S, O, D2, D3, O]","[L3, L4, L1, L2, ECU2, ECU1, ECU4, ECU3]"
"K2,2",101,460,1647,"[S, D0, O, S, D1, O, S, S, D2, S, S, D3]","[L4, L1, L3, L2, ECU1, ECU4, ECU2, ECU3]"
"K2,2",68,106,45,"[D0, S, O, S, S, D1, S, S, O, D2, D3, O]","[L1, L4, L2, L3, ECU2, ECU4, ECU1, ECU3]"
"K2,2",126,484,1521,"[S, S, D0, D1, S, O, D2, D3, O, S, S, O]","[L4, L2, L1, L3, ECU1, ECU4, ECU2, ECU3]"
"K2,2",136,528,2482,"[S, S, D0, D1, S, O, S, S, O, D2, D3, O]","[L4, L3, L1, L2, ECU1, ECU2, ECU3, ECU4]"
"K2,2",92,257,45,"[S, D0, O, S, D1, O, D2, D3, O, S, S, O]","[L2, L4, L1, L3, ECU3, ECU4, ECU2, ECU1]"
"K2,2",18,338,45,"[D0, D1, O, S, S, D2, S, S, O, S, S, D3]","[L3, L2, L1, L4, ECU1, ECU3, ECU2, ECU4]"
"K2,2",154,279,6483,"[S, S, D0, S, S, D1, S, D2, O, S, S, D3]","[L2, L4, L3, L1, ECU3, ECU2, ECU4, ECU1]"
"K2,2",159,385,16576,"[S, S, D0, S, S, O, D1, D2, O, D3, S, O]","[L3, L4, L1, L2, ECU1, ECU2, ECU4, ECU3]"
"K2,2",148,143,45,"[S, S, D0, S, S, D1, D2, D3, O, S, S, O]","[L1, L4, L3, L2, ECU4, ECU3, ECU2, ECU1]"
"K2,2",13,572,4115,"[D0, D1, O, S, S, D2, D3, S, O, S, S, O]","[L4, L3, L2, L1, ECU4, ECU2, ECU1, ECU3]"
"K2,2",152,494,1042,"[S, S, D0, S, S, D1, S, D2, O, D3, S, O]","[L4, L2, L1, L3, ECU3, ECU2, ECU1, ECU4]"
"K2,2",20,122,45,"[D0, D1, O, S, S, O, D2, S, O, D3, S, O]","[L1, L4, L3, L2, ECU1, ECU3, ECU2, ECU4]"
"K2,2",25,392,3840,"[D0, D1, O, S, S, O, S, D2, O, S, S, D3]","[L3, L4, L1, L2, ECU2, ECU3, ECU1, ECU4]"
"K2,2",127,48,1049,"[S, S, D0, D1, S, O, D2, S, O, D3, S, O]","[L1, L3, L2, L4, ECU1, ECU2, ECU3, ECU4]"
"K2,2",66,270,1149,"[D0, S, O, S, S, D1, S, S, D2, S, D3, O]","[L2, L4, L3, L1, ECU2, ECU1, ECU3, ECU4]"
"K2,2",172,512,2207,"[S, S, O, D0, D1, O, S, S, D2, D3, S, O]","[L4, L2, L3, L1, ECU2, ECU3, ECU1, ECU4]"
"K2,2",8,419,1142,"[D0, D1, O, S, D2, O, S, D3, O, S, S, O]","[L3, L4, L2, L1, ECU2, ECU4, ECU3, ECU1]"
"K2,2",161,255,4346,"[S, S, D0, S, S, O, D1, D2, O, S, S, D3]","[L2, L4, L1, L3, ECU3, ECU2, ECU4, ECU1]"
"K2,2",30,440,45,"[D0, S, O, D1, D2, O, D3, S, O, S, S, O]","[L4, L1, L2, L3, ECU2, ECU3, ECU1, ECU4]"
"K2,2",137,145,14968,"[S, S, D0, S, D1, O, D2, D3, O, S, S, O]","[L2, L1, L3, L4, ECU1, ECU2, ECU4, ECU3]"
"K2,2",80,348,45,"[S, D0, O, D1, D2, O, S, S, O, S, S, D3]","[L3, L2, L1, L4, ECU3, ECU1, ECU2, ECU4]"
"K2,2",8,418,1134,"[D0, D1, O, S, D2, O, S, D3, O, S, S, O]","[L3, L4, L2, L1, ECU2, ECU4, ECU1, ECU3]"
"K2,2",144,456,2357,"[S, S, D0, S, D1, O, S, S, D2, D3, S, O]","[L4, L1, L3, L2, ECU1, ECU2, ECU3, ECU4]"
"K2,2",12,446,4189,"[D0, D1, O, S, D2, O, S, S, O, S, S, D3]","[L4, L1, L2, L3, ECU3, ECU2, ECU1, ECU4]"
"K2,2",88,418,2387,"[S, D0, O, D1, S, O, S, S, D2, D3, S, O]","[L3, L4, L2, L1, ECU2, ECU4, ECU1, ECU3]"
"K2,2",30,294,45,"[D0, S, O, D1, D2, O, D3, S, O, S, S, O]","[L3, L1, L2, L4, ECU2, ECU1, ECU3, ECU4]"
"K2,2",18,149,223,"[D0, D1, O, S, S, D2, S, S, O, S, S, D3]","[L2, L1, L3, L4, ECU1, ECU4, ECU3, ECU2]"
"K2,2",56,243,3140,"[D0, S, O, S, D1, O, S, S, D2, S, S, D3]","[L2, L4, L1, L3, ECU1, ECU3, ECU4, ECU2]"
"K2,2",31,33,5958,"[D0, S, O, D1, D2, O, S, D3, O, S, S, O]","[L1, L2, L4, L3, ECU2, ECU3, ECU4, ECU1]"
"K2,2",112,282,4892,"[S, D0, O, S, S, D1, S, S, D2, S, S, D3]","[L2, L4, L3, L1, ECU4, ECU1, ECU2, ECU3]"
"K2,2",111,542,1453,"[S, D0, O, S, S, D1, S, S, D2, S, D3, O]","[L4, L3, L1, L2, ECU3, ECU2, ECU1, ECU4]"
"K2,2",184,402,45,"[S, S, O, S, D0, O, D1, D2, O, S, S, D3]","[L3, L4, L1, L2, ECU4, ECU1, ECU2, ECU3]"
"K2,2",145,284,5551,"[S, S, D0, S, D1, O, S, S, D2, S, D3, O]","[L2, L4, L3, L1, ECU4, ECU2, ECU1, ECU3]"
"K2,2",92,277,732,"[S, D0, O, S, D1, O, D2, D3, O, S, S, O]","[L2, L4, L3, L1, ECU3, ECU1, ECU4, ECU2]"
"K2,2",122,276,45,"[S, S, D0, D1, D2, O, S, S, D3, S, S, O]","[L2, L4, L3, L1, ECU3, ECU1, ECU2, ECU4]"
"K2,2",181,424,45,"[S, S, O, D0, S, O, S, S, D1, D2, D3, O]","[L3, L4, L2, L1, ECU3, ECU4, ECU1, ECU2]"
"K2,2",95,513,892,"[S, D0, O, S, D1, O, D2, S, O, S, S, D3]","[L4, L2, L3, L1, ECU2, ECU3, ECU4, ECU1]"
"K2,2",147,294,1997,"[S, S, D0, S, D1, O, S, S, O, D2, D3, O]","[L3, L1, L2, L4, ECU2, ECU1, ECU3, ECU4]"
"K2,2",152,142,2318,"[S, S, D0, S, S, D1, S, D2, O, D3, S, O]","[L1, L4, L3, L2, ECU4, ECU3, ECU1, ECU2]"
"K2,2",132,170,2108,"[S, S, D0, D1, S, O, S, D2, O, S, S, D3]","[L2, L1, L4, L3, ECU1, ECU3, ECU2, ECU4]"
"K2,2",185,333,45,"[S, S, O, S, D0, O, D1, S, O, D2, D3, O]","[L3, L1, L4, L2, ECU4, ECU2, ECU3, ECU1]"
"K2,2",141,277,694,"[S, S, D0, S, D1, O, S, D2, O, D3, S, O]","[L2, L4, L3, L1, ECU3, ECU1, ECU4, ECU2]"
"K2,2",119,80,3686,"[S, D0, O, S, S, O, S, S, D1, D2, D3, O]","[L1, L3, L4, L2, ECU2, ECU3, ECU1, ECU4]"
"K2,2",6,78,45,"[D0, D1, O, D2, S, O, S, S, O, S, S, D3]","[L1, L3, L4, L2, ECU2, ECU1, ECU3, ECU4]"
"K2,2",16,151,45,"[D0, D1, O, S, S, D2, S, S, O, D3, S, O]","[L2, L1, L3, L4, ECU2, ECU1, ECU4, ECU3]"
"K2,2",18,375,2246,"[D0, D1, O, S, S, D2, S, S, O, S, S, D3]","[L3, L2, L4, L1, ECU3, ECU2, ECU4, ECU1]"
"K2,2",145,158,1796,"[S, S, D0, S, D1, O, S, S, D2, S, D3, O]","[L2, L1, L3, L4, ECU3, ECU2, ECU1, ECU4]"
"K2,2",156,60,1904,"[S, S, D0, S, S, D1, S, S, D2, S, D3, O]","[L1, L3, L2, L4, ECU3, ECU1, ECU2, ECU4]"
"K2,2",19,353,45,"[D0, D1, O, S, S, O, D2, D3, O, S, S, O]","[L3, L2, L1, L4, ECU3, ECU4, ECU2, ECU1]"
"K2,2",157,43,2253,"[S, S, D0, S, S, D1, S, S, D2, S, S, D3]","[L1, L2, L4, L3, ECU4, ECU1, ECU3, ECU2]"
"K2,2",163,287,45,"[S, S, D0, S, S, O, S, D1, O, D2, D3, O]","[L2, L4, L3, L1, ECU4, ECU3, ECU2, ECU1]"
"K2,2",12,81,1081,"[D0, D1, O, S, D2, O, S, S, O, S, S, D3]","[L1, L3, L4, L2, ECU2, ECU3, ECU4, ECU1]"
"K2,2",24,424,5942,"[D0, D1, O, S, S, O, S, D2, O, S, D3, O]","[L3, L4, L2, L1, ECU3, ECU4, ECU1, ECU2]"
"K2,2",34,543,705,"[D0, S, O, D1, D2, O, S, S, O, S, D3, O]","[L4, L3, L1, L2, ECU3, ECU2, ECU4, ECU1]"
"K2,2",185,552,1722,"[S, S, O, S, D0, O, D1, S, O, D2, D3, O]","[L4, L3, L2, L1, ECU1, ECU2, ECU3, ECU4]"
"K2,2",119,19,1503,"[S, D0, O, S, S, O, S, S, D1, D2, D3, O]","[L1, L2, L3, L4, ECU4, ECU1, ECU3, ECU2]"
"K2,2",172,366,45,"[S, S, O, D0, D1, O, S, S, D2, D3, S, O]","[L3, L2, L4, L1, ECU2, ECU1, ECU3, ECU4]"
"K2,2",27,156,45,"[D0, D1, O, S, S, O, S, S, D2, S, D3, O]","[L2, L1, L3, L4, ECU3, ECU1, ECU2, ECU4]"
"K2,2",47,70,45,"[D0, S, O, S, D1, O, D2, D3, O, S, S, O]","[L1, L3, L2, L4, ECU4, ECU3, ECU1, ECU2]"
"K2,2",159,446,45,"[S, S, D0, S, S, O, D1, D2, O, D3, S, O]","[L4, L1, L2, L3, ECU3, ECU2, ECU1, ECU4]"
"K2,2",92,146,5942,"[S, D0, O, S, D1, O, D2, D3, O, S, S, O]","[L2, L1, L3, L4, ECU1, ECU3, ECU2, ECU4]"
"K2,2",26,179,2043,"[D0, D1, O, S, S, O, S, S, D2, D3, S, O]","[L2, L1, L4, L3, ECU2, ECU4, ECU3, ECU1]"
"K2,2",190,429,1332,"[S, S, O, S, S, D0, D1, D2, O, S, S, D3]","[L3, L4, L2, L1, ECU4, ECU2, ECU3, ECU1]"
"K2,2",28,60,45,"[D0, D1, O, S, S, O, S, S, D2, S, S, D3]","[L1, L3, L2, L4, ECU3, ECU1, ECU2, ECU4]"
"K2,2",194,511,45,"[S, S, O, S, S, O, D0, D1, O, D2, D3, O]","[L4, L2, L3, L1, ECU2, ECU1, ECU4, ECU3]"
"K2,2",156,165,45,"[S, S, D0, S, S, D1, S, S, D2, S, D3, O]","[L2, L1, L3, L4, ECU4, ECU2, ECU3, ECU1]"
"K2,2",172,215,5529,"[S, S, O, D0, D1, O, S, S, D2, D3, S, O]","[L2, L3, L1, L4, ECU4, ECU3, ECU2, ECU1]"
"K2,2",13,526,2327,"[D0, D1, O, S, S, D2, D3, S, O, S, S, O]","[L4, L2, L3, L1, ECU4, ECU3, ECU1, ECU2]"
"K2,2",115,54,45,"[S, D0, O, S, S, O, D1, D2, O, S, D3, O]","[L1, L3, L2, L4, ECU2, ECU1, ECU3, ECU4]"
"K2,2",173,224,1150,"[S, S, O, D0, D1, O, S, S, D2, S, D3, O]","[L2, L3, L4, L1, ECU2, ECU3, ECU1, ECU4]"
"K2,2",158,557,1483,"[S, S, D0, S, S, D1, S, S, O, D2, D3, O]","[L4, L3, L2, L1, ECU1, ECU4, ECU3, ECU2]"
"K2,2",111,138,1329,"[S, D0, O, S, S, D1, S, S, D2, S, D3, O]","[L1, L4, L3, L2, ECU4, ECU1, ECU2, ECU3]"
"K2,2",139,40,2637,"[S, S, D0, S, D1, O, D2, S, O, S, D3, O]","[L1, L2, L4, L3, ECU3, ECU4, ECU1, ECU2]"
"K2,2",66,46,1495,"[D0, S, O, S, S, D1, S, S, D2, S, D3, O]","[L1, L2, L4, L3, ECU4, ECU3, ECU1, ECU2]"
"K2,2",102,339,1147,"[S, D0, O, S, D1, O, S, S, O, D2, D3, O]","[L3, L2, L1, L4, ECU1, ECU3, ECU4, ECU2]"
"K2,2",5,198,45,"[D0, D1, O, D2, S, O, S, S, O, S, D3, O]","[L2, L3, L1, L4, ECU2, ECU1, ECU3, ECU4]"
"K2,2",129,268,2085,"[S, S, D0, D1, S, O, D2, S, O, S, S, D3]","[L2, L4, L3, L1, ECU1, ECU4, ECU2, ECU3]"
"K2,2",147,234,3056,"[S, S, D0, S, D1, O, S, S, O, D2, D3, O]","[L2, L3, L4, L1, ECU4, ECU1, ECU2, ECU3]"
"K2,2",189,189,2059,"[S, S, O, S, S, D0, D1, D2, O, S, D3, O]","[L2, L1, L4, L3, ECU4, ECU2, ECU3, ECU1]"
"K2,2",168,193,45,"[S, S, O, D0, D1, O, D2, S, O, S, S, D3]","[L2, L3, L1, L4, ECU1, ECU2, ECU4, ECU3]"
"K2,2",116,305,1154,"[S, D0, O, S, S, O, D1, D2, O, S, S, D3]","[L3, L1, L2, L4, ECU3, ECU4, ECU2, ECU1]"
"K2,2",110,68,1332,"[S, D0, O, S, S, D1, S, S, D2, D3, S, O]","[L1, L3, L2, L4, ECU4, ECU2, ECU1, ECU3]"
"K2,2",173,356,3524,"[S, S, O, D0, D1, O, S, S, D2, S, D3, O]","[L3, L2, L1, L4, ECU4, ECU2, ECU1, ECU3]"
"K2,2",154,101,4509,"[S, S, D0, S, S, D1, S, D2, O, S, S, D3]","[L1, L4, L2, L3, ECU1, ECU4, ECU3, ECU2]"
"K2,2",89,159,1229,"[S, D0, O, D1, S, O, S, S, D2, S, D3, O]","[L2, L1, L3, L4, ECU3, ECU2, ECU4, ECU1]"
"K2,2",32,118,45,"[D0, S, O, D1, D2, O, S, S, D3, S, S, O]","[L1, L4, L2, L3, ECU4, ECU3, ECU1, ECU2]"
"K2,2",192,60,3254,"[S, S, O, S, S, D0, S, D1, O, D2, D3, O]","[L1, L3, L2, L4, ECU3, ECU1, ECU2, ECU4]"
"K2,2",68,263,45,"[D0, S, O, S, S, D1, S, S, O, D2, D3, O]","[L2, L4, L1, L3, ECU4, ECU3, ECU2, ECU1]"
"K2,2",142,119,2066,"[S, S, D0, S, D1, O, S, D2, O, S, D3, O]","[L1, L4, L2, L3, ECU4, ECU3, ECU2, ECU1]"
"K2,2",12,396,45,"[D0, D1, O, S, D2, O, S, S, O, S, S, D3]","[L3, L4, L1, L2, ECU3, ECU1, ECU2, ECU4]"
"K2,2",128,284,1209,"[S, S, D0, D1, S, O, D2, S, O, S, D3, O]","[L2, L4, L3, L1, ECU4, ECU2, ECU1, ECU3]"
"K2,2",26,289,45,"[D0, D1, O, S, S, O, S, S, D2, D3, S, O]","[L3, L1, L2, L4, ECU1, ECU2, ECU4, ECU3]"
"K2,2",147,176,2103,"[S, S, D0, S, D1, O, S, S, O, D2, D3, O]","[L2, L1, L4, L3, ECU2, ECU3, ECU1, ECU4]"
"K2,2",191,151,5580,"[S, S, O, S, S, D0, D1, S, O, D2, D3, O]","[L2, L1, L3, L4, ECU2, ECU1, ECU4, ECU3]"
"K2,2",109,341,2291,"[S, D0, O, S, S, D1, S, D2, O, S, S, D3]","[L3, L2, L1, L4, ECU1, ECU4, ECU3, ECU2]"
"K2,2",172,280,4126,"[S, S, O, D0, D1, O, S, S, D2, D3, S, O]","[L2, L4, L3, L1, ECU3, ECU4, ECU1, ECU2]"
"K2,2",172,33,2562,"[S, S, O, D0, D1, O, S, S, D2, D3, S, O]","[L1, L2, L4, L3, ECU2, ECU3, ECU4, ECU1]"
"K2,2",190,371,8204,"[S, S, O, S, S, D0, D1, D2, O, S, S, D3]","[L3, L2, L4, L1, ECU2, ECU4, ECU3, ECU1]"
"K2,2",77,307,45,"[S, D0, O, D1, D2, O, S, S, D3, S, S, O]","[L3, L1, L2, L4, ECU4, ECU1, ECU3, ECU2]"
"K2,2",135,516,45,"[S, S, D0, D1, S, O, S, S, D2, S, S, D3]","[L4, L2, L3, L1, ECU3, ECU1, ECU2, ECU4]"
"K2,2",64,430,1372,"[D0, S, O, S, S, D1, S, D2, O, S, S, D3]","[L3, L4, L2, L1, ECU4, ECU3, ECU1, ECU2]"
"K2,2",50,482,1229,"[D0, S, O, S, D1, O, D2, S, O, S, S, D3]","[L4, L2, L1, L3, ECU1, ECU3, ECU2, ECU4]"
"K2,2",192,78,3166,"[S, S, O, S, S, D0, S, D1, O, D2, D3, O]","[L1, L3, L4, L2, ECU2, ECU1, ECU3, ECU4]"
"K2,2",147,257,45,"[S, S, D0, S, D1, O, S, S, O, D2, D3, O]","[L2, L4, L1, L3, ECU3, ECU4, ECU2, ECU1]"
"K2,2",178,492,45,"[S, S, O, D0, S, O, D1, D2, O, S, S, D3]","[L4, L2, L1, L3, ECU3, ECU1, ECU2, ECU4]"
"K2,2",162,532,1092,"[S, S, D0, S, S, O, D1, S, O, D2, D3, O]","[L4, L3, L1, L2, ECU1, ECU4, ECU2, ECU3]"
"K2,2",13,493,45,"[D0, D1, O, S, S, D2, D3, S, O, S, S, O]","[L4, L2, L1, L3, ECU3, ECU1, ECU4, ECU2]"
"K2,2",193,194,9052,"[S, S, O, S, S, D0, S, S, D1, D2, D3, O]","[L2, L3, L1, L4, ECU1, ECU3, ECU2, ECU4]"
"K2,2",136,137,45,"[S, S, D0, D1, S, O, S, S, O, D2, D3, O]","[L1, L4, L3, L2, ECU3, ECU4, ECU2, ECU1]"
"K2,2",110,321,3075,"[S, D0, O, S, S, D1, S, S, D2, D3, S, O]","[L3, L1, L4, L2, ECU2, ECU3, ECU4, ECU1]"
"K2,2",135,363,2101,"[S, S, D0, D1, S, O, S, S, D2, S, S, D3]","[L3, L2, L4, L1, ECU1, ECU3, ECU4, ECU2]"
"K2,2",22,397,45,"[D0, D1, O, S, S, O, D2, S, O, S, S, D3]","[L3, L4, L1, L2, ECU3, ECU1, ECU4, ECU2]"
"K2,2",2,219,45,"[D0, D1, O, D2, S, O, S, D3, O, S, S, O]","[L2, L3, L4, L1, ECU1, ECU3, ECU4, ECU2]"
"K2,2",145,308,2114,"[S, S, D0, S, D1, O, S, S, D2, S, D3, O]","[L3, L1, L2, L4, ECU4, ECU2, ECU1, ECU3]"
"K2,2",140,140,1644,"[S, S, D0, S, D1, O, D2, S, O, S, S, D3]","[L1, L4, L3, L2, ECU4, ECU2, ECU1, ECU3]"
"K2,2",138,423,2705,"[S, S, D0, S, D1, O, D2, S, O, D3, S, O]","[L3, L4, L2, L1, ECU3, ECU2, ECU4, ECU1]"
"K2,2",144,232,1547,"[S, S, D0, S, D1, O, S, S, D2, D3, S, O]","[L2, L3, L4, L1, ECU3, ECU4, ECU1, ECU2]"
"K2,2",30,398,45,"[D0, S, O, D1, D2, O, D3, S, O, S, S, O]","[L3, L4, L1, L2, ECU3, ECU2, ECU1, ECU4]"
"K2,2",182,475,45,"[S, S, O, S, D0, O, D1, D2, O, D3, S, O]","[L4, L1, L3, L2, ECU4, ECU1, ECU3, ECU2]"
"K2,2",133,155,1643,"[S, S, D0, D1, S, O, S, S, D2, D3, S, O]","[L2, L1, L3, L4, ECU2, ECU4, ECU3, ECU1]"
"K2,2",3,73,45,"[D0, D1, O, D2, S, O, S, S, D3, S, S, O]","[L1, L3, L4, L2, ECU1, ECU2, ECU4, ECU3]"
"K2,2",106,371,4373,"[S, D0, O, S, S, D1, D2, S, O, S, S, D3]","[L3, L2, L4, L1, ECU2, ECU4, ECU3, ECU1]"
"K2,2",53,493,972,"[D0, S, O, S, D1, O, S, D2, O, S, S, D3]","[L4, L2, L1, L3, ECU3, ECU1, ECU4, ECU2]"
"K2,2",161,182,45,"[S, S, D0, S, S, O, D1, D2, O, S, S, D3]","[L2, L1, L4, L3, ECU3, ECU2, ECU1, ECU4]"
"K2,2",154,450,1470,"[S, S, D0, S, S, D1, S, D2, O, S, S, D3]","[L4, L1, L2, L3, ECU4, ECU1, ECU2, ECU3]"
"K2,2",77,446,45,"[S, D0, O, D1, D2, O, S, S, D3, S, S, O]","[L4, L1, L2, L3, ECU3, ECU2, ECU1, ECU4]"
"K2,2",58,544,45,"[D0, S, O, S, S, D1, D2, D3, O, S, S, O]","[L4, L3, L1, L2, ECU3, ECU4, ECU1, ECU2]"
"K2,2",163,300,3998,"[S, S, D0, S, S, O, S, D1, O, D2, D3, O]","[L3, L1, L2, L4, ECU3, ECU1, ECU2, ECU4]"
