P3,0,149,147,"[D0, D1, D2, O, D3]","[L3, L1, ECU1, ECU4, ECU3, ECU2]"
P3,0,48,87,"[D0, D1, D2, O, D3]","[L1, L4, ECU1, ECU2, ECU3, ECU4]"
P3,0,165,87,"[D0, D1, D2, O, D3]","[L3, L1, ECU4, ECU2, ECU3, ECU1]"
P3,0,156,45,"[D0, D1, D2, O, D3]","[L3, L1, ECU3, ECU1, ECU2, ECU4]"
P3,0,249,107,"[D0, D1, D2, O, D3]","[L4, L2, ECU2, ECU3, ECU4, ECU1]"
P3,0,179,1652,"[D0, D1, D2, O, D3]","[L3, L2, ECU2, ECU4, ECU3, ECU1]"
P3,0,46,45,"[D0, D1, D2, O, D3]","[L1, L3, ECU4, ECU3, ECU1, ECU2]"
P3,0,145,147,"[D0, D1, D2, O, D3]","[L3, L1, ECU1, ECU2, ECU4, ECU3]"
P3,0,3,87,"[D0, D1, D2, O, D3]","[L1, L2, ECU1, ECU3, ECU4, ECU2]"
P3,0,198,45,"[D0, D1, D2, O, D3]","[L3, L4, ECU2, ECU1, ECU3, ECU4]"
P3,0,174,45,"[D0, D1, D2, O, D3]","[L3, L2, ECU2, ECU1, ECU3, ECU4]"
P3,0,180,45,"[D0, D1, D2, O, D3]","[L3, L2, ECU3, ECU1, ECU2, ECU4]"
P3,0,78,45,"[D0, D1, D2, O, D3]","[L2, L1, ECU2, ECU1, ECU3, ECU4]"
P3,0,8,45,"[D0, D1, D2, O, D3]","[L1, L2, ECU2, ECU3, ECU1, ECU4]"
P3,0,168,147,"[D0, D1, D2, O, D3]","[L3, L2, ECU1, ECU2, ECU3, ECU4]"
P3,0,134,45,"[D0, D1, D2, O, D3]","[L2, L4, ECU3, ECU2, ECU1, ECU4]"
P3,0,93,87,"[D0, D1, D2, O, D3]","[L2, L1, ECU4, ECU2, ECU3, ECU1]"
P3,0,71,187,"[D0, D1, D2, O, D3]","[L1, L4, ECU4, ECU3, ECU2, ECU1]"
P3,0,89,87,"[D0, D1, D2, O, D3]","[L2, L1, ECU3, ECU4, ECU2, ECU1]"
P3,0,215,187,"[D0, D1, D2, O, D3]","[L3, L4, ECU4, ECU3, ECU2, ECU1]"
P3,0,92,45,"[D0, D1, D2, O, D3]","[L2, L1, ECU4, ECU2, ECU1, ECU3]"
P3,0,186,45,"[D0, D1, D2, O, D3]","[L3, L2, ECU4, ECU1, ECU2, ECU3]"
P3,0,212,45,"[D0, D1, D2, O, D3]","[L3, L4, ECU4, ECU2, ECU1, ECU3]"
P3,0,17,107,"[D0, D1, D2, O, D3]","[L1, L2, ECU3, ECU4, ECU2, ECU1]"
P3,0,236,45,"[D0, D1, D2, O, D3]","[L4, L1, ECU4, ECU2, ECU1, ECU3]"
P3,0,187,45,"[D0, D1, D2, O, D3]","[L3, L2, ECU4, ECU1, ECU3, ECU2]"
P3,0,125,107,"[D0, D1, D2, O, D3]","[L2, L4, ECU1, ECU4, ECU3, ECU2]"
P3,0,44,45,"[D0, D1, D2, O, D3]","[L1, L3, ECU4, ECU2, ECU1, ECU3]"
P3,0,44,45,"[D0, D1, D2, O, D3]","[L1, L3, ECU4, ECU2, ECU1, ECU3]"
P3,0,51,87,"[D0, D1, D2, O, D3]","[L1, L4, ECU1, ECU3, ECU4, ECU2]"
P3,0,101,1652,"[D0, D1, D2, O, D3]","[L2, L3, ECU1, ECU4, ECU3, ECU2]"
P3,0,84,45,"[D0, D1, D2, O, D3]","[L2, L1, ECU3, ECU1, ECU2, ECU4]"
P3,0,25,87,"[D0, D1, D2, O, D3]","[L1, L3, ECU1, ECU2, ECU4, ECU3]"
P3,0,269,1682,"[D0, D1, D2, O, D3]","[L4, L3, ECU1, ECU4, ECU3, ECU2]"
P3,0,33,147,"[D0, D1, D2, O, D3]","[L1, L3, ECU2, ECU3, ECU4, ECU1]"
P3,0,172,147,"[D0, D1, D2, O, D3]","[L3, L2, ECU1, ECU4, ECU2, ECU3]"
P3,0,252,45,"[D0, D1, D2, O, D3]","[L4, L2, ECU3, ECU1, ECU2, ECU4]"
P3,0,3,87,"[D0, D1, D2, O, D3]","[L1, L2, ECU1, ECU3, ECU4, ECU2]"
P3,0,173,147,"[D0, D1, D2, O, D3]","[L3, L2, ECU1, ECU4, ECU3, ECU2]"
P3,0,89,87,"[D0, D1, D2, O, D3]","[L2, L1, ECU3, ECU4, ECU2, ECU1]"
P3,0,85,145,"[D0, D1, D2, O, D3]","[L2, L1, ECU3, ECU1, ECU4, ECU2]"
P3,0,94,45,"[D0, D1, D2, O, D3]","[L2, L1, ECU4, ECU3, ECU1, ECU2]"
P3,0,269,1682,"[D0, D1, D2, O, D3]","[L4, L3, ECU1, ECU4, ECU3, ECU2]"
P3,0,144,147,"[D0, D1, D2, O, D3]","[L3, L1, ECU1, ECU2, ECU3, ECU4]"
P3,0,96,107,"[D0, D1, D2, O, D3]","[L2, L3, ECU1, ECU2, ECU3, ECU4]"
P3,0,187,45,"[D0, D1, D2, O, D3]","[L3, L2, ECU4, ECU1, ECU3, ECU2]"
P3,0,192,147,"[D0, D1, D2, O, D3]","[L3, L4, ECU1, ECU2, ECU3, ECU4]"
P3,0,121,107,"[D0, D1, D2, O, D3]","[L2, L4, ECU1, ECU2, ECU4, ECU3]"
P3,0,185,1652,"[D0, D1, D2, O, D3]","[L3, L2, ECU3, ECU4, ECU2, ECU1]"
P3,0,205,496,"[D0, D1, D2, O, D3]","[L3, L4, ECU3, ECU1, ECU4, ECU2]"
P3,0,125,107,"[D0, D1, D2, O, D3]","[L2, L4, ECU1, ECU4, ECU3, ECU2]"
P3,0,93,87,"[D0, D1, D2, O, D3]","[L2, L1, ECU4, ECU2, ECU3, ECU1]"
P3,0,249,107,"[D0, D1, D2, O, D3]","[L4, L2, ECU2, ECU3, ECU4, ECU1]"
P3,0,171,147,"[D0, D1, D2, O, D3]","[L3, L2, ECU1, ECU3, ECU4, ECU2]"
P3,0,9,107,"[D0, D1, D2, O, D3]","[L1, L2, ECU2, ECU3, ECU4, ECU1]"
P3,0,135,187,"[D0, D1, D2, O, D3]","[L2, L4, ECU3, ECU2, ECU4, ECU1]"
P3,0,29,1642,"[D0, D1, D2, O, D3]","[L1, L3, ECU1, ECU4, ECU3, ECU2]"
P3,0,246,45,"[D0, D1, D2, O, D3]","[L4, L2, ECU2, ECU1, ECU3, ECU4]"
P3,0,92,45,"[D0, D1, D2, O, D3]","[L2, L1, ECU4, ECU2, ECU1, ECU3]"
P3,0,25,87,"[D0, D1, D2, O, D3]","[L1, L3, ECU1, ECU2, ECU4, ECU3]"
P3,0,186,45,"[D0, D1, D2, O, D3]","[L3, L2, ECU4, ECU1, ECU2, ECU3]"
P3,0,107,147,"[D0, D1, D2, O, D3]","[L2, L3, ECU2, ECU4, ECU3, ECU1]"
P3,0,27,87,"[D0, D1, D2, O, D3]","[L1, L3, ECU1, ECU3, ECU4, ECU2]"
P3,0,234,45,"[D0, D1, D2, O, D3]","[L4, L1, ECU4, ECU1, ECU2, ECU3]"
P3,0,28,1642,"[D0, D1, D2, O, D3]","[L1, L3, ECU1, ECU4, ECU2, ECU3]"
P3,0,274,503,"[D0, D1, D2, O, D3]","[L4, L3, ECU2, ECU4, ECU1, ECU3]"
P3,0,151,295,"[D0, D1, D2, O, D3]","[L3, L1, ECU2, ECU1, ECU4, ECU3]"
P3,0,12,45,"[D0, D1, D2, O, D3]","[L1, L2, ECU3, ECU1, ECU2, ECU4]"
P3,0,92,45,"[D0, D1, D2, O, D3]","[L2, L1, ECU4, ECU2, ECU1, ECU3]"
P3,0,137,187,"[D0, D1, D2, O, D3]","[L2, L4, ECU3, ECU4, ECU2, ECU1]"
P3,0,275,147,"[D0, D1, D2, O, D3]","[L4, L3, ECU2, ECU4, ECU3, ECU1]"
P3,0,196,147,"[D0, D1, D2, O, D3]","[L3, L4, ECU1, ECU4, ECU2, ECU3]"
P3,0,121,107,"[D0, D1, D2, O, D3]","[L2, L4, ECU1, ECU2, ECU4, ECU3]"
P3,0,68,45,"[D0, D1, D2, O, D3]","[L1, L4, ECU4, ECU2, ECU1, ECU3]"
P3,0,177,107,"[D0, D1, D2, O, D3]","[L3, L2, ECU2, ECU3, ECU4, ECU1]"
P3,0,196,147,"[D0, D1, D2, O, D3]","[L3, L4, ECU1, ECU4, ECU2, ECU3]"
P3,0,65,187,"[D0, D1, D2, O, D3]","[L1, L4, ECU3, ECU4, ECU2, ECU1]"
P3,0,5,87,"[D0, D1, D2, O, D3]","[L1, L2, ECU1, ECU4, ECU3, ECU2]"
P3,0,56,45,"[D0, D1, D2, O, D3]","[L1, L4, ECU2, ECU3, ECU1, ECU4]"
P3,0,159,87,"[D0, D1, D2, O, D3]","[L3, L1, ECU3, ECU2, ECU4, ECU1]"
P3,0,144,147,"[D0, D1, D2, O, D3]","[L3, L1, ECU1, ECU2, ECU3, ECU4]"
P3,0,35,147,"[D0, D1, D2, O, D3]","[L1, L3, ECU2, ECU4, ECU3, ECU1]"
P3,0,196,147,"[D0, D1, D2, O, D3]","[L3, L4, ECU1, ECU4, ECU2, ECU3]"
P3,0,47,147,"[D0, D1, D2, O, D3]","[L1, L3, ECU4, ECU3, ECU2, ECU1]"
P3,0,47,147,"[D0, D1, D2, O, D3]","[L1, L3, ECU4, ECU3, ECU2, ECU1]"
P3,0,214,45,"[D0, D1, D2, O, D3]","[L3, L4, ECU4, ECU3, ECU1, ECU2]"
P3,0,285,147,"[D0, D1, D2, O, D3]","[L4, L3, ECU4, ECU2, ECU3, ECU1]"
P3,0,68,45,"[D0, D1, D2, O, D3]","[L1, L4, ECU4, ECU2, ECU1, ECU3]"
P3,0,78,45,"[D0, D1, D2, O, D3]","[L2, L1, ECU2, ECU1, ECU3, ECU4]"
P3,0,248,45,"[D0, D1, D2, O, D3]","[L4, L2, ECU2, ECU3, ECU1, ECU4]"
P3,0,281,147,"[D0, D1, D2, O, D3]","[L4, L3, ECU3, ECU4, ECU2, ECU1]"
P3,0,131,187,"[D0, D1, D2, O, D3]","[L2, L4, ECU2, ECU4, ECU3, ECU1]"
P3,0,260,45,"[D0, D1, D2, O, D3]","[L4, L2, ECU4, ECU2, ECU1, ECU3]"
P3,0,83,87,"[D0, D1, D2, O, D3]","[L2, L1, ECU2, ECU4, ECU3, ECU1]"
P3,0,63,187,"[D0, D1, D2, O, D3]","[L1, L4, ECU3, ECU2, ECU4, ECU1]"
P3,0,118,45,"[D0, D1, D2, O, D3]","[L2, L3, ECU4, ECU3, ECU1, ECU2]"
P3,0,225,87,"[D0, D1, D2, O, D3]","[L4, L1, ECU2, ECU3, ECU4, ECU1]"
P3,0,78,45,"[D0, D1, D2, O, D3]","[L2, L1, ECU2, ECU1, ECU3, ECU4]"
P3,0,228,45,"[D0, D1, D2, O, D3]","[L4, L1, ECU3, ECU1, ECU2, ECU4]"
P3,0,68,45,"[D0, D1, D2, O, D3]","[L1, L4, ECU4, ECU2, ECU1, ECU3]"
P3,0,32,45,"[D0, D1, D2, O, D3]","[L1, L3, ECU2, ECU3, ECU1, ECU4]"
P3,0,203,1682,"[D0, D1, D2, O, D3]","[L3, L4, ECU2, ECU4, ECU3, ECU1]"
P3,0,248,45,"[D0, D1, D2, O, D3]","[L4, L2, ECU2, ECU3, ECU1, ECU4]"
P3,0,204,45,"[D0, D1, D2, O, D3]","[L3, L4, ECU3, ECU1, ECU2, ECU4]"
P3,0,240,187,"[D0, D1, D2, O, D3]","[L4, L2, ECU1, ECU2, ECU3, ECU4]"
P3,0,123,107,"[D0, D1, D2, O, D3]","[L2, L4, ECU1, ECU3, ECU4, ECU2]"
P3,0,243,187,"[D0, D1, D2, O, D3]","[L4, L2, ECU1, ECU3, ECU4, ECU2]"
P3,0,280,503,"[D0, D1, D2, O, D3]","[L4, L3, ECU3, ECU4, ECU1, ECU2]"
P3,0,176,45,"[D0, D1, D2, O, D3]","[L3, L2, ECU2, ECU3, ECU1, ECU4]"
P3,0,57,187,"[D0, D1, D2, O, D3]","[L1, L4, ECU2, ECU3, ECU4, ECU1]"
P3,0,179,1652,"[D0, D1, D2, O, D3]","[L3, L2, ECU2, ECU4, ECU3, ECU1]"
P3,0,169,147,"[D0, D1, D2, O, D3]","[L3, L2, ECU1, ECU2, ECU4, ECU3]"
P3,0,194,147,"[D0, D1, D2, O, D3]","[L3, L4, ECU1, ECU3, ECU2, ECU4]"
P3,0,186,45,"[D0, D1, D2, O, D3]","[L3, L2, ECU4, ECU1, ECU2, ECU3]"
P3,0,221,187,"[D0, D1, D2, O, D3]","[L4, L1, ECU1, ECU4, ECU3, ECU2]"
P3,0,284,45,"[D0, D1, D2, O, D3]","[L4, L3, ECU4, ECU2, ECU1, ECU3]"
P3,0,20,45,"[D0, D1, D2, O, D3]","[L1, L2, ECU4, ECU2, ECU1, ECU3]"
P3,0,19,45,"[D0, D1, D2, O, D3]","[L1, L2, ECU4, ECU1, ECU3, ECU2]"
P3,0,67,45,"[D0, D1, D2, O, D3]","[L1, L4, ECU4, ECU1, ECU3, ECU2]"
P3,0,22,45,"[D0, D1, D2, O, D3]","[L1, L2, ECU4, ECU3, ECU1, ECU2]"
P3,0,274,503,"[D0, D1, D2, O, D3]","[L4, L3, ECU2, ECU4, ECU1, ECU3]"
P3,0,219,187,"[D0, D1, D2, O, D3]","[L4, L1, ECU1, ECU3, ECU4, ECU2]"
P3,0,78,45,"[D0, D1, D2, O, D3]","[L2, L1, ECU2, ECU1, ECU3, ECU4]"
P3,0,115,45,"[D0, D1, D2, O, D3]","[L2, L3, ECU4, ECU1, ECU3, ECU2]"
P3,0,269,1682,"[D0, D1, D2, O, D3]","[L4, L3, ECU1, ECU4, ECU3, ECU2]"
P3,0,249,107,"[D0, D1, D2, O, D3]","[L4, L2, ECU2, ECU3, ECU4, ECU1]"
P3,0,222,45,"[D0, D1, D2, O, D3]","[L4, L1, ECU2, ECU1, ECU3, ECU4]"
P3,0,27,87,"[D0, D1, D2, O, D3]","[L1, L3, ECU1, ECU3, ECU4, ECU2]"
P3,0,185,1652,"[D0, D1, D2, O, D3]","[L3, L2, ECU3, ECU4, ECU2, ECU1]"
P3,0,86,45,"[D0, D1, D2, O, D3]","[L2, L1, ECU3, ECU2, ECU1, ECU4]"
P3,0,84,45,"[D0, D1, D2, O, D3]","[L2, L1, ECU3, ECU1, ECU2, ECU4]"
P3,0,177,107,"[D0, D1, D2, O, D3]","[L3, L2, ECU2, ECU3, ECU4, ECU1]"
P3,0,23,107,"[D0, D1, D2, O, D3]","[L1, L2, ECU4, ECU3, ECU2, ECU1]"
P3,0,191,107,"[D0, D1, D2, O, D3]","[L3, L2, ECU4, ECU3, ECU2, ECU1]"
P3,0,202,503,"[D0, D1, D2, O, D3]","[L3, L4, ECU2, ECU4, ECU1, ECU3]"
P3,0,52,87,"[D0, D1, D2, O, D3]","[L1, L4, ECU1, ECU4, ECU2, ECU3]"
P3,0,265,187,"[D0, D1, D2, O, D3]","[L4, L3, ECU1, ECU2, ECU4, ECU3]"
P3,0,69,187,"[D0, D1, D2, O, D3]","[L1, L4, ECU4, ECU2, ECU3, ECU1]"
P3,0,40,295,"[D0, D1, D2, O, D3]","[L1, L3, ECU3, ECU4, ECU1, ECU2]"
P3,0,173,147,"[D0, D1, D2, O, D3]","[L3, L2, ECU1, ECU4, ECU3, ECU2]"
P3,0,134,45,"[D0, D1, D2, O, D3]","[L2, L4, ECU3, ECU2, ECU1, ECU4]"
P3,0,260,45,"[D0, D1, D2, O, D3]","[L4, L2, ECU4, ECU2, ECU1, ECU3]"
P3,0,266,187,"[D0, D1, D2, O, D3]","[L4, L3, ECU1, ECU3, ECU2, ECU4]"
P3,0,159,87,"[D0, D1, D2, O, D3]","[L3, L1, ECU3, ECU2, ECU4, ECU1]"
P3,0,79,145,"[D0, D1, D2, O, D3]","[L2, L1, ECU2, ECU1, ECU4, ECU3]"
P3,0,158,45,"[D0, D1, D2, O, D3]","[L3, L1, ECU3, ECU2, ECU1, ECU4]"
P3,0,231,87,"[D0, D1, D2, O, D3]","[L4, L1, ECU3, ECU2, ECU4, ECU1]"
P3,0,284,45,"[D0, D1, D2, O, D3]","[L4, L3, ECU4, ECU2, ECU1, ECU3]"
